no_of_dependents,education,self_employed,income_annum,requested_loan_amount,loan_term,cibil_score,residential_assets_value,commercial_assets_value,luxury_assets_value,bank_asset_value,loan_status,loan_amount
0,Graduate,No,329697,1341694,12,548,631599,840459,555316,218987,Rejected,0
4,Not Graduate,No,636718,2566678,48,665,785641,840715,432024,556516,Rejected,0
3,Not Graduate,Yes,522304,280278,36,792,202178,248215,372366,418592,Approved,239923
2,Not Graduate,No,960368,4449958,36,547,1174477,197261,417415,454576,Rejected,0
2,Graduate,No,583577,3552247,6,538,1768554,399375,236920,155704,Rejected,0
5,Graduate,No,691332,897819,60,421,601074,472269,116016,409333,Rejected,0
0,Not Graduate,No,701823,3344294,36,599,3109625,2545049,79891,890834,Rejected,0
4,Not Graduate,No,876471,995767,24,574,1619942,1188808,497706,707752,Rejected,0
1,Graduate,No,672975,2277607,60,396,1822991,548505,328899,299340,Rejected,0
0,Graduate,No,501906,2610481,48,882,1109565,528723,441852,370604,Approved,2577845
3,Graduate,No,943472,4663291,48,816,2618883,952441,148300,143112,Approved,3441518
5,Graduate,No,1618914,1729297,48,474,3948697,162981,327334,251084,Rejected,0
4,Graduate,Yes,965891,162788,12,867,1104979,97657,320739,315275,Approved,127436
4,Graduate,No,643546,2219344,48,463,2654454,940572,889748,623189,Rejected,0
4,Graduate,No,841061,4640099,24,551,2676435,531561,618795,243964,Rejected,0
4,Not Graduate,No,291356,4011166,60,378,2052109,163909,159943,193693,Rejected,0
3,Graduate,No,833575,389457,24,667,5276462,84264,460656,679828,Approved,276802
0,Graduate,No,722126,361696,12,589,869878,1068910,159003,297568,Rejected,0
5,Graduate,No,538610,3808469,24,460,1093413,320950,32549,222339,Rejected,0
2,Graduate,Yes,595107,3632135,48,473,837567,702629,1300938,706380,Rejected,0
3,Graduate,Yes,718213,2830327,36,862,2583723,399579,218130,551484,Approved,2171494
2,Graduate,No,1553471,532323,48,712,1222748,485658,725837,345929,Rejected,0
1,Graduate,No,1640946,1472277,6,391,890167,302232,170996,312801,Rejected,0
5,Graduate,Yes,540193,4252755,18,381,5221715,468518,151039,521722,Rejected,0
4,Not Graduate,Yes,676852,783313,36,342,5827537,816576,188515,583241,Rejected,0
3,Graduate,Yes,686407,1089309,24,448,1172274,395535,371866,462989,Rejected,0
2,Not Graduate,No,1404792,2315733,36,743,537896,376798,348454,435246,Rejected,0
4,Not Graduate,No,974986,3701201,60,337,6068450,837998,457980,261603,Rejected,0
3,Not Graduate,No,947123,4158475,36,449,2135099,886837,196737,272809,Rejected,0
2,Graduate,Yes,1208747,3000209,24,324,2056503,190136,310488,354670,Rejected,0
2,Graduate,Yes,648309,2513205,36,690,1622902,487863,146509,204117,Rejected,0
1,Graduate,Yes,1905562,1989548,60,789,823021,320349,1045955,188073,Approved,1492716
0,Not Graduate,No,899137,314166,36,617,1100210,505864,98188,375648,Rejected,0
3,Graduate,Yes,562079,1410927,48,844,2493669,1691684,149173,799572,Approved,1195807
5,Not Graduate,No,793214,1152265,24,713,1072288,678395,209322,93731,Rejected,0
0,Graduate,No,1772162,381550,48,759,2075501,3147036,2285579,304131,Approved,329061
5,Not Graduate,No,712348,3750886,12,488,1515112,602606,575701,484069,Rejected,0
4,Graduate,No,1517245,1831563,48,819,678955,434032,145219,847320,Approved,1440629
1,Graduate,Yes,638074,2597016,60,679,5059730,491705,603439,1410068,Rejected,0
3,Graduate,Yes,590683,1082591,60,352,2341964,564445,465093,333946,Rejected,0
0,Graduate,No,1293586,2997052,12,349,1922163,657886,378594,1591180,Rejected,0
4,Graduate,No,556524,765971,48,839,2274434,215172,541977,550243,Approved,716683
4,Graduate,No,1414869,3420878,12,465,390939,410109,315180,707279,Rejected,0
2,Graduate,No,1092025,3718641,36,580,1036221,270121,346874,189749,Rejected,0
0,Graduate,No,556640,1626008,36,757,477109,1199652,80142,549410,Rejected,0
5,Graduate,No,865322,1141323,36,761,1647040,97299,1022920,751340,Approved,1018318
2,Not Graduate,No,665520,3922740,24,316,1915348,571335,205081,246884,Rejected,0
5,Graduate,Yes,1090435,1193474,36,670,1667740,137574,104809,64556,Rejected,0
4,Graduate,Yes,2541942,973275,36,848,3630633,721989,195411,443976,Approved,892246
4,Graduate,Yes,733999,1768359,36,510,487947,356217,202216,344127,Rejected,0
4,Graduate,No,1207095,4836177,36,626,823680,106733,151826,1024993,Rejected,0
1,Graduate,No,912180,2367000,48,459,2046695,1113768,581020,274416,Rejected,0
2,Graduate,Yes,911988,1387099,24,733,1828357,58890,686665,244193,Approved,1173856
2,Not Graduate,Yes,821829,2617192,12,370,559278,486823,56739,176174,Rejected,0
2,Graduate,No,561614,1807153,36,612,3679815,899753,193683,257342,Rejected,0
0,Not Graduate,No,1082168,3356277,48,548,4772555,1611354,205849,2587203,Rejected,0
3,Graduate,Yes,767844,2250342,24,685,2064020,127227,259163,131737,Rejected,0
0,Graduate,No,547167,2983758,12,596,483677,322463,1279407,157081,Rejected,0
4,Graduate,No,1572135,2237988,60,889,1690897,1256032,150241,385081,Approved,2059145
4,Graduate,No,950369,2460251,60,890,1936190,1330304,1132104,1593456,Approved,2431249
5,Graduate,No,793886,2291062,36,470,1223338,1485104,264940,672194,Rejected,0
4,Not Graduate,Yes,1880750,2030307,48,322,4120187,4411422,1141103,1185707,Rejected,0
2,Not Graduate,Yes,327848,4822558,60,596,1375079,324478,230320,305493,Rejected,0
5,Graduate,No,1812471,1402352,36,654,7270840,686175,208495,151168,Rejected,0
2,Graduate,Yes,554625,4046543,18,751,2698789,372644,294283,292076,Rejected,0
1,Graduate,No,1011043,3578719,36,615,1845085,93295,899821,366564,Rejected,0
5,Graduate,Yes,651293,2687025,60,652,2991532,463175,343213,403080,Rejected,0
2,Graduate,No,541717,1655756,36,313,4728599,91780,358399,344356,Rejected,0
0,Graduate,No,1853873,2470752,6,758,2943956,321149,515417,604849,Rejected,0
2,Not Graduate,No,2498170,4262949,60,498,1417066,143549,142027,243015,Rejected,0
4,Graduate,No,796893,991533,48,531,914411,726063,399402,209025,Rejected,0
1,Graduate,No,1082367,2972196,24,554,646543,257975,175890,172127,Rejected,0
2,Not Graduate,Yes,928657,3847769,60,343,240491,109638,1047706,461731,Rejected,0
0,Not Graduate,No,2331282,3206327,48,597,1709396,1043586,428223,430734,Rejected,0
4,Graduate,Yes,281508,806356,48,529,1121551,299292,540557,858735,Rejected,0
2,Graduate,No,1107447,2593072,60,440,1167505,346305,53003,1181285,Rejected,0
1,Not Graduate,No,603337,996737,6,447,3244977,217786,547031,171795,Rejected,0
1,Not Graduate,Yes,246316,4649925,48,320,1379072,1327859,257978,406641,Rejected,0
3,Graduate,Yes,738118,1823510,24,833,6213926,629263,88429,346442,Approved,1803490
4,Not Graduate,No,2486973,2165818,60,476,975935,296926,325224,136422,Rejected,0
5,Graduate,Yes,627390,4301750,60,825,724156,98266,82536,276372,Rejected,0
2,Not Graduate,No,1390357,2192145,48,802,584054,4224462,504293,1197626,Approved,1586164
0,Graduate,Yes,1740042,1050308,48,574,2579327,2689392,1015014,256871,Rejected,0
4,Graduate,No,893737,4475771,48,785,3557577,1704871,65484,228646,Rejected,0
3,Graduate,No,961645,3275169,24,427,960471,275039,292451,385688,Rejected,0
4,Graduate,No,350174,3064044,24,408,675352,326622,260766,757216,Rejected,0
0,Graduate,Yes,606985,470362,12,840,4726440,702871,55293,323174,Approved,348576
1,Graduate,No,1482150,2300829,48,688,505435,233886,653806,437399,Rejected,0
4,Graduate,No,930543,2350620,36,714,3199934,215642,510625,80822,Rejected,0
4,Graduate,No,1101505,1384540,36,855,977486,1727418,1679007,597105,Approved,1058919
2,Not Graduate,No,968387,2865834,18,308,2020382,477106,457385,466966,Rejected,0
4,Not Graduate,No,3004892,1300718,36,403,3364086,193006,142114,743033,Rejected,0
5,Graduate,No,710244,2407615,36,877,2143966,1123692,464503,108216,Approved,2139724
2,Graduate,No,2176276,4027028,60,377,1202044,306984,894145,323671,Rejected,0
5,Graduate,No,968571,3702850,60,569,4273948,92959,202076,785556,Rejected,0
1,Not Graduate,No,2285189,1469384,36,313,1863192,190570,619142,270862,Rejected,0
1,Graduate,Yes,458819,1116907,48,495,20000000,322334,40533,414553,Rejected,0
4,Graduate,No,996205,128114,18,403,417529,602793,1051097,300283,Rejected,0
3,Not Graduate,No,724779,1793208,12,453,412929,578585,592359,305478,Rejected,0
0,Not Graduate,No,971756,195357,36,789,3161860,1419717,34504,905474,Approved,190611
4,Graduate,No,1762876,728355,48,465,1464702,408761,415316,147686,Rejected,0
1,Not Graduate,No,1108475,4894173,12,789,2718070,336569,55437,386168,Approved,3825889
4,Graduate,No,1760944,4292768,18,837,658151,1440719,178459,477087,Approved,3147222
0,Not Graduate,No,622518,2843206,36,624,1562152,1148835,534227,771344,Rejected,0
4,Graduate,No,572399,3895261,12,623,2113728,417035,267244,367270,Rejected,0
4,Graduate,No,908007,2496221,24,500,997685,640874,872972,788144,Rejected,0
4,Graduate,No,881069,3046440,36,700,1784855,333814,316701,384992,Rejected,0
3,Graduate,Yes,812546,4597593,60,784,540274,186191,290601,434912,Rejected,0
2,Not Graduate,No,531205,485194,24,818,2016941,3236536,763187,423436,Approved,339935
4,Graduate,No,1740022,1823268,18,417,4435104,315451,225163,632803,Rejected,0
1,Not Graduate,No,737182,683270,6,712,592907,642490,293651,584453,Rejected,0
4,Not Graduate,No,1971870,3995488,12,384,566658,137905,328472,183520,Rejected,0
3,Graduate,No,906330,4130638,48,594,3661621,935042,283272,465625,Rejected,0
2,Not Graduate,No,1285664,3636868,24,353,559192,179402,804296,584016,Rejected,0
3,Graduate,No,1223089,3083789,18,630,2817686,2081560,170205,1112846,Rejected,0
3,Graduate,No,571945,2437773,60,811,1563578,2304011,148120,197434,Rejected,0
0,Graduate,Yes,1101421,215167,48,791,1096473,808678,121675,583111,Approved,191616
0,Not Graduate,No,2599249,3895697,12,729,4505770,551288,48581,313546,Rejected,0
1,Not Graduate,No,1033578,4480549,24,647,3008904,426369,1058876,457494,Rejected,0
0,Not Graduate,No,1477486,4832315,48,675,1850122,480197,139507,188673,Rejected,0
2,Not Graduate,No,1317767,1775069,36,359,298485,708010,244931,396270,Rejected,0
4,Not Graduate,No,1065577,1082976,60,737,2559099,539634,1127852,500052,Rejected,0
3,Graduate,Yes,997207,3304579,12,709,671877,1151772,265915,202832,Rejected,0
2,Not Graduate,Yes,1216117,185796,48,386,1270523,229076,464530,1102788,Rejected,0
5,Graduate,No,1369499,395294,12,680,1508274,1832576,89683,135708,Rejected,0
3,Graduate,Yes,427821,4125127,24,531,6224064,349096,984746,582748,Rejected,0
0,Graduate,No,1031131,4788540,48,606,1240524,265234,270541,73080,Rejected,0
4,Graduate,No,813342,2077577,48,789,516018,680500,126246,334614,Approved,1910665
3,Graduate,Yes,725641,2588281,6,493,4516322,718509,126168,559593,Rejected,0
3,Graduate,No,1835689,2767572,18,850,2585100,114256,1261759,658724,Approved,1986217
3,Graduate,No,601342,778590,48,550,2658327,332176,182278,371557,Rejected,0
3,Graduate,No,417912,1190065,12,608,4580365,78915,128596,337757,Rejected,0
0,Not Graduate,No,1394148,1562355,24,317,5462310,281535,207613,595067,Rejected,0
3,Graduate,No,412064,4224765,18,373,768484,292031,311796,778157,Rejected,0
4,Graduate,Yes,311695,2246818,12,469,528466,643840,341323,1050681,Rejected,0
1,Graduate,Yes,1483177,3633911,48,888,2821637,255950,437679,162048,Approved,3535065
3,Graduate,No,982099,1052804,12,456,1231970,313004,366255,347586,Rejected,0
0,Graduate,No,1167232,4771497,36,537,1318680,1514609,520011,86142,Rejected,0
2,Not Graduate,No,705608,4428833,36,813,646756,2890461,237923,153579,Rejected,0
2,Graduate,No,420301,2428734,12,491,2324227,228569,1746091,244345,Rejected,0
5,Not Graduate,Yes,468817,1205330,36,788,2028027,1189129,198068,732873,Rejected,0
1,Not Graduate,No,774867,4885169,24,372,1334880,695231,947017,285671,Rejected,0
1,Graduate,No,447007,4059803,48,380,529516,114050,180300,326748,Rejected,0
2,Not Graduate,No,1065579,2603191,48,307,3714810,255217,89138,493482,Rejected,0
5,Graduate,No,697877,1410985,48,375,1817103,38128,72730,250153,Rejected,0
5,Not Graduate,Yes,996416,3144968,24,662,3468936,658286,388441,99007,Rejected,0
0,Not Graduate,Yes,980170,1914807,48,354,309811,200204,805487,237298,Rejected,0
1,Not Graduate,No,1113356,3403225,36,668,1565308,560285,112777,367586,Rejected,0
4,Not Graduate,No,1184540,4179069,24,660,876158,4446699,142296,555233,Rejected,0
0,Not Graduate,No,744900,2499880,12,440,1541222,1936767,416544,346192,Rejected,0
5,Not Graduate,No,995831,336010,12,322,3043089,260513,299352,548808,Rejected,0
1,Graduate,Yes,1024745,2857623,24,397,1979661,212118,182360,764146,Rejected,0
5,Not Graduate,No,236632,4307414,24,386,1520527,1500633,101130,876431,Rejected,0
1,Not Graduate,Yes,1284319,1194204,60,617,1514447,212837,390137,451277,Rejected,0
2,Graduate,Yes,977368,4801001,60,859,465632,1161030,522578,180450,Approved,3625084
3,Not Graduate,No,1227361,1875579,12,561,759982,5115824,455670,167328,Rejected,0
0,Graduate,No,443470,3452181,60,680,3477907,887771,306838,178601,Rejected,0
3,Graduate,No,756513,3539767,48,482,1026662,1367883,122295,188490,Rejected,0
3,Graduate,Yes,493762,992189,36,355,3528170,1239463,391958,428825,Rejected,0
4,Graduate,No,1355500,291045,60,431,2787774,311399,367836,1499181,Rejected,0
5,Not Graduate,No,415541,4748978,48,588,2900459,639873,98253,463960,Rejected,0
3,Graduate,No,540035,3532024,36,816,1925433,221769,232013,377160,Approved,2878980
2,Graduate,No,1207452,3193412,18,449,1081619,1496743,409628,784297,Rejected,0
2,Graduate,No,636662,1588500,18,891,1339238,198790,280698,223961,Approved,1347490
2,Graduate,Yes,540114,629648,60,683,2424813,907277,56675,829555,Approved,474454
4,Not Graduate,No,1481915,1431995,18,513,304603,1308411,174074,787611,Rejected,0
1,Not Graduate,No,1515705,2783856,6,674,3812547,329215,164504,416865,Rejected,0
1,Graduate,No,1338807,3498094,24,719,1030842,270903,482597,1732095,Rejected,0
2,Graduate,No,1435380,1663330,36,712,1406004,432840,2730960,873167,Approved,1465981
0,Graduate,No,792368,1153231,24,820,1415125,234169,336182,412913,Approved,940767
0,Graduate,No,804217,1322634,60,697,1455851,571090,108366,361733,Rejected,0
0,Graduate,Yes,630145,4812249,24,316,560029,229335,261740,295635,Rejected,0
4,Graduate,No,986976,3189570,60,526,1680782,243894,302724,365018,Rejected,0
4,Graduate,No,673206,4954328,36,845,2342546,795902,570714,372488,Rejected,0
4,Graduate,No,709250,130755,36,424,323721,845166,862285,319840,Rejected,0
2,Graduate,No,1251803,2344692,18,599,565455,389600,978624,344359,Rejected,0
4,Graduate,Yes,1726569,2341227,24,600,2936928,123365,473630,173594,Rejected,0
0,Not Graduate,No,1120396,2066950,60,634,2554389,1352675,299798,268746,Rejected,0
5,Not Graduate,No,2414551,2018761,48,822,1876711,341541,1058570,130763,Approved,1714577
3,Graduate,No,610551,487283,24,624,899293,2885853,223275,534626,Rejected,0
5,Not Graduate,No,327507,257646,60,300,2565554,446782,314219,423056,Rejected,0
0,Not Graduate,No,1333337,3913272,48,445,608529,561167,243925,367107,Rejected,0
2,Graduate,No,588682,2258497,12,679,1353188,346409,49018,743842,Rejected,0
4,Graduate,No,774226,897347,36,770,563040,614928,884282,218543,Rejected,0
2,Graduate,Yes,340021,1802940,48,688,1328385,9601651,532708,243200,Rejected,0
2,Not Graduate,No,548852,4671935,48,740,692582,371662,40016,141828,Rejected,0
0,Graduate,No,393929,2391700,12,444,2644080,1479541,702941,818586,Rejected,0
2,Not Graduate,No,708768,4953905,18,357,2075810,540042,231797,611147,Rejected,0
1,Graduate,No,724435,891368,24,870,977784,1356051,695094,1014524,Approved,841669
1,Graduate,No,945650,699808,24,638,3398008,96786,319963,1211075,Rejected,0
4,Not Graduate,Yes,1779775,2862671,12,743,732149,2611717,94637,297201,Rejected,0
3,Graduate,No,1305959,3446729,36,875,1460826,668128,306796,243146,Approved,2899944
3,Not Graduate,No,368780,4908353,36,409,945869,398225,139784,113822,Rejected,0
2,Not Graduate,Yes,1257402,2383361,18,823,2617564,1077524,106094,185466,Approved,1683566
5,Not Graduate,Yes,957054,1080817,36,520,2430378,565060,626881,318630,Rejected,0
0,Graduate,No,852856,2751615,12,676,3982591,188465,418466,94519,Rejected,0
2,Not Graduate,No,888834,1604128,24,532,1596324,63741,1071394,188167,Rejected,0
0,Graduate,No,1007169,979916,48,419,162963,2360805,214553,377466,Rejected,0
2,Graduate,Yes,615144,533206,60,828,1085796,413719,132332,747602,Approved,516760
5,Not Graduate,No,814115,3645253,18,508,4852092,296966,516340,242138,Rejected,0
2,Not Graduate,Yes,1725999,3249545,60,314,1175530,317245,147696,437488,Rejected,0
5,Graduate,No,611091,916402,60,390,356049,1736119,230469,1474531,Rejected,0
2,Graduate,No,510789,2838517,36,877,2101106,329644,468771,112983,Approved,2194964
4,Not Graduate,No,869967,4437970,60,793,2222227,864645,269543,855405,Rejected,0
2,Not Graduate,No,483274,4108632,18,699,869416,376219,198019,522176,Rejected,0
1,Graduate,No,348927,2324476,12,767,1246579,172090,91060,970718,Approved,1767912
4,Not Graduate,Yes,744668,380686,48,689,794528,1075671,665235,787048,Rejected,0
5,Graduate,No,1996472,3210854,36,847,2219745,1276864,219339,251445,Approved,2268464
1,Graduate,No,881092,2629421,24,359,1565045,280672,507330,400505,Rejected,0
4,Graduate,No,992882,4616777,12,338,625711,484208,453446,143895,Rejected,0
1,Not Graduate,No,278889,2811320,12,717,1489302,542976,758526,277386,Rejected,0
4,Graduate,No,1145233,3715904,12,879,865625,729941,245562,408274,Approved,2607715
4,Graduate,No,947423,2689347,18,649,4487342,2670992,223234,494712,Rejected,0
2,Graduate,Yes,624338,2750155,60,880,2932157,379676,116951,695110,Approved,2625622
4,Not Graduate,Yes,993687,1655436,24,540,1368555,377689,189148,1211377,Rejected,0
1,Graduate,Yes,988276,2073120,48,705,1594027,430777,400924,294884,Rejected,0
0,Graduate,No,502541,1550057,6,605,3208480,224466,149798,891408,Rejected,0
0,Not Graduate,No,1080214,2364462,24,829,1316869,115673,392368,482305,Approved,1957696
2,Graduate,No,1738572,4762473,60,688,2649205,560207,1044173,160176,Rejected,0
5,Graduate,No,793955,1774198,18,563,4542623,782734,205481,360028,Rejected,0
0,Graduate,Yes,558480,2369972,24,447,1038008,501043,98157,433799,Rejected,0
2,Not Graduate,No,816254,4736301,48,488,5155551,474048,211113,222689,Rejected,0
4,Graduate,Yes,1440048,840963,12,344,4144585,232918,89525,193073,Rejected,0
1,Graduate,No,458481,1339003,12,392,1807391,619647,932503,188586,Rejected,0
4,Graduate,No,1237195,2516536,60,605,1075226,577662,322436,273412,Rejected,0
1,Not Graduate,No,619856,2105797,24,318,1790596,748646,161515,218377,Rejected,0
4,Not Graduate,Yes,1028163,1771582,36,583,1248683,658347,186402,946480,Rejected,0
3,Graduate,Yes,659850,3913298,12,325,827692,698791,109836,71929,Rejected,0
3,Graduate,No,658876,2544530,18,397,2235962,1533905,708572,432401,Rejected,0
1,Not Graduate,Yes,2079945,1885274,36,715,696158,813199,1429956,578990,Rejected,0
2,Graduate,No,414634,2446931,36,317,1163636,752293,84251,203871,Rejected,0
5,Graduate,No,1175379,4444394,24,502,1175171,113690,728184,340061,Rejected,0
0,Graduate,No,2332330,4921364,60,414,538763,1224246,243425,314817,Rejected,0
4,Graduate,Yes,1312163,1291056,48,332,2457929,388165,881081,378910,Rejected,0
2,Graduate,No,432807,296913,36,425,1263912,534824,63119,636204,Rejected,0
4,Graduate,No,444756,253589,36,367,3973302,169464,363351,597546,Rejected,0
3,Graduate,No,595262,2282468,36,348,1248541,2954251,212102,262823,Rejected,0
2,Graduate,No,981659,3180881,48,699,1105744,61040,525320,139540,Rejected,0
1,Not Graduate,Yes,1019088,351388,12,375,761080,1771361,316003,448995,Rejected,0
3,Graduate,No,447180,2590442,60,864,1544557,717659,305729,252596,Approved,2378855
0,Graduate,No,556896,2058227,36,592,1551115,98999,274155,276452,Rejected,0
3,Not Graduate,No,575984,4671985,60,545,2616376,2822973,1131995,467723,Rejected,0
0,Graduate,No,814834,3057491,60,826,1577323,773796,258541,294982,Approved,2543376
3,Not Graduate,No,2681086,2173348,6,767,7213133,67359,625420,495797,Approved,1990931
3,Graduate,No,538691,2974570,24,552,2111985,349156,511843,2322650,Rejected,0
0,Not Graduate,No,525877,764392,36,885,715579,787565,638595,646489,Approved,717370
4,Graduate,No,482590,2427612,36,618,671567,2144926,126627,1025456,Rejected,0
2,Graduate,No,1276586,1715753,48,725,2240196,353099,547236,571972,Rejected,0
4,Graduate,Yes,879767,986825,12,882,698877,52706,399463,422186,Approved,764908
0,Graduate,No,549754,2026738,36,734,2343390,1728096,109152,578079,Rejected,0
1,Graduate,No,737199,3231063,60,655,2936430,763627,250447,558682,Rejected,0
2,Not Graduate,Yes,582346,2957346,60,670,2989995,74959,2108897,731742,Rejected,0
1,Not Graduate,No,1059058,4823357,6,693,781590,669077,215023,416973,Rejected,0
1,Graduate,No,3939472,1445052,60,887,2993875,732080,219484,160075,Approved,1127816
3,Not Graduate,No,1218493,3528383,12,721,1910580,379403,440049,143132,Rejected,0
0,Not Graduate,No,855128,2796535,36,480,950813,247502,189434,552431,Rejected,0
4,Not Graduate,Yes,624317,4381752,18,313,1330978,297774,338041,181840,Rejected,0
0,Not Graduate,Yes,429888,4549425,36,770,2135979,379198,204836,646752,Rejected,0
1,Not Graduate,No,1347389,3566816,6,593,905586,675951,422340,1020984,Rejected,0
3,Graduate,No,1307719,2176279,18,549,1881106,977222,284627,342750,Rejected,0
4,Graduate,No,696480,2713642,24,862,4435616,80556,1576522,933935,Approved,2219529
1,Not Graduate,No,1754130,3292691,60,393,3091039,621530,311964,479489,Rejected,0
1,Graduate,Yes,910509,4048914,36,322,1595129,757000,248282,407324,Rejected,0
5,Graduate,Yes,1378172,1221603,48,744,1787954,577309,719678,420926,Approved,1060197
5,Graduate,No,1059236,4377628,36,855,1001920,354419,91961,223602,Approved,3067429
3,Not Graduate,Yes,816454,4026503,24,798,1023310,1671450,1263634,204470,Rejected,0
2,Graduate,No,532301,531974,6,823,473581,1567677,129486,126550,Approved,470199
2,Not Graduate,No,830767,1421386,12,819,1810852,366254,826635,239439,Approved,1116060
3,Not Graduate,No,1430133,1255458,36,712,2502622,465910,1034735,1788335,Rejected,0
3,Not Graduate,No,680563,2941034,60,854,1422381,963596,191876,140627,Rejected,0
1,Graduate,Yes,1146252,1122297,18,505,776834,1487485,208206,175544,Rejected,0
0,Not Graduate,Yes,496156,1571212,36,747,1576270,249988,273412,227591,Rejected,0
0,Not Graduate,Yes,1382193,1026965,48,355,4103288,205478,508821,235193,Rejected,0
5,Graduate,No,1069036,430271,60,617,2941593,631214,128436,482988,Rejected,0
2,Not Graduate,No,464626,2350863,24,474,1467205,192398,273401,260655,Rejected,0
2,Graduate,No,795672,1666347,60,864,6965977,95714,229837,348105,Approved,1221649
2,Graduate,Yes,1502202,2572136,36,562,11353236,248959,112749,220702,Rejected,0
4,Graduate,No,450306,1138950,36,425,1046403,712797,123412,286807,Rejected,0
0,Graduate,Yes,499382,1503214,48,642,1247388,1872776,334552,383635,Rejected,0
0,Graduate,No,866248,4474102,18,346,2523038,273734,329550,364044,Rejected,0
1,Graduate,No,2909471,4044638,48,376,756338,449880,156711,1600385,Rejected,0
2,Graduate,Yes,621712,1404194,36,559,2835776,570676,320903,392185,Rejected,0
4,Graduate,No,1181802,892740,48,679,1618607,288097,173101,345380,Rejected,0
2,Graduate,Yes,1038434,4874674,60,649,1982174,269487,911243,69657,Rejected,0
2,Graduate,No,650772,3436263,36,333,974225,664706,274856,473150,Rejected,0
5,Not Graduate,No,983402,2512494,6,708,830845,180692,762565,100374,Rejected,0
0,Not Graduate,No,703513,3526995,24,334,338364,260423,71165,588544,Rejected,0
3,Graduate,No,739225,1183218,60,790,4567887,420906,394703,441932,Rejected,0
3,Not Graduate,No,360934,2197847,36,323,3039065,657668,497925,699239,Rejected,0
2,Graduate,Yes,887985,2017586,60,316,2485526,137917,266822,256560,Rejected,0
4,Not Graduate,No,1475712,3632270,24,611,1947818,447382,189759,407626,Rejected,0
1,Graduate,No,928879,998812,36,782,266413,166898,263218,641944,Approved,791197
5,Not Graduate,Yes,1639545,2496545,60,759,853969,279510,563901,208676,Rejected,0
1,Not Graduate,No,1238399,4185048,48,660,1237885,977444,107214,613076,Rejected,0
3,Not Graduate,No,871004,1062008,24,407,666614,469580,544136,593741,Rejected,0
3,Graduate,No,637169,687849,6,872,421188,2065893,393229,363965,Approved,639410
5,Graduate,Yes,688799,4123956,60,312,720682,470239,240353,1207658,Rejected,0
2,Graduate,No,400861,4380286,48,509,1556317,1138445,249243,573841,Rejected,0
1,Not Graduate,No,777047,2209776,24,753,1556616,982565,316196,123910,Rejected,0
0,Not Graduate,Yes,975250,324993,36,670,2962718,494413,1228574,799148,Rejected,0
2,Not Graduate,Yes,2312019,2749393,18,775,7048747,163417,403261,252343,Approved,2642618
4,Graduate,No,1203478,1568079,24,760,2508754,457259,134625,699133,Approved,1243322
0,Graduate,No,559322,2978396,18,864,1314956,317905,207220,491929,Approved,2589051
5,Graduate,No,407786,785445,18,610,5787555,307631,113397,62944,Rejected,0
3,Graduate,Yes,803351,4045252,48,793,457954,570810,60187,610861,Rejected,0
0,Graduate,No,1406508,3457801,24,393,315478,145835,111717,342511,Rejected,0
1,Graduate,No,797160,3261583,48,404,771377,237898,332237,289992,Rejected,0
3,Not Graduate,No,1212556,2610376,36,329,2758276,211527,885937,297652,Rejected,0
1,Graduate,No,814664,1179053,12,422,1702138,402831,699377,694839,Rejected,0
0,Graduate,Yes,1335078,4702764,24,366,643536,260257,112372,209888,Rejected,0
3,Graduate,Yes,373868,1402310,18,795,869484,275213,152289,871975,Rejected,0
4,Not Graduate,No,2174806,1894286,36,597,591172,561017,135085,138063,Rejected,0
0,Not Graduate,No,488104,4638703,60,566,591161,342330,33429,491986,Rejected,0
1,Graduate,Yes,1392628,299670,48,684,4800684,502047,260158,686889,Rejected,0
1,Graduate,No,774869,712968,48,516,1347012,193691,593804,675189,Rejected,0
3,Graduate,No,844453,3832130,60,642,5655631,247262,242076,455010,Rejected,0
4,Graduate,No,788229,1903000,48,302,769476,2833626,102119,346093,Rejected,0
4,Graduate,No,1035850,2939553,36,728,2168008,276390,146263,272183,Rejected,0
5,Graduate,No,1157518,2944621,48,823,1778512,83441,226844,169995,Approved,2562674
4,Not Graduate,No,1610812,4154433,24,323,2901495,668755,577362,247521,Rejected,0
1,Graduate,No,1952306,3139402,12,348,1815528,273920,256823,204077,Rejected,0
0,Not Graduate,No,1080195,2188079,48,381,3140172,615157,514634,181952,Rejected,0
3,Graduate,No,2309799,2791348,48,665,2273029,463360,279959,1413836,Rejected,0
5,Not Graduate,Yes,947218,3717088,18,757,661670,797916,366887,120045,Rejected,0
5,Not Graduate,No,1627804,1957649,60,794,2598674,459403,134914,879472,Approved,1528480
1,Not Graduate,Yes,1139324,938222,12,769,1388384,412419,167472,168328,Approved,889840
1,Graduate,No,665363,2482910,48,646,837717,1326555,103167,195581,Rejected,0
0,Graduate,Yes,994334,4997681,60,722,2524261,75883,500291,193356,Rejected,0
0,Not Graduate,No,1186946,649570,24,468,2994071,162056,234223,183852,Rejected,0
3,Not Graduate,Yes,884202,950870,60,748,1043720,247962,14095,763156,Rejected,0
3,Graduate,No,1129427,4976003,48,409,1153201,118592,451585,603847,Rejected,0
2,Graduate,No,1448588,4166023,48,879,530002,332663,686635,339898,Approved,3532563
1,Graduate,Yes,888504,673454,60,325,387484,305894,150480,2661419,Rejected,0
4,Not Graduate,No,178262,1140947,36,867,1250738,1144935,451251,395344,Approved,968049
2,Not Graduate,No,2265257,3485034,36,576,2716939,463857,251015,417122,Rejected,0
4,Graduate,No,764116,3934289,36,687,975813,417193,49582,247527,Rejected,0
5,Graduate,Yes,572258,3696357,24,396,4376767,362037,1577829,227728,Rejected,0
1,Graduate,No,484993,4320137,24,491,1286158,204468,252300,275417,Rejected,0
1,Graduate,No,747960,2583110,12,818,1290085,1066122,356020,726091,Approved,2276353
5,Graduate,No,660425,4395541,24,308,1207614,1398525,176422,596602,Rejected,0
3,Not Graduate,No,600066,3020425,48,415,3131962,178443,233360,987213,Rejected,0
1,Graduate,Yes,618456,2431020,60,679,730725,1981591,344191,242139,Rejected,0
3,Graduate,Yes,1204420,3218537,60,783,1361715,282668,123671,604330,Approved,2471678
3,Graduate,No,2749281,2201183,18,559,994949,263741,1266044,495378,Rejected,0
5,Graduate,Yes,1413337,3071326,36,352,984412,747312,611679,542076,Rejected,0
1,Graduate,Yes,1668739,4185577,36,388,1540075,806211,465488,218508,Rejected,0
5,Graduate,No,731297,4795177,18,835,1377779,470612,265939,193321,Rejected,0
5,Graduate,Yes,953330,2939497,36,429,3300977,372511,157079,583393,Rejected,0
1,Not Graduate,Yes,1137923,128087,24,647,1487928,1354392,720077,736901,Rejected,0
0,Graduate,No,626180,3144257,60,862,2274407,294360,504149,259472,Approved,2988290
3,Graduate,No,712118,1334298,24,525,1707502,471611,213636,612647,Rejected,0
0,Graduate,No,1440000,1256729,48,339,4298578,2109756,119335,926141,Rejected,0
1,Not Graduate,No,1639351,4417898,60,788,1195634,160467,78592,310507,Rejected,0
2,Graduate,No,933994,2286169,48,773,1198159,338579,307375,146101,Rejected,0
5,Not Graduate,Yes,466407,3973034,18,691,2622804,1195086,242790,159463,Rejected,0
5,Not Graduate,No,764957,1910299,24,842,1183484,783216,821854,249111,Approved,1694943
0,Not Graduate,Yes,407346,3073509,60,766,2179856,1069047,697259,292731,Rejected,0
5,Graduate,Yes,938006,3360076,12,713,8661613,162415,310084,390008,Rejected,0
0,Not Graduate,No,1035735,4476961,12,500,719823,656916,280012,395595,Rejected,0
4,Graduate,No,775497,1062768,60,336,4731385,392361,112675,330568,Rejected,0
5,Graduate,No,1027965,2849971,48,736,1036977,3450114,739233,643505,Rejected,0
5,Graduate,Yes,1131942,2088184,48,808,4090733,994837,285877,234844,Approved,2043804
1,Graduate,Yes,1036566,2372765,18,717,2509289,490604,501835,969457,Rejected,0
5,Graduate,No,464775,4258787,36,692,2353046,637543,815716,772406,Rejected,0
0,Graduate,No,782974,765533,48,731,1339428,523613,185493,733795,Approved,689552
3,Graduate,No,1127557,2777584,24,466,1243074,905757,148421,252096,Rejected,0
2,Graduate,Yes,2144553,2000380,18,370,872807,241472,2445934,368694,Rejected,0
1,Graduate,Yes,774979,4490616,6,678,1507077,1595660,497244,663451,Rejected,0
0,Not Graduate,No,1218477,1160441,36,866,1306735,162161,236743,347764,Approved,883390
4,Graduate,No,1458813,1239384,24,382,1731051,595199,860655,245196,Rejected,0
2,Graduate,Yes,807748,545154,60,342,520729,248134,230849,238407,Rejected,0
3,Graduate,Yes,1692597,2255526,24,725,1525693,518537,395616,246675,Rejected,0
2,Graduate,Yes,1743396,152986,18,554,3866907,1157970,185079,177471,Rejected,0
2,Graduate,Yes,1922932,2552039,60,842,3045002,116643,295704,2983082,Approved,2367423
5,Graduate,No,1158096,1195553,60,583,1526101,432919,237656,101987,Rejected,0
0,Graduate,Yes,3296018,2062780,36,613,10250010,147056,158330,201323,Rejected,0
4,Graduate,No,641615,3065382,60,337,972826,394308,368786,607092,Rejected,0
4,Graduate,No,2894702,3454019,18,872,1405596,146727,174335,248262,Approved,3166981
2,Graduate,No,1373283,400062,36,498,505392,573711,489494,312707,Rejected,0
1,Graduate,No,1881092,828727,18,563,1108202,348056,231579,527473,Rejected,0
0,Graduate,Yes,754741,1657066,36,678,5733497,943562,69526,823952,Rejected,0
5,Graduate,Yes,1432041,2645062,48,815,1140372,1420668,508519,330323,Approved,2577647
5,Graduate,No,1972842,4429199,48,777,476919,504546,515811,762715,Approved,3530164
1,Graduate,No,494896,779984,6,764,2884825,1068718,2037139,121908,Approved,721100
0,Graduate,Yes,822678,432586,24,363,2008469,1619217,304553,261721,Rejected,0
0,Graduate,No,277191,3183068,60,353,2796727,228337,350586,565572,Rejected,0
0,Graduate,Yes,815916,4896539,36,799,1200426,1693150,450602,1591923,Rejected,0
4,Not Graduate,Yes,574552,4168216,24,848,704774,484545,713748,203505,Rejected,0
5,Graduate,No,798410,2870670,24,674,1307017,217672,676818,179910,Rejected,0
0,Graduate,No,4493551,197985,24,847,2274133,644388,393370,507982,Approved,193910
4,Graduate,No,2315050,2923399,24,490,1420800,470280,291708,415171,Rejected,0
1,Not Graduate,No,407768,2338987,24,511,2006579,151207,614031,241909,Rejected,0
2,Graduate,Yes,1221764,2290063,36,402,1002855,196118,281568,170679,Rejected,0
3,Graduate,Yes,1396615,2514248,36,776,2063261,2010875,100282,279147,Approved,2224764
4,Not Graduate,No,747363,2851445,36,702,1496613,633587,83742,576128,Rejected,0
5,Graduate,No,992735,3629246,6,435,883433,1761874,233810,316785,Rejected,0
0,Not Graduate,No,1047524,1041406,12,900,1666004,350907,332206,908031,Approved,958719
1,Graduate,Yes,429129,466127,24,318,1122374,252958,2452854,363671,Rejected,0
1,Graduate,No,510384,352017,60,762,2382948,119557,270903,609426,Approved,249646
1,Graduate,No,989459,2089502,48,424,2887332,1138411,312122,486091,Rejected,0
5,Graduate,No,950574,2588923,12,771,2185006,708851,212746,301538,Approved,2247858
4,Not Graduate,No,609528,3948858,36,590,440090,353610,507637,716693,Rejected,0
1,Graduate,No,581428,2223981,36,440,727521,254894,380724,170607,Rejected,0
5,Not Graduate,No,856639,2707508,36,334,930561,1303030,174373,271501,Rejected,0
2,Graduate,No,1465245,4885936,36,673,825496,430058,126981,299388,Rejected,0
3,Graduate,Yes,862925,3774247,60,396,998331,434006,213102,522456,Rejected,0
2,Not Graduate,No,2197107,3485497,12,570,3002368,300051,146484,622065,Rejected,0
0,Graduate,No,613815,1883648,36,871,2533131,353636,246484,226069,Approved,1595380
5,Not Graduate,No,1000850,845776,36,833,1091526,798083,338336,204834,Approved,697789
0,Graduate,No,740653,4608430,36,596,2338034,150000,195932,422617,Rejected,0
1,Not Graduate,No,1243609,2812110,18,739,1919561,535518,1032880,136334,Rejected,0
1,Graduate,Yes,585532,478991,36,794,1463486,1126483,803734,809931,Approved,436723
1,Graduate,No,2597913,2463213,6,664,3548886,465245,246820,341990,Rejected,0
0,Not Graduate,No,355156,546705,48,424,913468,1225005,132190,176406,Rejected,0
0,Graduate,No,2312094,4908469,36,787,1560544,1562617,292498,173979,Approved,3890456
4,Graduate,No,945665,2689581,24,353,682031,1077774,267768,498029,Rejected,0
5,Graduate,No,1219539,3946349,60,613,706995,316695,284410,488684,Rejected,0
0,Not Graduate,Yes,1875037,2407037,48,769,540582,485163,213890,233588,Rejected,0
1,Graduate,No,1442465,196697,36,642,716106,670828,122952,369353,Rejected,0
3,Not Graduate,No,602375,3228491,60,509,1596463,335399,309030,181457,Rejected,0
5,Not Graduate,No,1251933,3300245,48,550,1195545,326023,222638,333811,Rejected,0
4,Graduate,No,2513686,1222375,12,576,1225148,309758,240120,1123657,Rejected,0
4,Graduate,No,552462,3610618,36,747,1198526,4344364,324943,1777311,Rejected,0
3,Not Graduate,No,2885722,1207538,36,896,5669053,397097,282825,344892,Approved,1012974
2,Graduate,No,1112685,3488709,36,767,639275,1240143,318993,541181,Rejected,0
1,Graduate,Yes,709187,3770637,60,490,590016,238798,214043,526420,Rejected,0
5,Not Graduate,Yes,550642,773493,36,366,795645,2124129,407445,119910,Rejected,0
4,Graduate,No,795990,1529649,12,584,1421260,362428,162984,178853,Rejected,0
0,Graduate,Yes,307044,900184,36,815,2206800,523030,118989,79084,Approved,794584
4,Not Graduate,No,716236,3663730,48,681,2385493,105298,140794,547748,Rejected,0
0,Graduate,Yes,778824,1254221,24,493,3046349,1291706,168780,1561236,Rejected,0
4,Graduate,No,498432,3239464,6,353,1383043,1552846,100399,843492,Rejected,0
4,Graduate,Yes,1357920,2146135,24,451,1114298,182259,71164,412656,Rejected,0
0,Not Graduate,Yes,797972,508303,36,730,5106737,1357217,460229,373877,Rejected,0
2,Not Graduate,No,634418,4425232,12,702,185873,160439,886153,312563,Rejected,0
0,Graduate,No,752545,3584535,24,571,1572292,855653,481945,839857,Rejected,0
3,Graduate,Yes,1094118,1382032,12,500,2070873,391441,198969,465180,Rejected,0
5,Graduate,Yes,936984,4409626,36,405,6114898,1556856,69743,417877,Rejected,0
0,Graduate,Yes,612077,3573305,12,884,431728,617958,353165,184781,Rejected,0
2,Graduate,No,964398,4101567,12,558,1094570,1103626,76521,609244,Rejected,0
5,Not Graduate,Yes,875262,972798,36,761,541863,1431819,278696,360134,Rejected,0
1,Graduate,No,480914,143423,18,576,389363,390423,152039,528130,Rejected,0
0,Not Graduate,No,767944,402835,18,642,1286687,487866,43176,804981,Rejected,0
2,Graduate,No,1237726,2744598,36,685,2801865,194436,1055993,127364,Rejected,0
3,Graduate,No,1232834,3954695,6,513,3705960,387450,103167,325232,Rejected,0
3,Graduate,Yes,793072,4575353,6,863,1006582,2572466,221708,293839,Approved,3522374
1,Graduate,No,1305864,4808757,24,574,2472821,950533,268851,276259,Rejected,0
5,Not Graduate,No,525011,3033756,24,759,1293273,205758,201120,183028,Rejected,0
3,Not Graduate,Yes,534030,3193158,36,850,2277083,2000864,445268,240375,Approved,2786012
1,Not Graduate,No,783840,1522598,60,529,3565561,695938,159806,185406,Rejected,0
5,Graduate,No,2050945,105674,24,440,1296661,1012795,415052,712588,Rejected,0
5,Not Graduate,No,984548,1053268,36,882,3364219,758663,393276,520951,Approved,883777
2,Graduate,No,773514,372252,60,772,603925,714371,93009,496270,Rejected,0
0,Not Graduate,Yes,2104158,3456243,36,775,2454316,91519,366591,103812,Approved,2737771
3,Graduate,No,768606,2565232,48,868,3256718,1281163,122475,1565022,Approved,2218416
3,Graduate,No,3076347,3879145,36,316,3013560,73584,111384,300514,Rejected,0
0,Graduate,No,679386,825606,36,867,616744,1185830,384045,1356559,Approved,704067
3,Graduate,Yes,515916,4571666,60,370,1285447,544158,212020,675773,Rejected,0
5,Graduate,Yes,821306,3625744,6,387,1881551,1017143,411900,340120,Rejected,0
0,Not Graduate,No,784776,4538012,60,431,2091234,572063,414992,1671886,Rejected,0
4,Not Graduate,Yes,577177,3277395,36,368,1636193,1214147,89119,595041,Rejected,0
0,Not Graduate,Yes,3764915,1762473,36,350,4381341,506910,563016,340912,Rejected,0
4,Graduate,No,1072384,3168255,36,375,567639,634854,382239,304203,Rejected,0
2,Graduate,No,1161807,3058997,24,591,1252670,705322,182206,823721,Rejected,0
0,Graduate,Yes,698099,986528,12,523,423008,2468717,267278,274763,Rejected,0
5,Graduate,No,655027,597444,60,504,2390259,832840,576834,306884,Rejected,0
0,Graduate,No,1582011,3286322,36,403,2273748,163250,228632,263381,Rejected,0
3,Graduate,No,358053,562866,60,884,18484224,309583,1811215,235689,Approved,423633
1,Graduate,Yes,480016,591660,24,499,3238904,831234,1065151,246002,Rejected,0
5,Graduate,Yes,785543,450196,24,584,1923197,1458833,331308,1383241,Rejected,0
4,Graduate,No,1892153,3148579,24,385,1816000,270632,247149,809784,Rejected,0
4,Graduate,Yes,732461,4643007,18,427,1182945,3355997,256418,471630,Rejected,0
2,Graduate,No,1131476,2535386,36,440,1654222,580489,180049,272657,Rejected,0
2,Not Graduate,Yes,913831,846919,60,883,1845318,714863,333693,271919,Approved,771831
3,Graduate,No,1835986,2612056,60,405,343659,172198,538182,309460,Rejected,0
4,Not Graduate,No,376454,2463398,36,608,1738722,1290472,95271,1399307,Rejected,0
5,Graduate,No,1349075,3007469,24,627,1618051,342301,518088,490343,Rejected,0
0,Not Graduate,No,806739,2222055,36,343,5589976,265233,663349,675020,Rejected,0
3,Not Graduate,No,1496794,2707349,36,510,1358949,381837,487911,460056,Rejected,0
0,Not Graduate,No,573518,1691378,36,348,844767,1619656,268629,215190,Rejected,0
1,Graduate,No,912156,4540209,36,405,1834669,742846,470981,429773,Rejected,0
4,Graduate,No,850663,2734880,6,705,1586018,234836,905214,188365,Rejected,0
1,Graduate,No,518560,1622828,12,641,1360041,318552,285522,923526,Rejected,0
4,Graduate,No,445042,113675,60,597,574775,1656960,306081,236850,Rejected,0
2,Graduate,No,654040,3425684,48,428,1334358,408987,1838023,268041,Rejected,0
1,Graduate,Yes,966670,1962732,60,675,971486,805094,389530,706759,Rejected,0
2,Graduate,No,593533,1320152,24,843,1275201,991268,127432,245339,Approved,1030937
3,Graduate,No,750586,2448786,36,810,2597579,27348,630056,343136,Approved,2429998
4,Graduate,No,319005,2477086,24,404,904457,1464604,422181,63123,Rejected,0
3,Graduate,No,734021,4036192,60,709,1270665,242284,171860,319145,Rejected,0
5,Not Graduate,No,1580296,2758617,24,446,2250987,368009,117381,606357,Rejected,0
5,Not Graduate,No,1326427,3534721,36,817,1225579,1850164,367451,258006,Approved,3227369
4,Graduate,Yes,857986,3270733,18,584,10615918,1710420,285059,591677,Rejected,0
3,Graduate,No,1029063,4263833,12,746,1807808,760116,104185,395501,Rejected,0
1,Graduate,Yes,570693,130427,18,624,590989,928696,278267,856581,Rejected,0
2,Graduate,No,2199172,1943861,36,705,799306,1148114,263765,239123,Rejected,0
0,Graduate,Yes,2806418,3605474,48,861,741199,1686145,284499,337775,Approved,2862141
2,Graduate,No,985400,790437,60,380,807910,1878848,455608,142980,Rejected,0
5,Not Graduate,Yes,3741613,2265146,36,843,2243862,547934,67099,375032,Approved,1948275
2,Graduate,No,619117,2065177,36,590,654151,267167,116568,297786,Rejected,0
0,Not Graduate,No,452280,4047635,48,385,1170067,402513,198319,783324,Rejected,0
3,Graduate,No,609173,4818993,12,560,3534335,557091,926149,258307,Rejected,0
5,Graduate,Yes,797654,621029,48,333,1015759,477947,2244857,297333,Rejected,0
5,Not Graduate,Yes,3210017,1150205,48,624,2482038,211499,301237,249345,Rejected,0
1,Graduate,No,771053,3893634,36,583,424534,724791,311842,407679,Rejected,0
2,Not Graduate,No,560923,956301,6,535,1135989,131893,37597,1609091,Rejected,0
3,Graduate,No,549079,2535060,18,566,771828,537639,647148,34573,Rejected,0
1,Graduate,No,1684808,4727253,24,672,1878161,567751,439650,386831,Rejected,0
1,Graduate,No,1557614,4878965,60,796,690307,551456,381629,910084,Approved,3662251
1,Not Graduate,No,689097,4754624,36,535,7083072,1030852,104011,279019,Rejected,0
5,Graduate,No,320767,758564,36,310,438641,920966,1614349,578456,Rejected,0
4,Not Graduate,No,483798,831260,36,635,3515919,3307291,1092522,911989,Rejected,0
5,Not Graduate,No,2319435,962478,48,867,2898441,322000,385285,329687,Approved,762669
4,Not Graduate,No,1314536,3870319,24,537,1892429,633995,697134,253323,Rejected,0
5,Graduate,Yes,932994,977234,12,373,1562505,600378,313320,769895,Rejected,0
0,Not Graduate,Yes,2515566,2205738,36,841,6029621,576841,602868,565791,Approved,1668457
5,Not Graduate,No,2642483,4109976,24,551,9570525,170627,98753,382912,Rejected,0
0,Graduate,No,882385,2511857,24,524,1284045,182848,43429,613597,Rejected,0
2,Graduate,No,891344,4708923,36,477,1688418,502756,101974,783442,Rejected,0
3,Graduate,No,653452,2543572,18,739,991204,130987,151150,385427,Rejected,0
2,Graduate,Yes,769594,1960783,60,387,624065,376355,173600,495360,Rejected,0
0,Not Graduate,Yes,397389,4845021,48,668,2122935,288357,439079,576625,Rejected,0
1,Graduate,No,396502,2780547,60,509,1808833,388125,241060,289501,Rejected,0
4,Graduate,No,348951,1004839,60,531,448341,1309088,292779,918778,Rejected,0
1,Graduate,Yes,1633990,3208838,24,429,2111644,199941,109603,194383,Rejected,0
1,Graduate,No,381314,3888013,24,785,1854880,1047265,101829,364888,Rejected,0
5,Graduate,No,2630355,4208545,36,572,955550,307666,310667,684520,Rejected,0
0,Not Graduate,No,602259,127803,6,857,909894,342020,189236,190941,Approved,101833
5,Graduate,No,2340073,631083,60,797,2061224,742722,301166,736121,Approved,499108
5,Graduate,No,736283,3180190,6,757,5013460,396066,476526,456994,Rejected,0
3,Not Graduate,No,380312,3735365,36,570,2022353,234161,1208754,1011399,Rejected,0
0,Graduate,No,1823427,3298122,36,870,2693465,364991,294830,614257,Approved,2724030
0,Graduate,No,1945785,1975870,60,651,803577,110440,1401257,356924,Rejected,0
1,Graduate,No,546791,3793161,36,562,1099396,691328,423738,470402,Rejected,0
3,Not Graduate,Yes,749935,2938058,36,508,2366655,35803,539078,482379,Rejected,0
0,Not Graduate,No,546868,4637216,24,849,541564,1063611,734291,1648728,Approved,4472531
2,Graduate,No,842274,1901607,36,452,1752190,843518,553116,424430,Rejected,0
0,Graduate,No,954990,3793792,48,826,2171748,1950474,151765,363169,Rejected,0
3,Graduate,Yes,741840,804509,36,437,1457270,3195100,753237,348848,Rejected,0
0,Graduate,No,330962,3687506,48,758,1905976,1107669,218287,456534,Rejected,0
4,Graduate,Yes,653872,3685105,12,469,1566478,293335,387695,180810,Rejected,0
0,Not Graduate,No,1325215,1343559,24,801,940676,3169525,335864,305983,Approved,1236547
1,Not Graduate,No,802314,402113,60,802,619951,181230,793350,196954,Approved,351664
1,Graduate,No,751674,4964915,24,738,1401762,99217,419008,215819,Rejected,0
4,Not Graduate,No,539406,474894,36,896,3990213,2414391,92346,702282,Approved,334112
0,Not Graduate,Yes,643464,2395203,36,607,3234100,833749,1775240,407424,Rejected,0
2,Graduate,No,1953379,105480,60,804,1157735,101511,610011,237975,Approved,75037
3,Graduate,No,480832,2145505,18,632,1139839,157993,187891,360059,Rejected,0
3,Not Graduate,No,1337888,4122705,24,323,1078618,798872,114100,336712,Rejected,0
4,Graduate,No,923596,2559200,60,551,1078722,238683,672271,415029,Rejected,0
4,Not Graduate,No,1029718,1274734,36,319,1861304,269719,126163,139281,Rejected,0
2,Graduate,No,601604,2030877,36,699,3315393,2659962,592524,186342,Rejected,0
4,Graduate,No,741680,552492,24,391,8187201,3104392,744344,145830,Rejected,0
1,Not Graduate,No,897173,3008824,24,495,804994,566431,172687,213097,Rejected,0
5,Graduate,No,675888,120110,60,823,2444524,439962,160075,241184,Approved,89309
3,Graduate,No,1079963,1813160,36,744,2252895,1076742,201159,193888,Rejected,0
4,Graduate,No,1157463,397428,60,501,1171348,310208,129442,683042,Rejected,0
5,Graduate,No,2973168,1275729,60,603,694862,75088,364642,1450159,Rejected,0
4,Graduate,No,1048797,430422,36,649,1844107,47813,411669,712922,Rejected,0
5,Graduate,No,314399,4647175,36,512,7354960,469679,556769,269262,Rejected,0
3,Graduate,No,1706253,3882941,36,750,1835378,1058073,147740,463402,Approved,3512729
0,Graduate,Yes,804536,4646360,48,388,831139,506846,612622,381830,Rejected,0
2,Graduate,No,2721541,3447085,36,556,1333111,995330,129575,261201,Rejected,0
1,Not Graduate,No,2021112,2531603,12,453,637842,1083516,612327,1011072,Rejected,0
5,Graduate,No,681637,952832,60,708,1520969,1624155,84785,1630291,Rejected,0
1,Graduate,Yes,1338683,4814522,36,684,2504330,585773,1137242,142945,Rejected,0
1,Graduate,Yes,649186,4595848,60,785,892271,632134,192577,1096251,Rejected,0
1,Graduate,No,901333,2137014,24,522,130518,484602,499201,264483,Rejected,0
3,Not Graduate,Yes,1305298,1205500,36,438,1846193,401403,534042,332900,Rejected,0
3,Graduate,No,1659954,1998156,36,319,1029734,131418,101970,487524,Rejected,0
5,Graduate,No,1472560,2031175,48,817,854245,1353968,610114,1181837,Rejected,0
2,Not Graduate,No,937896,4592840,12,498,848733,360832,187851,487036,Rejected,0
1,Not Graduate,Yes,3527264,427637,24,753,2025171,343682,231278,533887,Approved,346684
0,Not Graduate,No,736297,3201293,48,520,1104658,315523,169710,726924,Rejected,0
0,Not Graduate,No,371829,3865851,60,499,3014094,160017,1182643,811808,Rejected,0
2,Not Graduate,No,413356,3836335,6,440,3064253,464934,110975,572068,Rejected,0
5,Graduate,Yes,2024542,1046700,24,769,1224449,775548,432476,815339,Approved,943578
3,Graduate,Yes,862846,2122445,36,472,1014926,274545,176562,263207,Rejected,0
5,Graduate,No,982280,1776046,18,478,1650778,1207816,758387,118787,Rejected,0
0,Graduate,No,667812,2094308,6,723,1345035,365570,2157993,1435062,Rejected,0
0,Graduate,Yes,701632,526678,36,611,402959,135891,175561,193463,Rejected,0
5,Graduate,No,583761,508188,36,748,6303108,1607205,337928,275276,Approved,380147
0,Graduate,Yes,1166225,218355,24,362,2563099,591878,216234,317157,Rejected,0
0,Not Graduate,No,853065,4837046,24,876,1059557,1041481,724979,281109,Rejected,0
2,Not Graduate,Yes,1143270,2142290,60,442,356357,1062563,242836,240606,Rejected,0
5,Graduate,No,1084729,1216999,36,370,1310149,223724,647732,553341,Rejected,0
4,Graduate,No,712059,4008656,48,365,965106,320852,213943,557479,Rejected,0
0,Graduate,Yes,403466,2521909,24,487,1433380,1204417,2020215,617340,Rejected,0
5,Graduate,No,384600,1886258,48,554,295988,2379256,46571,590816,Rejected,0
5,Not Graduate,Yes,4755481,661590,48,346,1052618,527633,413277,298804,Rejected,0
4,Not Graduate,No,2029186,1991558,24,674,1101831,293388,297324,298460,Rejected,0
5,Not Graduate,Yes,1880880,3270073,36,668,1298563,2089320,288316,875592,Rejected,0
1,Not Graduate,Yes,621019,3154831,36,767,1256474,293529,382362,277687,Rejected,0
5,Not Graduate,No,904720,2015290,24,309,1559949,661317,315277,273852,Rejected,0
1,Graduate,Yes,574756,3103927,48,357,4694296,347579,361393,766713,Rejected,0
4,Graduate,No,437357,3861543,24,423,1019390,628490,424396,394830,Rejected,0
3,Graduate,Yes,651039,4658439,36,563,757370,223849,1326655,280877,Rejected,0
4,Graduate,No,1866456,2689055,60,652,410642,363633,28590,282741,Rejected,0
3,Graduate,No,1429107,1216140,18,421,1022378,293361,1442020,878483,Rejected,0
3,Graduate,No,527880,734448,12,515,524414,877881,2642844,602858,Rejected,0
3,Not Graduate,Yes,756911,872731,12,608,3081872,574408,67719,472029,Rejected,0
4,Graduate,Yes,1358875,152628,60,627,1395686,1056565,312455,176801,Approved,130931
4,Not Graduate,No,657445,2834700,18,616,3034552,247822,962353,473436,Rejected,0
0,Not Graduate,No,940270,1140998,18,684,4502973,418813,654935,344643,Rejected,0
4,Graduate,No,1122609,1207843,36,754,784014,850551,1247081,211189,Rejected,0
3,Not Graduate,Yes,1115889,3649298,48,804,1155976,1037432,411552,262526,Approved,3247604
1,Graduate,Yes,1035019,1666433,36,880,4072391,146305,53298,651172,Approved,1500930
3,Graduate,No,628202,4159720,60,536,1728715,655065,909339,954474,Rejected,0
5,Graduate,No,664715,771487,6,497,2217982,250472,514882,190810,Rejected,0
5,Not Graduate,No,482455,1772542,36,467,3255020,1083026,1043332,208424,Rejected,0
5,Graduate,Yes,381328,352744,36,510,2938359,2430950,81442,650251,Rejected,0
2,Graduate,Yes,844955,2726033,24,623,2040581,54297,106718,300374,Rejected,0
4,Not Graduate,No,1409990,711750,60,663,4274795,286303,304226,588979,Rejected,0
2,Graduate,No,421255,1276065,36,341,1425146,625664,931608,297560,Rejected,0
4,Graduate,Yes,1045792,3703854,18,900,2214498,498369,1180429,599059,Approved,2806514
3,Graduate,No,1385674,4414172,12,325,1313764,1111328,161887,152910,Rejected,0
1,Graduate,No,327730,2772639,12,540,3224826,534757,212366,587570,Rejected,0
1,Not Graduate,No,775552,4829515,60,571,886824,318725,3445931,92019,Rejected,0
0,Graduate,No,2225664,3807690,24,507,424571,210046,187526,764477,Rejected,0
0,Graduate,No,1219215,3789406,60,431,2451399,182063,532630,390587,Rejected,0
2,Graduate,No,321708,4953962,12,618,697928,265940,204326,544750,Rejected,0
2,Graduate,No,1292691,535545,60,304,647934,309289,449137,472222,Rejected,0
0,Graduate,No,596536,1237764,48,746,3873516,692839,143653,121191,Approved,975803
2,Graduate,Yes,1316344,2241881,12,708,3096198,437637,147175,1041319,Rejected,0
3,Graduate,No,615755,3129840,12,763,1160197,287536,218900,505529,Rejected,0
1,Graduate,No,874128,4953478,48,790,152799,212022,188736,679186,Rejected,0
2,Graduate,No,669644,585171,12,833,2237581,275166,231663,228609,Approved,456604
2,Graduate,No,901564,1223985,24,388,2465375,309569,469072,473432,Rejected,0
3,Not Graduate,No,658781,1561084,48,801,2210179,264728,1496081,159898,Rejected,0
2,Not Graduate,No,795880,3385311,60,638,2135296,886033,181608,444044,Rejected,0
4,Graduate,No,471450,4763275,48,374,1309209,1599499,129488,207217,Rejected,0
1,Not Graduate,No,1178806,4698961,60,891,1102536,184004,302435,10000000,Approved,3410884
2,Graduate,No,991086,3763431,36,787,654322,1294622,145494,610987,Rejected,0
2,Graduate,No,369926,3888697,48,461,889067,901319,74733,1015429,Rejected,0
1,Not Graduate,Yes,1553862,2136180,24,835,1908998,582597,741302,335880,Approved,1923669
4,Not Graduate,No,816834,3083415,48,739,1932685,1830369,321248,528883,Rejected,0
1,Not Graduate,No,983742,937532,36,568,2712399,432629,349150,753858,Rejected,0
1,Graduate,Yes,1370463,2582855,36,397,522381,703607,58305,188771,Rejected,0
4,Not Graduate,No,1078070,1533994,60,739,432162,555447,182497,249799,Rejected,0
5,Graduate,No,1708304,4651191,36,860,1128271,521421,90043,790145,Approved,4167630
4,Graduate,Yes,765923,1900819,36,415,698028,738600,294825,343377,Rejected,0
5,Graduate,Yes,1589748,2034193,36,300,1724532,520124,336285,237010,Rejected,0
5,Not Graduate,Yes,962952,2073639,24,437,561613,743083,336078,257182,Rejected,0
2,Graduate,No,1189863,4669379,24,477,3635109,282947,170184,169989,Rejected,0
4,Not Graduate,No,1123710,2212159,60,527,809709,290561,145294,101486,Rejected,0
1,Graduate,No,1780762,4978977,24,886,4952888,281858,254563,122019,Approved,4943739
2,Not Graduate,Yes,1338322,3807071,36,879,2222631,366695,406361,413004,Approved,3520650
3,Not Graduate,Yes,705407,4247609,36,703,679798,1183108,183360,640082,Rejected,0
5,Not Graduate,No,632511,4586999,60,430,7217610,337557,135231,2332554,Rejected,0
5,Graduate,Yes,875706,1729343,48,427,1830436,870615,140229,388578,Rejected,0
2,Graduate,No,592493,2798150,12,349,1699025,626556,171420,163284,Rejected,0
3,Graduate,No,504561,1496884,24,775,1428402,343573,204186,392109,Approved,1136279
1,Graduate,No,279210,1618411,48,432,2128420,1521441,117958,654267,Rejected,0
4,Graduate,No,383869,2375200,18,839,2224496,934772,205429,822699,Approved,2182290
3,Graduate,No,2682135,349834,36,660,784063,500758,857908,768659,Approved,272695
3,Graduate,No,627234,1154298,24,592,1278007,466678,233563,597292,Rejected,0
4,Graduate,No,2563934,4065374,12,858,1635978,541464,104665,427592,Approved,3056041
3,Graduate,Yes,1123417,912324,60,393,2322213,136251,43994,669970,Rejected,0
0,Not Graduate,Yes,875704,3147849,60,578,2351920,247991,1428973,174529,Rejected,0
1,Graduate,No,394280,3851628,48,455,1697016,740812,790135,98076,Rejected,0
1,Not Graduate,No,902314,1388923,18,408,992749,130206,382105,1731497,Rejected,0
4,Not Graduate,No,2548081,2345782,60,866,955301,264840,805997,387049,Approved,2341416
0,Graduate,Yes,2119838,4399317,36,663,613760,358148,469768,581257,Rejected,0
1,Not Graduate,Yes,1046520,4193855,60,396,2339450,5900041,281312,56275,Rejected,0
3,Graduate,No,478486,4609484,6,364,945050,886503,104545,1179557,Rejected,0
4,Not Graduate,No,531633,3178855,18,487,1299071,1270732,1519476,898360,Rejected,0
3,Graduate,No,563107,4447114,36,801,1792790,252203,206913,133692,Rejected,0
5,Graduate,No,1817796,2052458,60,387,1504432,680179,216751,320329,Rejected,0
5,Graduate,Yes,2207997,3047438,18,745,1493701,111996,309705,481942,Rejected,0
0,Graduate,No,1002383,3369450,24,363,760898,377506,314257,165144,Rejected,0
5,Not Graduate,No,761813,4885250,36,502,1835124,768291,488961,563177,Rejected,0
3,Not Graduate,No,2109456,1904331,60,613,1186305,149855,443382,831642,Rejected,0
3,Not Graduate,No,525410,4386548,48,377,1405882,698388,183727,501903,Rejected,0
0,Not Graduate,No,926022,2595686,60,538,3574915,749397,306674,133634,Rejected,0
3,Not Graduate,Yes,1160987,610876,36,460,2191210,299610,475991,193593,Rejected,0
4,Graduate,No,559954,3312179,60,327,977615,245924,170902,366796,Rejected,0
3,Not Graduate,No,634376,4907420,36,300,1341488,272231,1026016,335884,Rejected,0
0,Graduate,No,607796,2321648,12,387,4978073,372301,294880,340694,Rejected,0
3,Graduate,No,1961755,2789151,48,749,1191161,381973,1167345,332356,Approved,2437022
5,Graduate,No,2579360,4643767,36,322,1545544,771067,91879,113143,Rejected,0
4,Not Graduate,Yes,958654,4608176,36,603,2468410,317464,523333,703046,Rejected,0
0,Graduate,No,776560,2060411,24,314,1762721,1951620,140748,620511,Rejected,0
5,Graduate,No,647088,3825673,48,429,1134114,1939628,174947,576587,Rejected,0
5,Graduate,Yes,900865,3191766,48,407,858902,611172,647362,540376,Rejected,0
1,Graduate,No,664991,3273077,24,504,1488682,373034,247047,327860,Rejected,0
4,Graduate,No,853229,3630511,60,746,2457095,317767,2728705,261521,Rejected,0
2,Not Graduate,No,1129661,1700694,24,553,4039578,654488,465963,196200,Rejected,0
3,Not Graduate,No,720159,1593638,12,308,499798,759428,166064,1177928,Rejected,0
2,Graduate,No,810881,232447,18,386,5626870,421472,466666,394299,Rejected,0
4,Graduate,No,812727,4296112,36,482,1208232,357970,245222,125093,Rejected,0
5,Graduate,No,755768,1456007,12,467,3001419,674816,608518,391903,Rejected,0
4,Graduate,No,705988,3403843,48,639,862702,530221,233230,92989,Rejected,0
5,Graduate,Yes,1368681,3460520,48,510,448133,307447,423883,475835,Rejected,0
5,Not Graduate,No,339845,3547258,36,746,560322,550426,355118,442106,Rejected,0
0,Graduate,No,2139332,4329263,60,451,1170285,298906,320681,273724,Rejected,0
1,Graduate,No,969651,4352577,60,707,2222283,263934,727280,207228,Rejected,0
4,Graduate,No,1258788,111498,24,360,1535505,497889,64781,592981,Rejected,0
3,Graduate,Yes,1341022,4216509,12,894,1243325,306783,325925,377418,Approved,3286248
0,Graduate,No,609697,1119071,18,892,3469403,268153,165304,102748,Approved,1114814
0,Not Graduate,Yes,544298,3262454,36,465,1502236,1216174,95338,929073,Rejected,0
3,Not Graduate,Yes,510120,3398032,24,440,1850218,358251,147178,207179,Rejected,0
3,Not Graduate,No,785647,363099,36,300,15467416,2395783,177149,158974,Rejected,0
1,Not Graduate,Yes,1322074,1489812,36,886,1490984,851714,245610,1035393,Approved,1165758
1,Graduate,No,652836,4559685,36,322,890102,248890,399619,839807,Rejected,0
0,Not Graduate,No,1257344,794344,18,301,2151542,1339972,475674,298004,Rejected,0
3,Graduate,No,244701,1236193,24,358,2601353,271913,211892,166455,Rejected,0
0,Graduate,No,728023,501486,24,477,1879870,2675666,1153680,211592,Rejected,0
3,Graduate,No,1710123,917103,48,886,1687333,605995,218799,294481,Approved,785340
2,Graduate,No,819226,3225607,36,400,4559160,792974,57357,937113,Rejected,0
2,Graduate,No,570416,4222297,36,642,4151213,513330,223828,990252,Rejected,0
4,Graduate,No,627116,3014813,36,690,1373881,626788,312270,449282,Rejected,0
3,Not Graduate,No,170201,1494374,36,780,925746,411523,18574,630522,Rejected,0
4,Not Graduate,No,515895,4307207,6,720,2069625,227619,837162,345471,Rejected,0
4,Graduate,No,1609820,1899978,18,892,921770,667362,275770,217128,Approved,1338514
5,Graduate,Yes,653252,1642704,12,697,2913445,1194744,112646,139916,Rejected,0
4,Not Graduate,Yes,697077,2576975,12,807,2061651,181737,132644,501452,Approved,2065207
3,Graduate,No,249610,769921,24,492,11111586,1851980,573208,751241,Rejected,0
2,Graduate,No,367026,1845978,48,544,4528713,833451,635947,279782,Rejected,0
1,Graduate,No,1731809,4015860,12,743,667918,344894,172834,918489,Rejected,0
3,Graduate,No,1263836,3080592,12,826,1016508,339695,94801,305518,Approved,2354698
0,Graduate,No,440893,4942112,12,303,357008,2438519,335302,424150,Rejected,0
5,Not Graduate,No,636243,3900994,24,560,301844,1110454,391909,342652,Rejected,0
5,Not Graduate,No,885675,1865909,18,782,1633680,1317711,485055,950500,Approved,1706929
0,Not Graduate,No,466158,3856911,6,368,613348,403915,185884,564722,Rejected,0
4,Graduate,Yes,298902,4340213,24,512,5136410,801750,270426,383986,Rejected,0
0,Not Graduate,Yes,824543,3191058,60,629,3574773,672889,305181,422034,Rejected,0
4,Not Graduate,No,1233153,3836473,24,349,1223657,431020,682370,174032,Rejected,0
0,Graduate,Yes,1246277,2566385,18,850,1172609,548659,928612,83768,Approved,2414474
2,Graduate,No,1456476,4566768,36,521,4569916,1284534,1169544,275730,Rejected,0
3,Graduate,No,382963,1264327,18,771,5427185,1947420,907679,349204,Rejected,0
4,Graduate,Yes,929123,2179425,36,556,745289,403766,1401396,580188,Rejected,0
2,Graduate,Yes,776461,1344166,24,541,676771,163778,709790,356840,Rejected,0
5,Graduate,No,857845,596377,60,880,1196795,2021635,181786,288016,Approved,456642
4,Graduate,No,801043,3118381,60,813,2072714,2043343,1104629,50814,Rejected,0
1,Graduate,No,625873,679945,48,610,1020417,702705,93114,578533,Rejected,0
4,Graduate,Yes,171162,1208126,18,578,2105653,2294670,2238536,463673,Rejected,0
4,Not Graduate,No,1705137,3839673,36,769,6476557,660555,130952,707086,Approved,3728972
2,Graduate,No,1079107,1280955,24,711,522538,230882,637965,407707,Rejected,0
4,Graduate,No,397834,4330326,48,888,1073805,163907,1023925,892716,Approved,4064079
5,Graduate,No,1167497,340779,6,500,530053,162580,443270,272079,Rejected,0
4,Not Graduate,Yes,703718,2339382,36,367,800937,501940,52509,388803,Rejected,0
4,Graduate,No,714769,429183,24,417,1202566,336399,134026,473343,Rejected,0
3,Not Graduate,No,589790,391897,36,617,869408,305693,406293,634848,Rejected,0
1,Graduate,No,1209191,3975670,24,488,2215434,456568,514945,535367,Rejected,0
4,Graduate,No,579689,426859,24,786,1679813,1036789,257703,558792,Approved,362119
2,Graduate,Yes,492323,4472082,36,825,1877103,314081,319567,482812,Rejected,0
3,Graduate,Yes,1677155,3033142,36,412,1191773,272196,86075,349524,Rejected,0
1,Not Graduate,Yes,815670,2464484,18,894,1276994,332204,1355576,751709,Approved,2112117
1,Not Graduate,No,829877,4601260,6,679,1153092,1093780,217574,123897,Rejected,0
0,Graduate,Yes,1317182,1999629,60,458,1244796,471111,586532,257509,Rejected,0
5,Not Graduate,No,623421,2057959,36,420,2053862,634305,989115,1218961,Rejected,0
0,Graduate,Yes,695694,2108697,36,399,354462,1871842,112392,249798,Rejected,0
0,Graduate,No,1064796,3288037,36,583,1861572,5604866,334486,378705,Rejected,0
5,Graduate,No,385537,4251564,36,342,781857,861726,379964,1056721,Rejected,0
3,Graduate,No,1016377,2755838,36,378,1163371,792158,240914,366206,Rejected,0
2,Not Graduate,Yes,593925,1477192,6,753,465015,182684,659864,223128,Rejected,0
4,Graduate,No,1440729,4459814,36,593,1146211,683924,170141,925484,Rejected,0
2,Graduate,Yes,1215681,3034853,36,617,1847583,527055,314352,326662,Rejected,0
0,Graduate,No,1130479,4178700,12,495,2113358,1067441,218880,342658,Rejected,0
4,Graduate,No,371879,2218160,48,634,616138,358360,2165689,100004,Rejected,0
1,Graduate,No,850247,1076808,18,506,2038255,593014,170785,365888,Rejected,0
3,Not Graduate,Yes,471019,4728031,12,327,3526469,836357,565091,645189,Rejected,0
5,Graduate,No,881936,3419961,48,641,1035824,2510832,1381502,295855,Rejected,0
5,Graduate,No,251890,1608113,60,348,1501028,1889021,137438,163125,Rejected,0
2,Graduate,No,385653,4252766,18,713,317923,1466699,325322,285757,Rejected,0
4,Graduate,No,1730842,144455,36,849,765435,927655,129714,260036,Approved,124636
3,Graduate,No,1102542,4658222,6,701,1837407,346534,54206,334929,Rejected,0
2,Not Graduate,Yes,740848,2935261,48,646,3071192,927197,153933,278424,Rejected,0
0,Not Graduate,No,545982,2990643,36,879,956960,259350,184744,1282635,Approved,2794879
2,Graduate,No,495742,165584,48,431,11106213,419608,194317,494284,Rejected,0
3,Not Graduate,No,1004736,961965,24,765,1898155,2267020,232545,118311,Approved,743899
5,Graduate,Yes,745010,3631018,24,424,577208,789889,301567,420528,Rejected,0
0,Graduate,No,2107064,2835337,48,300,3938706,606418,108473,388968,Rejected,0
4,Not Graduate,No,813035,725529,6,444,586113,676520,404503,922970,Rejected,0
5,Not Graduate,Yes,929541,3362513,18,601,1918964,461672,841440,358617,Rejected,0
5,Not Graduate,No,419355,3757469,24,338,747168,80011,929671,351478,Rejected,0
2,Graduate,No,738049,1435196,36,467,541934,170695,240479,1473746,Rejected,0
0,Graduate,No,992017,3477895,6,329,3086628,844936,641358,189292,Rejected,0
1,Graduate,No,733159,4867708,36,446,1234458,228639,168163,699135,Rejected,0
5,Graduate,No,689040,2464029,24,732,5472410,456304,224062,418295,Rejected,0
5,Not Graduate,No,1077280,1223698,36,391,699084,176140,420956,281706,Rejected,0
3,Graduate,No,2070504,4813503,60,458,465676,271444,225716,254114,Rejected,0
0,Graduate,No,974698,4565628,24,381,1046777,498192,102459,1035160,Rejected,0
0,Graduate,No,1688671,2338547,36,531,13109625,1096512,609141,554008,Rejected,0
2,Graduate,Yes,1266834,2183386,36,757,2803593,1300217,148334,609260,Approved,1993960
3,Graduate,Yes,1634005,4186188,12,622,2272510,267780,192829,745687,Rejected,0
0,Graduate,No,643582,102715,48,420,2329537,648918,737504,508161,Rejected,0
4,Graduate,No,803185,1630287,60,492,1042720,148858,473589,190332,Rejected,0
3,Graduate,No,805022,2762117,48,702,11617096,524559,348444,133122,Rejected,0
0,Graduate,Yes,1215423,3304821,60,587,2114946,1124314,86045,1175225,Rejected,0
0,Graduate,No,1391617,3178601,36,576,1971318,472302,111606,462698,Rejected,0
2,Not Graduate,No,964081,1915621,36,819,3139653,1529876,420527,422821,Approved,1833507
4,Graduate,No,1457654,4359881,18,792,577257,1018401,512504,1414696,Rejected,0
4,Graduate,Yes,660213,3283190,60,446,775657,613840,371983,189884,Rejected,0
2,Graduate,No,1464622,2748760,36,723,1247735,404382,200558,68376,Rejected,0
1,Not Graduate,No,1573551,4699475,24,775,3154914,317484,195033,112547,Rejected,0
5,Not Graduate,No,1306383,561234,48,840,566615,144798,360409,275845,Approved,470370
2,Graduate,Yes,968926,3578118,36,458,1426108,166289,103521,434192,Rejected,0
1,Graduate,Yes,1332381,4641387,60,737,1282521,1164798,324316,1059566,Rejected,0
2,Graduate,No,550426,3342944,48,412,460554,1810295,92142,721777,Rejected,0
0,Not Graduate,No,1003746,2870239,60,567,1024051,199483,122615,66568,Rejected,0
1,Graduate,No,1061752,1885593,36,343,2252756,529836,349067,2841108,Rejected,0
3,Graduate,Yes,433183,1430503,36,662,493128,131145,492517,300092,Rejected,0
5,Not Graduate,No,1168430,2774850,48,711,4323071,217967,401141,944757,Rejected,0
4,Not Graduate,No,452843,4504408,12,568,2130804,623571,116330,586207,Rejected,0
4,Graduate,Yes,711261,2364840,12,547,1944432,321731,61155,401500,Rejected,0
3,Graduate,No,919898,692476,60,445,1509240,98086,297887,338840,Rejected,0
0,Graduate,No,602140,2469744,60,763,661149,2155209,59699,183609,Rejected,0
2,Graduate,No,941806,577666,60,847,921449,479543,669509,162383,Approved,570022
5,Graduate,No,933556,4686865,12,379,1967682,195559,119659,356060,Rejected,0
0,Not Graduate,No,573234,2721545,24,465,920097,557486,2003885,151370,Rejected,0
5,Not Graduate,No,1230014,1148032,60,662,1728108,466786,132435,1267756,Rejected,0
4,Graduate,Yes,591173,3161933,12,519,764376,715628,444652,428088,Rejected,0
1,Graduate,No,3167762,2735059,36,307,2104415,374552,160399,1730845,Rejected,0
4,Graduate,Yes,847407,2603700,24,312,2225598,653098,260040,294870,Rejected,0
5,Graduate,No,472569,3000743,60,440,442506,1115099,350780,264569,Rejected,0
0,Not Graduate,No,523746,4652061,36,881,1577666,163065,623302,604906,Approved,3992921
0,Graduate,No,1691827,4294449,24,666,479129,277367,713634,333608,Rejected,0
3,Graduate,No,718641,1387822,36,453,371459,1020431,556687,790467,Rejected,0
5,Graduate,No,425100,1274843,12,333,960834,312915,724708,1094679,Rejected,0
0,Graduate,Yes,1439335,4952152,48,754,12220969,466467,177698,863393,Rejected,0
3,Graduate,No,716107,3259924,36,526,2683189,335216,520744,1039565,Rejected,0
0,Not Graduate,Yes,1289198,194811,36,536,4261167,353466,224533,708943,Rejected,0
3,Not Graduate,No,1505614,2695014,24,637,2367365,328854,693725,272361,Rejected,0
3,Graduate,No,1046650,680816,24,437,1749881,171524,330968,888361,Rejected,0
0,Not Graduate,Yes,3361504,246130,12,737,2935885,738725,508266,651831,Approved,236250
4,Graduate,No,348552,1009814,60,488,928474,1233444,384344,259577,Rejected,0
5,Not Graduate,No,573938,1347612,24,724,2134753,430347,572552,283674,Approved,1103503
5,Graduate,No,781818,489921,36,610,3626574,1120636,151000,375102,Rejected,0
0,Graduate,No,3121410,4194019,24,389,2534589,329372,78859,870877,Rejected,0
1,Not Graduate,Yes,2419451,2247267,60,674,3809699,313253,695343,434117,Rejected,0
1,Graduate,No,1828360,2804407,48,345,1720156,708890,941080,398421,Rejected,0
2,Graduate,Yes,581509,4340324,12,729,5336263,719011,271855,357830,Rejected,0
0,Graduate,No,620026,4201957,36,526,1283116,454302,597777,312349,Rejected,0
5,Graduate,Yes,570599,4121721,36,702,7342904,888654,75104,177101,Rejected,0
4,Graduate,No,584940,1061849,48,444,2306360,167449,176880,697932,Rejected,0
4,Graduate,No,2045469,3749309,60,544,1124688,386152,321644,196228,Rejected,0
1,Not Graduate,Yes,787074,4978981,48,483,619475,1135358,68635,419390,Rejected,0
0,Graduate,No,846467,136306,60,450,818298,1132763,81754,300446,Rejected,0
5,Graduate,No,1377888,4353696,36,505,730478,1017628,343107,683961,Rejected,0
1,Graduate,Yes,360486,4341960,24,332,1403439,1190628,179281,314839,Rejected,0
3,Not Graduate,No,926441,4222590,36,538,576948,364289,223432,197768,Rejected,0
5,Graduate,No,492313,2042845,48,374,3955211,117353,212390,799495,Rejected,0
0,Graduate,No,765452,1074787,18,611,1629881,401272,100760,224364,Rejected,0
0,Graduate,No,651882,3685025,36,354,1581031,858515,249358,445742,Rejected,0
0,Not Graduate,No,633655,3152983,12,305,625894,986466,296526,975671,Rejected,0
0,Not Graduate,No,1018886,3661902,18,563,842558,319666,182816,239935,Rejected,0
0,Graduate,Yes,1016441,1354100,60,479,283708,219597,195885,372041,Rejected,0
4,Not Graduate,Yes,797509,969853,12,827,5047126,238979,252246,295786,Approved,918872
3,Graduate,Yes,1103532,4517766,48,458,517978,314974,602194,438552,Rejected,0
5,Graduate,No,558166,2625435,24,539,548284,99687,276854,381282,Rejected,0
4,Graduate,No,1309325,4271408,36,441,4329037,319429,58347,761846,Rejected,0
5,Graduate,No,803507,4638287,60,834,2005992,520767,108745,259034,Approved,3996587
1,Graduate,Yes,689785,2350454,48,773,1642169,460083,662370,975933,Rejected,0
1,Graduate,No,581306,1388938,48,403,1936082,377616,167506,1229952,Rejected,0
5,Graduate,No,788101,4489673,24,451,3067584,278310,278264,478686,Rejected,0
1,Graduate,No,2518066,3603637,24,412,1616675,307269,1540619,230065,Rejected,0
0,Graduate,Yes,869199,3363330,48,390,471335,311922,513282,388654,Rejected,0
4,Not Graduate,No,479610,4794451,48,444,2599600,910748,48313,366519,Rejected,0
4,Not Graduate,Yes,1491810,1306737,48,811,2059005,499605,1024494,1383153,Approved,1008565
5,Graduate,Yes,694251,1867093,48,575,3611525,7379216,340693,372131,Rejected,0
5,Graduate,No,1052015,291170,18,530,587806,376953,410628,1053026,Rejected,0
0,Graduate,No,645020,1999405,24,414,868019,725456,388513,432456,Rejected,0
4,Graduate,No,1820416,2287960,60,410,2012810,384168,652059,413041,Rejected,0
5,Graduate,No,650328,2317556,36,633,738659,376314,280340,312120,Rejected,0
4,Graduate,No,1941501,839416,48,751,256875,1886774,85153,333186,Approved,692182
4,Not Graduate,Yes,505375,4064293,36,635,1739266,1167388,394958,745657,Rejected,0
5,Graduate,No,766087,2497433,60,694,2935039,112519,92688,239857,Rejected,0
2,Graduate,No,1943785,2252495,60,457,1361744,209655,1405126,783116,Rejected,0
0,Graduate,Yes,987218,4333267,24,868,2262717,445324,220514,1096716,Approved,4223007
2,Not Graduate,No,3139130,2482605,60,794,2029909,322164,287092,264327,Approved,2378688
1,Graduate,No,776167,4471563,24,827,1511854,138730,168875,931732,Approved,3604006
0,Not Graduate,Yes,1036669,1189355,24,701,1661029,551721,400244,833164,Rejected,0
0,Graduate,No,2566316,4268147,60,717,4126042,101312,441418,735031,Rejected,0
4,Graduate,No,391403,4942891,24,342,727804,556879,168491,256267,Rejected,0
3,Graduate,No,365634,3777263,24,396,2678478,929910,440930,367925,Rejected,0
3,Graduate,No,581067,4472536,36,379,618664,1049883,317777,367574,Rejected,0
4,Not Graduate,No,1407753,3726844,60,590,826447,442279,276523,1728378,Rejected,0
3,Graduate,No,371287,3041246,12,653,3678125,1805877,158377,397192,Rejected,0
3,Not Graduate,No,1249841,3842494,48,371,605374,662811,2145252,351835,Rejected,0
0,Graduate,No,1202410,4806745,36,751,1251411,1026140,819878,179094,Rejected,0
5,Not Graduate,No,2725234,3064665,24,630,8815182,267410,557181,202586,Rejected,0
2,Not Graduate,Yes,1599444,3466289,48,657,3236939,1822561,781561,247785,Rejected,0
0,Graduate,No,1099513,488073,36,850,862937,498745,387108,515120,Approved,441963
4,Graduate,Yes,1900587,4799618,48,651,981274,1910010,222928,147617,Rejected,0
4,Not Graduate,No,1210504,3910847,48,302,1320325,1586108,31727,250974,Rejected,0
0,Graduate,No,698794,891525,60,762,4012535,622411,106447,108720,Approved,793971
1,Not Graduate,No,479556,1519515,48,826,707675,705878,1889475,1067204,Approved,1082901
0,Graduate,No,658025,1204741,12,350,676271,429088,804285,430932,Rejected,0
1,Graduate,No,880380,1666097,48,624,2561210,249212,356293,497081,Rejected,0
0,Graduate,No,990941,4437394,36,582,425118,829254,78483,186508,Rejected,0
4,Not Graduate,No,278116,2374736,12,390,757416,793969,514575,901779,Rejected,0
3,Not Graduate,No,797623,2157384,36,465,1407265,126310,236854,1145512,Rejected,0
5,Graduate,No,914260,3916979,48,814,1462431,466028,542966,419184,Rejected,0
4,Not Graduate,Yes,1216265,1918673,18,535,539022,1045678,116589,286025,Rejected,0
3,Not Graduate,No,2202031,4440571,24,622,1955743,1737990,197814,588770,Rejected,0
3,Graduate,No,996754,3796243,36,767,2272292,926234,636592,669026,Approved,2729626
0,Graduate,No,545736,1359347,24,569,912651,137680,1544450,735609,Rejected,0
0,Not Graduate,No,331110,3188596,60,835,5212362,204043,171419,636630,Rejected,0
3,Graduate,No,1313238,2465273,18,600,1935121,372602,128267,785452,Rejected,0
0,Graduate,No,558021,1785951,48,892,705972,1641882,715682,246317,Approved,1434784
0,Not Graduate,Yes,1449763,4540906,48,388,5058401,298447,102807,757330,Rejected,0
1,Graduate,No,1941034,2049517,24,833,1013056,1229568,109285,291140,Approved,1542310
5,Not Graduate,No,384965,671980,36,367,1715355,294402,376090,69028,Rejected,0
2,Not Graduate,No,1220524,2101080,18,788,1041206,786296,1766252,289274,Approved,1992023
4,Not Graduate,No,1832318,2632281,18,697,2395471,224884,145811,271438,Rejected,0
2,Graduate,Yes,1576349,719023,36,636,1045316,424057,219092,473518,Approved,705017
1,Graduate,No,284117,3739265,18,829,1093980,191089,329768,719142,Rejected,0
2,Graduate,No,562779,1224814,48,685,1330403,1704868,200732,457800,Rejected,0
0,Graduate,No,445098,552878,36,717,1029427,276991,66818,1631918,Rejected,0
4,Graduate,No,1200274,2733898,12,753,3351225,134227,593149,276979,Approved,1922933
1,Graduate,No,1129719,888741,24,805,583985,125492,351482,99491,Approved,878278
2,Graduate,No,204089,3930953,60,439,1458786,464978,409779,485928,Rejected,0
5,Graduate,Yes,762755,435210,24,807,1604102,338746,265957,273163,Approved,360502
3,Graduate,Yes,1397990,2153337,48,654,1366140,867854,1085701,187070,Rejected,0
2,Graduate,No,976311,353511,12,319,3100890,409427,195376,324794,Rejected,0
3,Graduate,No,975394,1978429,60,851,485539,1347060,120096,231152,Approved,1772211
4,Not Graduate,No,736308,4673103,24,763,2296539,360324,1233898,247674,Rejected,0
1,Graduate,No,502692,3287529,36,835,589636,1196454,46291,1161209,Approved,3025364
3,Not Graduate,Yes,891597,2722236,36,764,1024170,222502,263237,436371,Rejected,0
5,Not Graduate,Yes,926159,870544,24,507,545909,139320,281350,332192,Rejected,0
3,Graduate,No,1262419,1632957,48,510,1169290,248333,272166,1223896,Rejected,0
2,Graduate,No,1320109,1965676,6,466,972200,191555,80258,325262,Rejected,0
0,Graduate,No,943521,2935239,18,546,5125197,174177,109562,169080,Rejected,0
1,Graduate,No,1643518,1119867,18,320,1797667,710673,677273,158055,Rejected,0
5,Graduate,No,732297,4999739,36,748,2086117,399390,973913,378217,Rejected,0
3,Graduate,No,406743,3293067,60,752,653664,564036,210412,126708,Rejected,0
1,Not Graduate,Yes,1170018,1627862,12,892,2613063,782916,136009,176046,Approved,1230376
2,Not Graduate,No,964783,650583,60,630,5125021,119315,65806,306306,Rejected,0
3,Not Graduate,No,1182880,3015500,48,893,2880307,811634,667318,883438,Approved,2675014
3,Graduate,Yes,448966,2294332,12,426,560714,179502,701683,988050,Rejected,0
4,Graduate,Yes,2409881,3402108,12,584,1059036,306222,27512,634741,Rejected,0
1,Not Graduate,No,1330315,3021292,24,770,1627154,100113,38224,398916,Approved,2471842
3,Graduate,No,768159,3237756,12,774,972965,872185,336998,268320,Rejected,0
2,Graduate,No,538020,4185010,48,764,10026266,118974,376168,524957,Rejected,0
5,Graduate,No,1627547,2673366,36,580,1044729,180281,199947,1392479,Rejected,0
0,Graduate,No,490989,3650301,24,343,1452014,191745,291715,441623,Rejected,0
0,Graduate,No,3121739,1859253,48,820,956279,448165,243138,289474,Approved,1371647
2,Graduate,No,642349,4720030,24,529,1784660,436692,306815,358203,Rejected,0
3,Graduate,Yes,2318493,2099052,60,690,4230108,996971,139492,331882,Rejected,0
4,Graduate,No,813165,3431404,36,380,1634941,457476,296892,587335,Rejected,0
2,Graduate,No,2146954,4992419,24,862,1272782,1136278,169114,234368,Approved,3551615
5,Graduate,No,600773,1811029,36,454,670342,690236,157548,531547,Rejected,0
2,Graduate,No,909372,597785,24,899,3713937,223844,61370,595367,Approved,475504
0,Not Graduate,No,1401092,1235447,60,729,1346751,283580,258417,508923,Rejected,0
0,Graduate,Yes,1295351,1294570,24,498,1304008,1805520,593662,186997,Rejected,0
5,Not Graduate,No,1648818,377253,60,522,259568,1419307,227474,360263,Rejected,0
0,Not Graduate,No,688342,2765060,60,888,1363497,1007347,222143,276637,Approved,2699510
5,Graduate,Yes,942975,1460179,36,656,1110307,1126391,872309,379846,Rejected,0
1,Not Graduate,No,1788278,575593,48,716,381350,742457,716958,250845,Rejected,0
0,Not Graduate,No,610638,770558,36,668,3150854,664775,1310518,955088,Rejected,0
1,Graduate,Yes,1233107,1439623,12,443,1004041,521582,2043266,455906,Rejected,0
3,Graduate,Yes,797799,1909201,60,379,6216094,2118852,315559,128865,Rejected,0
2,Graduate,No,1007901,4874926,36,301,4333157,336854,112190,157695,Rejected,0
4,Not Graduate,Yes,942841,3542633,60,543,874186,613305,192638,929637,Rejected,0
3,Not Graduate,Yes,583380,3602196,36,710,4188951,117047,488253,352628,Rejected,0
2,Not Graduate,No,779781,3490967,12,481,5019708,148190,1020320,304477,Rejected,0
3,Not Graduate,No,974678,4035805,24,433,986283,2339040,123008,881340,Rejected,0
5,Graduate,No,850561,1659015,18,533,691405,844607,372698,359748,Rejected,0
2,Not Graduate,No,2137516,586909,18,439,297884,417304,152910,173274,Rejected,0
0,Graduate,No,1568493,2591907,48,561,1995304,534421,264840,181656,Rejected,0
2,Not Graduate,No,1055621,106412,6,631,722868,157623,261494,620623,Rejected,0
5,Graduate,No,591502,1162180,60,463,2040786,347480,414798,1655879,Rejected,0
1,Graduate,No,572025,3789728,24,318,979784,144777,1687932,719935,Rejected,0
5,Not Graduate,No,2665084,2564586,36,361,835827,389007,449263,306171,Rejected,0
3,Not Graduate,No,516439,3484236,24,550,984469,891478,208184,341300,Rejected,0
3,Graduate,No,958163,2599401,12,406,565866,735032,180936,413806,Rejected,0
1,Graduate,No,1097639,2759310,36,780,984127,1930163,255077,97270,Approved,2528002
5,Graduate,No,758366,1576354,24,399,863299,642349,143000,406626,Rejected,0
0,Not Graduate,No,518626,1170771,36,316,1484159,60819,337810,602043,Rejected,0
1,Graduate,No,584468,1371392,36,672,1621998,2624577,38638,1383707,Rejected,0
2,Graduate,No,666351,4010465,18,674,671718,244697,250703,858322,Rejected,0
2,Graduate,No,609216,4899915,36,703,3424889,573866,268158,1544432,Rejected,0
2,Graduate,Yes,1868032,501016,24,395,1330811,545205,111858,1297081,Rejected,0
0,Graduate,Yes,895494,2731905,18,709,4628786,613618,216797,1061831,Rejected,0
1,Graduate,Yes,674724,2405027,48,818,1797284,520848,777210,407404,Approved,1746672
0,Not Graduate,No,954532,2854176,6,663,1579792,528706,826355,509212,Rejected,0
3,Not Graduate,No,1299546,1241183,24,534,1037933,162588,190683,124256,Rejected,0
2,Not Graduate,Yes,744605,138191,36,589,2378796,4507705,468130,438215,Rejected,0
3,Graduate,No,1478058,1096346,36,788,1538242,869857,83936,594533,Approved,786734
3,Graduate,Yes,447315,991020,60,385,2855693,522543,233235,328032,Rejected,0
4,Not Graduate,Yes,1714046,356557,48,735,4997621,2392741,365026,135954,Approved,260516
3,Not Graduate,No,895579,1847447,48,462,869641,201034,1098467,1211272,Rejected,0
3,Graduate,No,876545,3451151,36,827,2376343,1046011,826885,531505,Approved,3089795
3,Not Graduate,No,614763,4833306,24,384,2326354,311911,358301,1333939,Rejected,0
3,Not Graduate,No,458095,3320448,6,610,2114988,703868,138240,672489,Rejected,0
3,Not Graduate,No,359864,958684,48,540,1083900,717227,951958,1042498,Rejected,0
1,Not Graduate,Yes,591622,1874669,24,592,1100473,68621,224649,902913,Rejected,0
1,Graduate,No,1243413,1586119,24,529,968074,148071,439219,248606,Rejected,0
4,Graduate,No,530432,1139591,36,322,953780,1925770,270327,280111,Rejected,0
2,Graduate,Yes,384041,4951770,48,815,798813,403537,1631391,296367,Rejected,0
3,Graduate,No,545885,3312613,36,620,1386929,2740652,178617,203367,Rejected,0
1,Not Graduate,No,728317,2457432,12,660,849677,1522661,653667,1376154,Rejected,0
2,Graduate,No,744244,2239997,60,613,2079646,414625,278756,412012,Rejected,0
3,Graduate,No,838407,1660198,12,617,1565462,384664,486638,551764,Rejected,0
3,Not Graduate,No,1588155,2142108,60,664,1702856,2029941,1188911,157550,Rejected,0
3,Not Graduate,Yes,1789130,3208359,24,552,1221828,2987449,54592,709438,Rejected,0
2,Not Graduate,No,2711885,4648249,60,378,1579548,391896,283781,300320,Rejected,0
5,Graduate,No,368226,2531881,60,317,1246043,1848349,140306,966948,Rejected,0
3,Not Graduate,Yes,562088,1006348,24,624,2691564,1200056,438191,247566,Rejected,0
4,Graduate,Yes,1321551,4791501,48,411,1076455,1389603,539916,1016160,Rejected,0
4,Graduate,No,701119,1643427,12,572,1987959,544889,201115,772836,Rejected,0
3,Graduate,Yes,1444946,507655,12,663,563092,282323,192489,288727,Rejected,0
5,Graduate,No,1008589,2766399,24,658,2558756,204055,356744,1079176,Rejected,0
0,Not Graduate,No,2145134,3973685,36,401,986117,165006,101652,893928,Rejected,0
5,Graduate,Yes,1597010,1362238,6,696,756738,2537320,398225,563522,Rejected,0
5,Graduate,No,1613166,1467523,36,865,638499,504673,149714,199524,Approved,1273479
3,Not Graduate,Yes,717566,1517298,60,517,601712,188963,559690,700324,Rejected,0
4,Not Graduate,No,853027,4052680,60,371,1045360,1172240,97864,418916,Rejected,0
3,Graduate,No,760903,4791226,18,602,4615572,332808,185231,414059,Rejected,0
1,Not Graduate,Yes,393135,4253830,36,670,925865,287516,158430,421216,Rejected,0
4,Not Graduate,No,2022051,1208123,18,537,286100,2899857,232839,391654,Rejected,0
1,Not Graduate,No,1356086,4261192,24,660,1973019,161339,966491,218225,Rejected,0
1,Not Graduate,No,744438,1617218,60,760,650361,610573,615759,138478,Approved,1516893
3,Not Graduate,No,1844421,4346809,60,647,2763701,302574,199547,119854,Rejected,0
5,Not Graduate,No,636314,4957827,18,778,1093800,264193,199400,493244,Rejected,0
2,Graduate,No,327478,3618825,18,387,1221353,144075,636700,73317,Rejected,0
2,Graduate,Yes,1566264,4780043,24,476,3681971,525975,111544,665022,Rejected,0
0,Graduate,No,445495,797780,24,633,2383958,237886,305762,570082,Rejected,0
0,Not Graduate,Yes,808126,3308663,12,455,589007,826566,179268,323615,Rejected,0
0,Graduate,No,1008039,354322,12,897,657718,480416,259264,820598,Approved,305848
0,Not Graduate,No,1112540,3296035,24,707,393694,383322,596765,333424,Rejected,0
5,Graduate,No,1435137,1769750,18,547,10568531,238972,169851,536175,Rejected,0
5,Graduate,No,1238756,4852616,48,765,785397,1687002,686639,101570,Rejected,0
4,Graduate,Yes,1217842,2525842,48,890,3606814,934430,1945806,83278,Approved,1838734
0,Graduate,No,582589,3835962,36,306,1006279,280190,501293,339249,Rejected,0
0,Graduate,No,1058099,1582842,24,634,667359,157478,279306,537788,Rejected,0
1,Graduate,No,393209,466853,48,556,1524453,100466,802191,777938,Rejected,0
3,Not Graduate,No,2125092,3736814,18,753,1174059,1314693,116894,353323,Rejected,0
2,Graduate,Yes,416124,1186526,60,484,2737024,1082908,1093014,475355,Rejected,0
2,Graduate,No,743860,3639973,6,495,2762823,1217059,158171,693556,Rejected,0
1,Graduate,Yes,435726,2376774,60,760,963541,451404,1894409,365780,Rejected,0
4,Graduate,Yes,602329,4862431,12,835,509411,991995,163078,603379,Rejected,0
1,Graduate,No,906672,1827799,48,386,611153,1197179,526488,181508,Rejected,0
0,Not Graduate,No,672887,2062808,6,669,270799,471200,79690,125457,Rejected,0
4,Not Graduate,Yes,1688727,3728524,48,767,1220939,368773,250265,275272,Rejected,0
5,Graduate,Yes,1019625,3950066,36,398,1486783,218059,119826,688001,Rejected,0
0,Graduate,No,697704,716298,6,697,636573,718262,88102,243163,Rejected,0
2,Graduate,Yes,836248,3731880,48,888,581425,804274,835871,630826,Approved,2870412
4,Graduate,Yes,1760283,2508055,12,806,1482014,353914,105674,194919,Approved,2493547
4,Not Graduate,Yes,1483670,4944873,36,416,933793,391184,160609,266055,Rejected,0
5,Graduate,Yes,481098,3192128,24,895,1278603,415677,145462,473851,Approved,2469616
2,Not Graduate,No,618957,3890715,48,514,1138881,979618,790366,250703,Rejected,0
2,Graduate,No,1168562,1785136,60,586,1807623,155467,712412,282279,Rejected,0
4,Graduate,No,1093071,1489515,36,475,981676,195418,883184,64430,Rejected,0
0,Graduate,No,505064,3946875,48,720,1039674,198686,153744,719774,Rejected,0
1,Graduate,No,1358878,174834,60,375,365721,440696,944771,368133,Rejected,0
3,Not Graduate,No,551374,2944133,36,726,1444431,653664,152634,206383,Rejected,0
4,Graduate,No,1843644,4844015,24,333,1603172,201555,157953,1442724,Rejected,0
0,Not Graduate,No,1204225,4956776,36,807,1312837,1082754,165648,230228,Rejected,0
3,Not Graduate,No,482913,3608739,18,495,6292388,1733435,170856,278826,Rejected,0
2,Graduate,No,672769,2536811,36,611,1694774,710761,277720,204019,Rejected,0
3,Graduate,No,666368,4081773,18,437,1333900,1298519,147068,866190,Rejected,0
5,Graduate,No,982723,171857,48,364,2181088,229686,365214,1091293,Rejected,0
0,Graduate,No,804489,3986897,36,313,7316359,234382,32648,1017587,Rejected,0
5,Not Graduate,Yes,479324,1030874,36,888,1813044,774361,364201,1010820,Approved,721757
2,Graduate,No,418030,3705230,12,381,283046,483942,118813,263314,Rejected,0
4,Not Graduate,No,1217260,1805263,6,334,2074062,234012,169828,1289700,Rejected,0
2,Graduate,Yes,1053449,3782225,48,608,775722,1678907,173350,348815,Rejected,0
1,Graduate,No,953787,3056124,36,878,354733,644568,668796,135859,Approved,3021894
4,Not Graduate,No,1044504,4654346,60,349,5358243,908193,460675,296761,Rejected,0
4,Graduate,Yes,640334,3958409,36,453,4556478,281884,260622,502518,Rejected,0
0,Not Graduate,No,995844,4579146,18,634,760775,2085013,163340,254700,Rejected,0
4,Graduate,Yes,3635758,841032,36,595,764519,437934,583607,443320,Rejected,0
4,Not Graduate,No,1717125,1958211,48,387,1691457,1188927,1379237,582353,Rejected,0
2,Not Graduate,No,767985,2243324,12,871,772272,304662,292946,533199,Approved,1846091
5,Not Graduate,No,674884,251711,36,515,1355486,577067,77108,632739,Rejected,0
3,Graduate,No,186635,211588,18,706,878604,803333,165062,352634,Rejected,0
2,Not Graduate,No,1619992,289539,24,575,1110892,2726310,482565,240415,Rejected,0
0,Graduate,No,1387179,3859403,6,651,523195,344068,205918,142928,Rejected,0
4,Not Graduate,No,667333,2288528,36,843,2788877,593945,144589,376102,Approved,2157170
1,Graduate,No,409508,3783347,48,495,3699904,826901,139341,274624,Rejected,0
4,Graduate,No,476753,4191400,18,789,1391402,150204,324313,368180,Rejected,0
3,Graduate,No,1149191,276944,48,475,1459776,78761,81453,93883,Rejected,0
2,Graduate,No,856845,4253295,48,490,2404478,214465,291291,138180,Rejected,0
0,Graduate,No,1316551,1205739,24,319,1502140,1137640,323429,571606,Rejected,0
4,Not Graduate,Yes,943823,2081509,12,508,5488407,2150711,204729,127310,Rejected,0
0,Graduate,Yes,1531667,4818330,24,652,558888,228165,123637,350177,Rejected,0
2,Not Graduate,No,1102859,1577897,18,684,2861001,177753,712960,223611,Rejected,0
5,Graduate,Yes,1419745,4705272,60,558,1376871,1842986,96633,213884,Rejected,0
5,Not Graduate,No,285165,2582347,48,514,646977,309202,347444,424614,Rejected,0
5,Not Graduate,No,456462,165388,12,434,8091237,364522,556893,408077,Rejected,0
5,Graduate,No,736568,4179462,36,843,8974304,1728263,343548,586317,Rejected,0
3,Not Graduate,Yes,1629710,317259,24,530,1283464,1502828,854304,184945,Rejected,0
1,Not Graduate,No,2531801,3218831,6,483,2093860,1106065,114285,215367,Rejected,0
5,Not Graduate,No,822267,2346026,24,865,1053455,116729,153163,878070,Approved,1778208
4,Graduate,Yes,642923,785048,12,682,1188562,171558,202701,341799,Rejected,0
5,Graduate,No,307097,2621601,18,809,641524,1296003,4919070,516764,Rejected,0
3,Not Graduate,No,1447155,1874946,24,533,574226,655118,461931,282444,Rejected,0
0,Graduate,No,665002,582773,24,558,5980939,258148,541610,550120,Rejected,0
3,Not Graduate,No,4580112,2821587,36,738,1457014,373058,522764,70059,Approved,2267565
2,Graduate,Yes,599276,314870,36,888,1558001,1285555,320788,895557,Approved,261513
5,Not Graduate,No,2864921,2737486,24,774,816749,1831841,732018,290837,Approved,2610064
2,Graduate,No,1358310,1207427,36,577,1729691,497468,61192,166871,Rejected,0
1,Graduate,Yes,511245,4170107,24,659,485595,278865,379635,190132,Rejected,0
0,Not Graduate,No,1022569,4756260,60,509,839592,395614,431716,332604,Rejected,0
5,Not Graduate,No,1375612,4667642,12,574,609958,1565897,713109,370253,Rejected,0
4,Not Graduate,No,795130,4694691,36,533,3955584,1540114,112331,441554,Rejected,0
0,Not Graduate,No,1426937,592269,18,359,434544,589765,119583,173575,Rejected,0
2,Graduate,No,1409755,2597803,24,825,619436,318793,126183,736040,Approved,2420194
2,Graduate,No,1249353,1199597,36,382,322960,1255085,467666,277126,Rejected,0
2,Graduate,Yes,891883,573880,48,460,769477,1986463,473371,267587,Rejected,0
5,Graduate,Yes,471622,2021569,60,452,1062712,145347,133814,341407,Rejected,0
0,Graduate,No,862783,2203615,36,433,3123020,410363,1526782,636158,Rejected,0
1,Not Graduate,No,991511,1552350,24,599,1269936,1335650,382680,390620,Rejected,0
1,Graduate,No,320719,659409,48,877,1102439,532312,333405,273643,Approved,643125
1,Graduate,Yes,987794,2100623,18,497,1878355,330072,251464,318889,Rejected,0
5,Graduate,No,853337,861267,36,741,1076040,585238,661627,939055,Approved,744204
5,Graduate,Yes,441091,299534,48,740,9142154,685197,417737,837335,Approved,265835
0,Graduate,Yes,749376,2311385,24,759,962918,191866,1495411,516746,Rejected,0
3,Graduate,Yes,758148,423465,36,674,2045718,540116,106908,443852,Approved,312590
1,Graduate,No,2601769,4833205,12,744,2787951,683237,80645,2020276,Approved,4172522
1,Graduate,No,1015829,4207972,12,757,942405,329438,159929,553313,Rejected,0
1,Not Graduate,Yes,1591162,4636848,60,710,1698073,257764,480165,453907,Rejected,0
1,Graduate,Yes,843531,602650,18,635,1030280,316525,208493,347237,Rejected,0
2,Not Graduate,No,321096,2378433,24,354,1842237,219057,883734,513490,Rejected,0
5,Graduate,No,1302685,4137968,36,605,1617947,1030331,214704,47455,Rejected,0
3,Graduate,No,626652,2920092,24,752,1350200,216700,752503,821281,Rejected,0
4,Graduate,Yes,748308,1601909,12,505,630522,587159,148063,164223,Rejected,0
2,Not Graduate,No,504345,4174580,18,449,6069257,363776,820060,241969,Rejected,0
0,Graduate,No,936751,1615194,36,657,2328594,274335,960604,150105,Rejected,0
0,Graduate,No,1616863,4871763,24,379,455658,1603969,185622,238883,Rejected,0
1,Graduate,Yes,1503274,593660,48,732,1094380,447395,454824,315209,Approved,579235
1,Not Graduate,No,2153391,3559396,24,890,462281,283049,376659,745467,Approved,3313011
5,Not Graduate,No,2328018,164990,60,591,2656544,260931,465440,986151,Rejected,0
5,Graduate,Yes,292120,4579970,24,316,1475694,667015,893864,1556567,Rejected,0
5,Not Graduate,No,466801,1840914,24,463,1504595,1009497,686092,429676,Rejected,0
3,Not Graduate,No,332916,199933,60,319,797471,1472548,464415,343134,Rejected,0
3,Graduate,No,1274051,4193249,48,576,1183874,433590,527093,690325,Rejected,0
3,Graduate,No,614740,4840572,24,486,2707033,412006,101993,219986,Rejected,0
2,Graduate,No,687695,4607782,24,764,3311295,558871,289745,203440,Rejected,0
4,Not Graduate,No,798924,2480116,48,807,2830012,576321,117625,309332,Approved,1935082
4,Graduate,Yes,1110770,401769,12,561,468294,259397,295405,390636,Rejected,0
4,Graduate,No,397609,1216078,24,887,1304576,1733085,775160,94129,Approved,1037574
3,Graduate,Yes,450348,251449,36,570,1813847,509534,298207,844149,Rejected,0
0,Graduate,No,900642,317077,48,371,864489,787716,35660,473199,Rejected,0
4,Not Graduate,Yes,1740112,878123,36,845,432230,717228,123224,699386,Approved,856081
2,Graduate,No,887516,2859488,36,537,571490,704826,491621,133236,Rejected,0
4,Not Graduate,No,582298,3854820,60,832,4619545,212965,189717,251116,Rejected,0
3,Graduate,Yes,276132,2965737,12,741,613773,497287,584087,242359,Rejected,0
5,Graduate,Yes,1519849,1103925,48,864,1554472,3474621,107518,347076,Approved,872781
2,Graduate,No,600422,3048563,12,687,1334043,1926965,414985,390712,Rejected,0
5,Not Graduate,Yes,478810,1230971,48,656,1336600,571386,433085,735224,Rejected,0
5,Graduate,No,350362,2359370,36,440,1180064,366051,587102,428631,Rejected,0
1,Graduate,No,407846,4455820,24,467,2711001,75906,171890,238056,Rejected,0
2,Not Graduate,No,530451,759262,36,497,1540604,327626,582079,1849858,Rejected,0
3,Graduate,No,789206,4387251,60,486,938215,467758,1079613,332143,Rejected,0
4,Graduate,Yes,462935,1427866,36,657,1558888,381797,43467,212022,Rejected,0
4,Graduate,No,996784,3384417,6,822,575398,405077,313478,106896,Approved,2629828
5,Not Graduate,No,785915,1380250,12,321,2143465,848674,64611,426133,Rejected,0
2,Graduate,No,3054865,903667,36,671,900090,213643,144404,648720,Rejected,0
3,Graduate,No,352465,2306974,36,755,939823,630405,154778,180095,Rejected,0
2,Graduate,No,983589,1967631,24,566,2203949,455269,283525,619528,Rejected,0
5,Graduate,Yes,990389,2586585,18,465,1105147,236193,413514,424119,Rejected,0
1,Graduate,No,510601,1257269,48,559,1152811,2074753,647435,115597,Rejected,0
3,Graduate,Yes,948407,4893816,24,797,3600914,944114,375478,619830,Rejected,0
0,Graduate,Yes,1374261,3392044,12,849,722942,256254,531852,332264,Approved,2511275
5,Graduate,No,949053,4218945,24,710,2179845,776092,119948,181851,Rejected,0
2,Not Graduate,No,1927250,3921662,36,591,3057532,153479,736525,781563,Rejected,0
2,Graduate,No,271691,3648368,60,687,3598935,284477,18217,771217,Rejected,0
3,Graduate,Yes,566324,796455,36,706,7674131,1545407,1098247,179112,Rejected,0
2,Not Graduate,Yes,2025710,2981625,18,761,926686,674112,942846,491215,Rejected,0
5,Not Graduate,No,1486247,4499984,48,386,782324,629626,567550,461165,Rejected,0
3,Not Graduate,No,1211575,570940,24,345,2768697,1156937,1995008,381427,Rejected,0
3,Graduate,Yes,1773417,2367847,60,507,3036319,840666,64750,278803,Rejected,0
0,Graduate,No,313653,1003255,24,456,828958,398802,581898,360528,Rejected,0
0,Graduate,No,1394067,3995529,60,669,2157755,1108266,336508,771562,Rejected,0
2,Graduate,No,1616144,4663756,60,613,11572369,118985,369169,532653,Rejected,0
5,Graduate,No,626476,353024,60,851,1622492,283512,111581,103747,Approved,347490
5,Graduate,No,3821794,4026589,6,767,2998431,460448,419628,89214,Approved,3866137
3,Graduate,Yes,1002635,1866848,48,388,4894040,796461,403200,109015,Rejected,0
3,Graduate,No,269447,4823104,48,810,9808749,379312,166939,154581,Rejected,0
2,Graduate,No,1109977,172426,24,763,1803519,109745,282985,235767,Approved,133271
1,Graduate,Yes,605753,1038144,36,529,3839109,97398,98146,291364,Rejected,0
0,Not Graduate,Yes,1708109,3620575,36,334,830352,471882,214368,382058,Rejected,0
2,Not Graduate,No,1216537,3914211,60,776,1528254,333119,678902,390637,Rejected,0
1,Graduate,No,647771,489309,48,416,1073180,230702,690536,386619,Rejected,0
1,Graduate,No,2056464,884342,24,432,364751,200122,576617,890698,Rejected,0
1,Graduate,No,1508835,1757600,36,582,450765,560213,678654,123690,Rejected,0
0,Graduate,No,570800,270634,18,349,2070913,1512517,686240,505341,Rejected,0
3,Not Graduate,Yes,827799,3930569,24,539,2101669,560254,173602,503626,Rejected,0
5,Graduate,No,1195953,3381310,48,448,686770,1529766,400373,165271,Rejected,0
4,Graduate,No,736604,3769936,36,331,4823521,363840,755625,581211,Rejected,0
2,Graduate,No,748802,2401112,48,842,652450,728898,92866,519187,Approved,2278285
2,Graduate,Yes,918364,3237419,36,456,1819236,1577886,92412,388071,Rejected,0
1,Graduate,Yes,500799,2906684,24,626,1098599,437210,88167,73632,Rejected,0
0,Graduate,No,263584,3500701,48,790,1625274,511161,65764,785338,Rejected,0
3,Not Graduate,Yes,1026509,2307886,12,589,2942810,363688,122805,468786,Rejected,0
3,Graduate,Yes,301419,3291034,60,476,2647118,827359,191931,530579,Rejected,0
0,Graduate,No,521247,3262328,60,746,2550646,1076574,1084899,37261,Rejected,0
2,Graduate,No,339687,3242252,60,715,2317715,673977,206837,275725,Rejected,0
1,Graduate,No,363489,4375075,60,306,577473,411407,82671,146626,Rejected,0
1,Graduate,Yes,1137844,1813308,36,792,3512620,139748,345517,989164,Approved,1790754
4,Graduate,Yes,796419,4406653,36,371,677225,479835,255485,184555,Rejected,0
3,Not Graduate,No,780765,238011,48,743,1385332,424727,154311,1126590,Approved,193722
3,Graduate,No,436439,2482296,24,359,1152542,611066,181908,779349,Rejected,0
4,Graduate,Yes,627459,2264947,48,339,1950445,552184,743083,467037,Rejected,0
5,Graduate,No,1107040,4353617,18,373,1042820,1902939,90503,885575,Rejected,0
4,Graduate,Yes,874583,322752,60,745,1331868,276624,72812,206515,Approved,281057
3,Graduate,Yes,1414973,1162084,36,572,5051151,131057,446122,234107,Rejected,0
5,Not Graduate,Yes,1530264,2397450,48,661,567806,189323,178022,762893,Rejected,0
2,Graduate,No,783424,4095704,36,468,1497228,291788,1122328,207181,Rejected,0
5,Graduate,Yes,324946,2373987,36,372,650424,1254277,263124,158126,Rejected,0
4,Not Graduate,No,593620,3230851,60,772,2487374,165994,275466,319436,Rejected,0
3,Graduate,No,852920,975735,24,800,869722,185931,585433,215717,Approved,903430
5,Graduate,No,587177,4722145,18,804,1543986,710827,72417,1476212,Rejected,0
3,Graduate,Yes,503887,3942882,12,338,555418,1029181,399707,688294,Rejected,0
4,Not Graduate,Yes,935198,310622,36,855,3951598,133989,219864,267274,Approved,241623
1,Graduate,Yes,3425701,3550626,36,625,1584165,110870,718071,198444,Rejected,0
5,Not Graduate,No,688071,734142,36,417,1663276,256224,173126,507009,Rejected,0
3,Not Graduate,No,898612,2841744,6,419,2793405,874250,348654,918503,Rejected,0
4,Not Graduate,Yes,437368,3571370,6,602,586788,564732,221111,490341,Rejected,0
2,Not Graduate,No,1783379,4636952,60,662,945727,264312,426131,205561,Rejected,0
5,Not Graduate,No,1456080,445475,36,329,1704047,937413,242332,146317,Rejected,0
0,Not Graduate,Yes,1401851,1507217,12,598,400106,555722,374933,306986,Rejected,0
0,Not Graduate,Yes,1901280,3482846,12,444,433655,456301,1331465,498979,Rejected,0
3,Not Graduate,Yes,711487,1383958,18,851,810194,126775,235261,287760,Approved,1068015
4,Not Graduate,Yes,762090,3591735,48,669,637448,259736,422470,809862,Rejected,0
4,Not Graduate,No,2304982,998835,48,523,1159012,2638581,2094940,578527,Rejected,0
2,Graduate,Yes,1274610,901549,36,553,2219516,375688,417865,472298,Rejected,0
3,Graduate,No,265555,2767755,36,803,2632346,221702,37892,570594,Approved,2323088
3,Graduate,No,1155798,3476594,60,715,5827121,361295,170283,151269,Rejected,0
5,Not Graduate,No,653577,1106250,24,532,1474762,553261,107834,282225,Rejected,0
3,Graduate,No,1474965,4382376,24,804,1684105,1059392,656847,193116,Rejected,0
2,Not Graduate,No,1126532,4357589,24,673,1472269,847703,277005,523499,Rejected,0
5,Not Graduate,No,345536,497900,60,335,1907257,281322,740831,195187,Rejected,0
0,Not Graduate,No,1043412,1591118,36,679,2022310,1473578,504519,423613,Approved,1583390
5,Graduate,No,1010540,2824993,36,864,2995327,999338,502672,356490,Approved,2241513
0,Not Graduate,Yes,1099157,2505562,48,818,2986557,342491,106056,608781,Approved,2428266
1,Not Graduate,No,1235135,1349458,18,325,2214413,448379,460790,173087,Rejected,0
4,Not Graduate,Yes,2049141,2694603,24,830,4655711,833119,958514,548780,Approved,2558368
4,Not Graduate,No,1130069,4817617,36,889,1530406,1246514,87685,189205,Approved,4726110
5,Graduate,No,911406,1607468,60,397,948180,137516,229112,203658,Rejected,0
4,Graduate,No,1692187,1173215,18,683,1071898,530856,405467,362001,Rejected,0
3,Graduate,No,3089925,3718256,36,753,1385539,486945,326065,922877,Approved,3504386
2,Not Graduate,Yes,1488737,2896322,60,326,665470,307837,1017274,221926,Rejected,0
0,Graduate,No,1008085,3491158,48,797,946901,306488,557250,115238,Approved,2763110
0,Not Graduate,No,1141715,3267255,36,536,638002,1225162,423672,206391,Rejected,0
1,Not Graduate,No,1036100,3827974,24,479,1941450,787674,601089,305470,Rejected,0
0,Graduate,No,909213,3673449,18,455,1955862,2996642,574459,1479999,Rejected,0
3,Graduate,Yes,2960871,3069010,24,603,398033,308057,310658,524946,Rejected,0
4,Graduate,No,596104,2326995,24,779,918424,561815,221891,236084,Rejected,0
5,Not Graduate,Yes,1698657,2354893,48,793,5896487,650573,696136,362337,Approved,2336809
2,Graduate,No,839808,1400373,48,435,2405602,1070927,159519,1201279,Rejected,0
5,Graduate,No,398682,2299694,48,797,2109008,1586458,282124,338053,Rejected,0
5,Not Graduate,No,811448,3064532,18,796,911444,541411,112231,340904,Rejected,0
5,Graduate,No,666252,3611020,24,336,1860652,197167,558753,301165,Rejected,0
2,Not Graduate,No,1236527,3887298,48,487,1483765,273243,855278,651131,Rejected,0
1,Graduate,No,946348,1947473,18,309,825229,564492,135445,276908,Rejected,0
5,Graduate,No,513002,3691493,12,894,1035747,1298488,263207,736615,Approved,2967608
1,Graduate,No,2021205,2242573,24,583,1053402,146227,199483,841684,Rejected,0
2,Graduate,No,1639208,1855938,18,462,491133,184954,748304,614561,Rejected,0
0,Graduate,No,2153232,901988,12,837,555876,951642,1000453,341900,Approved,702223
4,Not Graduate,No,1025284,1402833,24,711,1291576,166505,199647,150285,Rejected,0
3,Graduate,Yes,882485,3430189,60,865,794110,192162,21678,341956,Rejected,0
0,Graduate,Yes,1325246,1160546,12,780,1196950,1313782,799242,250501,Approved,1099553
1,Graduate,Yes,655097,476931,36,874,449880,414256,311722,231864,Approved,351304
3,Graduate,Yes,966738,1432604,36,430,2735898,388180,312746,338291,Rejected,0
3,Not Graduate,No,817109,4953510,36,422,7140799,1599838,680576,559436,Rejected,0
4,Graduate,Yes,402955,833901,36,345,3241421,202568,220163,258656,Rejected,0
1,Not Graduate,No,965354,804314,6,506,3502112,170754,175572,152795,Rejected,0
5,Graduate,Yes,706175,2075557,6,631,2399012,1997075,221723,204454,Rejected,0
2,Graduate,Yes,787601,1976594,36,639,1830620,609679,454640,1305977,Rejected,0
4,Graduate,No,1099352,4609471,60,706,1600566,891011,633275,587328,Rejected,0
1,Graduate,No,1812184,1265125,24,740,755459,383825,1202266,204599,Approved,1193980
0,Not Graduate,No,564292,2144513,36,791,2516847,456688,422701,986110,Approved,2056719
0,Graduate,No,747914,1524225,60,612,2407278,274900,265297,338151,Rejected,0
2,Graduate,No,590872,1324472,48,463,1059935,655246,637175,1970579,Rejected,0
5,Not Graduate,No,570091,1680021,48,564,2225470,1013612,131396,480535,Rejected,0
0,Graduate,Yes,648967,1359860,36,824,891372,590632,1002510,594266,Approved,1056193
2,Not Graduate,Yes,807826,3619850,60,790,934983,1231981,359047,718788,Rejected,0
0,Not Graduate,No,1242181,3971632,36,850,2682621,877998,247002,1131895,Approved,3552933
5,Not Graduate,No,1073457,966071,36,624,2071682,205087,131757,294171,Rejected,0
4,Not Graduate,No,503268,2529959,48,768,1260498,442118,511159,1065449,Rejected,0
4,Not Graduate,No,1833868,1392897,24,548,1155711,341543,236337,258478,Rejected,0
4,Graduate,Yes,1512957,4351150,60,304,1710088,948638,276896,310583,Rejected,0
3,Not Graduate,No,548256,595909,60,747,378672,740227,72477,402506,Rejected,0
4,Graduate,No,1764558,2104893,36,352,849708,557177,207329,761862,Rejected,0
0,Not Graduate,No,1077298,1724154,18,681,580790,1183414,185038,317449,Rejected,0
5,Not Graduate,Yes,825793,1880991,48,899,1513394,102389,428187,1270251,Approved,1808426
4,Graduate,No,1095908,4712085,24,315,3393728,299450,238957,1012300,Rejected,0
4,Not Graduate,Yes,887333,2749744,36,741,2145417,321843,31571,411242,Rejected,0
2,Not Graduate,No,1214622,1962534,12,821,1022082,619295,210824,203411,Approved,1606466
4,Graduate,Yes,997666,4059016,48,676,882954,799908,87136,806132,Rejected,0
2,Graduate,No,747557,3908958,60,714,852199,499445,123639,92252,Rejected,0
0,Not Graduate,Yes,295359,809599,12,841,6720603,163513,704215,672075,Approved,796163
5,Not Graduate,No,1202725,2362349,48,767,1578558,706529,71389,224706,Rejected,0
1,Graduate,No,732808,2119290,60,323,1742426,557499,385445,963767,Rejected,0
0,Graduate,No,1380589,2303038,12,765,307930,143481,194931,151623,Rejected,0
3,Not Graduate,No,1172996,1809676,18,755,618636,388976,165464,251622,Rejected,0
1,Graduate,No,743359,4137458,24,437,1451115,687134,130498,543574,Rejected,0
5,Graduate,No,1579776,4980165,48,693,1032356,2038227,393617,609472,Rejected,0
2,Graduate,No,1007329,231415,36,805,1657414,198125,433034,258061,Approved,178933
0,Graduate,No,984760,4297567,12,809,1641112,978686,69228,317024,Rejected,0
5,Graduate,No,834167,4337944,24,823,2353266,200258,797696,779233,Approved,3968191
3,Graduate,No,2271851,1891430,36,767,369204,169795,109449,809342,Approved,1674517
1,Graduate,No,607953,2477521,6,373,654780,178530,417423,312696,Rejected,0
4,Not Graduate,No,753647,600143,36,591,1392020,836202,109943,261510,Rejected,0
3,Graduate,Yes,455712,1820523,6,440,923036,558367,203076,153416,Rejected,0
0,Graduate,No,1342242,1267392,48,342,1188577,382651,101170,477713,Rejected,0
4,Graduate,Yes,653415,4543492,48,458,1627810,737868,191398,706487,Rejected,0
2,Graduate,Yes,694975,624762,60,846,857928,517654,252890,444706,Approved,597795
4,Graduate,Yes,677277,1765311,18,659,1732677,549248,112941,209342,Rejected,0
5,Graduate,Yes,931589,2456468,36,758,2255685,386299,391920,1396925,Approved,2161686
3,Graduate,No,452359,4890718,48,602,1575030,208762,438079,91751,Rejected,0
4,Graduate,No,262070,4104958,36,514,2575416,2105312,2992629,739684,Rejected,0
1,Not Graduate,Yes,1157632,4688147,12,590,293981,1644144,660617,465524,Rejected,0
1,Graduate,No,281445,1619855,12,891,966512,1931869,815450,555317,Approved,1583475
2,Not Graduate,No,1439672,1412824,36,472,2929153,316142,66694,230600,Rejected,0
5,Not Graduate,No,2120877,2899680,36,486,784429,280050,56774,359521,Rejected,0
3,Graduate,No,822272,1768953,60,809,708518,351542,233070,491180,Approved,1679432
2,Graduate,No,1839255,177475,48,522,1364467,1245882,1370014,376678,Rejected,0
4,Graduate,No,888073,4079621,48,843,1480642,499918,2457724,113958,Approved,2985736
5,Graduate,No,2168904,564861,60,885,1004452,315102,167231,1326389,Approved,528213
5,Graduate,No,700276,1058489,36,339,5978355,681224,182271,630557,Rejected,0
1,Graduate,No,245111,4721863,12,701,1859547,267368,476321,409804,Rejected,0
4,Graduate,No,861300,3686563,12,356,762085,157989,253711,428730,Rejected,0
3,Graduate,No,2302555,3248231,48,828,509582,558055,259210,1299950,Approved,2655668
2,Not Graduate,No,1207886,732840,24,369,2033274,322449,514629,237830,Rejected,0
2,Not Graduate,No,677878,1328809,60,833,748661,494211,3016863,203101,Approved,937184
0,Not Graduate,No,1078461,1107467,12,762,7537794,51033,909295,725251,Approved,1039031
1,Graduate,No,1535350,3242524,18,622,2067670,234239,1469298,552994,Rejected,0
3,Graduate,No,858602,2552478,48,424,2282894,481213,62569,197264,Rejected,0
5,Graduate,No,3815814,1866661,48,460,1807565,137782,747958,857090,Rejected,0
5,Not Graduate,No,677097,3754821,60,559,3478643,141823,133806,491733,Rejected,0
1,Graduate,No,1562083,3912052,12,809,248815,516751,1247334,213341,Approved,3704806
4,Graduate,No,1368486,3723201,24,839,608361,907735,950996,563795,Approved,3075994
0,Graduate,No,612464,618320,36,601,3257854,234311,501210,507730,Rejected,0
4,Not Graduate,Yes,712623,3083719,60,439,4622335,400134,159545,376092,Rejected,0
2,Graduate,No,1575533,1129141,18,639,593928,408070,198847,523471,Rejected,0
2,Graduate,Yes,974601,1433352,36,799,383464,132508,213004,620049,Approved,1056567
4,Graduate,No,1083914,4893758,12,625,1700813,1367735,573505,758542,Rejected,0
2,Graduate,Yes,365992,2135351,48,835,2158739,427988,422879,431200,Approved,1828013
4,Graduate,No,1291028,3959213,12,305,1675316,431904,1003059,330972,Rejected,0
3,Graduate,No,1054064,1306450,60,601,1434395,686526,1179657,472864,Rejected,0
5,Graduate,Yes,868914,4864536,12,327,374027,132769,146237,920650,Rejected,0
3,Not Graduate,No,1097604,1457385,36,667,1132251,1092859,449304,621675,Rejected,0
1,Graduate,No,718614,991647,48,670,1266224,1221246,444684,318224,Rejected,0
4,Not Graduate,Yes,649919,1683798,24,487,994301,563440,276722,415890,Rejected,0
2,Graduate,No,787889,949844,24,777,355728,740618,667996,1283603,Approved,882810
3,Not Graduate,Yes,697207,3034354,36,871,2325692,378964,455370,675849,Approved,2953808
0,Graduate,Yes,2985988,805709,36,574,2871363,1041490,184087,444848,Rejected,0
0,Graduate,Yes,1486120,1117215,48,561,826531,248417,265863,888673,Rejected,0
3,Graduate,No,528338,3540506,36,414,1304717,486419,222949,273500,Rejected,0
1,Not Graduate,No,2758266,308590,18,316,1033325,511722,161643,503558,Rejected,0
5,Graduate,No,709332,2258311,60,544,1040885,483826,279013,1486827,Rejected,0
5,Not Graduate,No,914699,3493028,18,565,2171329,1240618,99623,632038,Rejected,0
4,Not Graduate,No,1474353,2282817,36,761,2211021,3211785,448802,1243966,Approved,1681356
4,Graduate,No,304570,206851,60,818,3358665,455432,989582,377222,Approved,183282
3,Graduate,No,789998,874278,60,365,3306572,745766,313150,286610,Rejected,0
0,Graduate,No,656591,4856846,18,391,1318653,252786,670649,901101,Rejected,0
2,Graduate,Yes,1007461,3883405,18,636,12642238,1201999,342343,111235,Rejected,0
2,Graduate,Yes,1103147,1816399,36,525,4796704,322063,125838,453773,Rejected,0
5,Graduate,No,862558,4381079,24,722,915633,7244277,1652076,823100,Rejected,0
1,Graduate,No,840829,132248,48,493,1649404,120841,38272,593017,Rejected,0
2,Graduate,Yes,1616821,331972,36,549,338275,3102416,302640,91809,Rejected,0
2,Not Graduate,No,1062322,4434468,24,566,1530980,1161128,156102,155908,Rejected,0
0,Graduate,No,920741,3403668,24,661,5263184,192617,1150810,369221,Rejected,0
0,Not Graduate,Yes,976255,3039042,36,341,12078699,3590832,360451,557728,Rejected,0
2,Graduate,Yes,2470396,1788116,48,830,1369583,227116,2633154,573269,Approved,1709472
0,Graduate,Yes,989664,4105223,24,503,1928277,382767,309324,398278,Rejected,0
0,Graduate,No,678204,3080042,12,427,2361859,166086,157129,666895,Rejected,0
2,Not Graduate,No,314960,2231621,24,684,6620976,441476,70109,543099,Rejected,0
1,Graduate,No,409006,1964656,36,381,717655,478098,768493,365562,Rejected,0
3,Not Graduate,Yes,696126,1835491,48,654,10991254,1012456,147564,582765,Rejected,0
0,Graduate,No,847921,2919044,60,336,1182536,3972595,209966,254230,Rejected,0
1,Graduate,Yes,663019,3310428,60,458,623660,323304,852074,624680,Rejected,0
2,Graduate,No,1091736,4043445,36,736,1184143,48177,734466,221104,Rejected,0
5,Graduate,No,658336,2089404,60,523,817309,867687,178679,562661,Rejected,0
3,Graduate,No,544259,1343953,24,841,2054242,313201,203950,553058,Approved,997580
5,Graduate,No,1260607,2825422,36,513,434382,2345593,67432,324489,Rejected,0
2,Graduate,No,1911344,2958755,36,714,1668116,485515,52279,623862,Rejected,0
2,Graduate,Yes,489533,1461332,48,317,2468083,262272,574170,1177741,Rejected,0
2,Graduate,No,1029099,459156,48,886,4561222,211365,630629,195871,Approved,344673
5,Not Graduate,Yes,315653,1729962,24,670,2499073,849002,406430,780085,Rejected,0
5,Graduate,No,399974,445808,60,725,4355420,395700,351751,855777,Rejected,0
5,Graduate,No,651042,502734,60,495,952385,1740903,164604,345981,Rejected,0
4,Not Graduate,No,1680078,4833038,60,473,2015985,418053,1044920,700711,Rejected,0
3,Graduate,Yes,586461,3928723,36,562,281829,1664093,65849,334710,Rejected,0
3,Graduate,No,574523,273670,60,453,1377092,154701,201454,963726,Rejected,0
5,Not Graduate,No,918042,1809369,48,312,2004768,114066,343910,58803,Rejected,0
1,Not Graduate,No,918545,1347676,36,700,2145536,1011731,299895,1099804,Rejected,0
2,Not Graduate,No,584392,4877496,24,730,460661,336920,299478,183620,Rejected,0
5,Graduate,Yes,2683337,2244372,48,706,1119454,399650,192948,426002,Rejected,0
2,Not Graduate,No,777781,1372818,48,632,1242835,211504,475114,226263,Rejected,0
1,Graduate,Yes,958018,3210312,36,614,1087258,198727,106772,1140272,Rejected,0
3,Not Graduate,Yes,721560,2427758,60,892,2583692,858275,265437,340741,Approved,2224548
1,Not Graduate,No,1146397,1017787,18,616,1274870,492054,433070,273689,Rejected,0
5,Not Graduate,No,1775117,1597108,36,724,1616010,203047,226135,876196,Rejected,0
5,Graduate,Yes,2247132,724052,24,550,1038991,979038,301223,667781,Rejected,0
1,Graduate,No,591788,3500235,36,319,3333702,1357343,360312,316689,Rejected,0
3,Not Graduate,No,1648848,4856289,24,510,3525036,455821,67160,199863,Rejected,0
5,Graduate,No,1217700,4060993,24,733,1190304,1173010,72717,181834,Rejected,0
4,Graduate,Yes,1538233,1939232,24,681,12722945,213380,336172,976537,Rejected,0
1,Not Graduate,No,855650,2486353,12,716,844177,816670,178870,536312,Rejected,0
3,Graduate,Yes,812018,398132,6,749,3192687,573694,188286,451625,Approved,304486
3,Graduate,Yes,1505737,1897945,48,431,735073,255132,486598,564548,Rejected,0
3,Graduate,No,1521536,257197,24,788,2678437,2863236,129447,102249,Approved,240972
0,Graduate,No,2129284,3749282,6,729,2526205,609395,38572,318715,Rejected,0
1,Graduate,Yes,1003848,4555216,12,485,702339,302600,1226913,324695,Rejected,0
5,Graduate,Yes,848603,1038129,18,602,1360038,508410,838949,795074,Rejected,0
1,Not Graduate,No,232636,3402513,6,815,6087696,238738,829959,143037,Rejected,0
1,Not Graduate,No,371000,3037385,60,400,814435,187029,115717,836326,Rejected,0
1,Graduate,No,724554,3694760,36,481,2027624,341245,280894,1404674,Rejected,0
1,Graduate,No,491181,3430761,24,415,1929147,361460,102067,120073,Rejected,0
0,Not Graduate,Yes,1408339,1419421,36,483,1453178,252411,285093,404690,Rejected,0
2,Not Graduate,No,437853,4012623,12,422,409474,1448168,223179,567365,Rejected,0
5,Not Graduate,No,683125,3312927,48,784,2792491,260785,119993,737013,Rejected,0
0,Graduate,No,698043,1631244,60,895,1513125,226380,460161,87908,Approved,1198210
1,Not Graduate,Yes,1745862,3702608,12,882,3432708,182499,240772,506638,Approved,3353692
0,Graduate,No,644106,3239141,18,515,1784760,168161,1297348,343211,Rejected,0
3,Graduate,No,1154268,675341,36,860,1574310,1197441,322691,328052,Approved,666064
1,Not Graduate,No,1002280,915198,18,349,1983516,622691,34401,1702413,Rejected,0
4,Graduate,No,1479121,1687146,12,366,715207,899093,64295,343976,Rejected,0
3,Graduate,No,1436569,317303,36,495,4826129,1188268,1781258,548048,Rejected,0
4,Graduate,Yes,883598,2090900,36,473,1131908,376645,221097,367687,Rejected,0
3,Graduate,No,354048,2361587,18,851,1142872,1747623,367892,473581,Approved,2224727
2,Graduate,Yes,792298,3902192,48,756,3953840,293463,302491,588932,Rejected,0
5,Not Graduate,No,890176,940314,12,752,1805742,197007,999899,747551,Approved,776424
2,Graduate,No,1053317,2880775,24,784,1256246,686896,59318,232197,Approved,2439013
5,Graduate,No,599886,3356607,48,735,2045884,565366,928571,445102,Rejected,0
5,Not Graduate,No,1685623,2302851,36,603,2398763,564604,875766,456249,Rejected,0
3,Graduate,Yes,906767,4545953,36,335,1372605,1185158,301575,126196,Rejected,0
4,Not Graduate,No,542464,1661985,36,309,2995804,547240,426271,205183,Rejected,0
1,Graduate,No,699503,2098819,36,886,578423,652429,218935,746288,Approved,1729718
4,Graduate,No,2599549,119900,60,601,1825443,1588063,71616,289549,Rejected,0
4,Graduate,No,1296991,2112682,36,872,2733731,627213,491286,2489573,Approved,1842015
5,Not Graduate,No,1602060,199078,24,318,2391239,761072,369953,784945,Rejected,0
1,Graduate,No,507513,4920937,48,682,279341,149837,376545,548813,Rejected,0
4,Not Graduate,No,616180,1278186,24,469,1364135,11800378,452023,1151410,Rejected,0
2,Graduate,No,618695,4079535,48,518,603468,129333,179486,687025,Rejected,0
1,Graduate,Yes,996064,671784,24,694,3934540,316138,1067483,455058,Rejected,0
1,Graduate,Yes,817862,1443710,36,597,1119027,308116,302081,148643,Rejected,0
3,Graduate,No,687576,685974,48,380,3620069,3000161,475438,637275,Rejected,0
1,Graduate,No,736682,1906735,36,900,602108,300095,238049,1063334,Approved,1705385
0,Graduate,No,581537,3053424,12,728,2010628,727931,732506,264134,Rejected,0
2,Graduate,Yes,815240,2157242,24,516,1508960,309902,327726,111413,Rejected,0
3,Graduate,Yes,1660150,3066731,48,673,11923569,206547,279061,189230,Rejected,0
1,Graduate,No,391571,4050976,60,390,3628832,811927,837177,1370304,Rejected,0
5,Graduate,No,1088938,319383,36,558,3458650,271371,69362,423098,Rejected,0
4,Graduate,Yes,1922623,2179073,12,555,6864210,596488,236457,1111318,Rejected,0
3,Graduate,Yes,813741,3010283,24,523,1855753,851753,178223,405368,Rejected,0
5,Graduate,Yes,672844,2664901,36,590,1392131,2528420,412230,282562,Rejected,0
2,Graduate,No,1496257,814511,12,849,1278033,171016,392374,1782337,Approved,588076
0,Graduate,No,523781,1112647,60,304,1918086,439095,297007,308380,Rejected,0
0,Not Graduate,No,888837,1948406,36,632,187847,454801,163511,336002,Rejected,0
5,Graduate,Yes,508000,3291466,24,865,1502619,500395,293934,552188,Rejected,0
5,Graduate,No,321771,4949451,24,834,1778124,4438578,394905,326488,Rejected,0
4,Not Graduate,No,827826,1905304,6,839,1334527,431503,257782,689650,Approved,1512548
0,Graduate,Yes,449227,2657826,36,547,475820,58680,769082,546546,Rejected,0
1,Graduate,Yes,894242,1601769,36,640,1340560,422395,504715,561905,Rejected,0
0,Not Graduate,No,1661807,267521,24,657,474825,452138,304893,259775,Rejected,0
0,Not Graduate,No,2495477,2052023,36,803,5673371,407370,40840,124934,Approved,1675363
1,Not Graduate,No,947508,1803525,24,873,1236707,271445,249191,223393,Approved,1772778
3,Graduate,No,1576502,837567,36,453,319320,162634,512533,237618,Rejected,0
0,Graduate,No,1120829,3387401,60,374,1284773,3134345,236589,490933,Rejected,0
5,Not Graduate,No,729006,1366613,24,459,2935900,655342,388211,226084,Rejected,0
2,Not Graduate,No,312239,1200529,24,457,1711763,424624,247867,143417,Rejected,0
1,Graduate,Yes,2201657,2007277,60,480,755839,3050590,365550,179262,Rejected,0
3,Graduate,No,505419,4825802,24,850,901928,238949,986970,524684,Approved,3725402
4,Graduate,Yes,1925457,3218294,24,429,1209648,834352,585529,647201,Rejected,0
1,Graduate,No,1209109,2183939,48,553,1078658,172933,99737,280568,Rejected,0
0,Not Graduate,No,526151,4121245,36,514,583209,946483,73293,302298,Rejected,0
0,Graduate,No,1068482,203327,60,463,1425848,190621,437010,614770,Rejected,0
5,Graduate,No,2908800,1750373,36,418,551653,745833,809533,449127,Rejected,0
0,Graduate,Yes,2094361,2748774,36,899,3056434,2630314,73129,917557,Approved,2020039
3,Graduate,No,678852,2494493,6,676,3349444,541336,250998,358204,Rejected,0
2,Graduate,No,608383,3413329,18,361,706858,77549,2255255,223510,Rejected,0
4,Graduate,No,950995,3538579,36,693,876325,515436,238755,855728,Rejected,0
0,Graduate,No,821689,2334357,18,667,1092223,752193,2567688,321680,Rejected,0
5,Not Graduate,No,1741062,4655096,36,515,1464958,1075396,148967,230290,Rejected,0
4,Graduate,No,1351768,4648038,24,773,1818662,1749632,173108,747276,Rejected,0
2,Graduate,No,354838,2428355,6,782,2122840,1827114,165054,1103164,Rejected,0
1,Graduate,Yes,1158251,4519468,36,772,2086017,447336,101137,454745,Rejected,0
5,Graduate,Yes,815576,3240228,36,684,4810804,285455,71248,198039,Rejected,0
1,Graduate,Yes,918557,780904,24,565,1569470,193229,248571,1171233,Rejected,0
2,Graduate,Yes,1032061,685929,48,424,564737,315971,339311,520697,Rejected,0
2,Graduate,No,1740096,491746,12,326,448691,749689,163125,466511,Rejected,0
1,Graduate,No,1540991,1137781,12,851,5115654,158897,200136,301474,Approved,974490
2,Graduate,No,595878,1630314,60,805,2198350,227415,1025511,882133,Approved,1155186
0,Graduate,No,871450,438720,60,420,1751205,806386,685237,184111,Rejected,0
0,Graduate,No,703247,3079850,24,782,2100601,288615,240786,172234,Approved,3058549
1,Graduate,No,356873,2114997,24,328,1691586,684779,432325,1506613,Rejected,0
0,Graduate,No,847458,3047817,60,442,2075821,250246,74651,218715,Rejected,0
2,Graduate,No,2482471,2564904,36,390,1134309,638573,377272,783086,Rejected,0
5,Graduate,No,350995,1431051,12,504,3309717,259437,284500,1049816,Rejected,0
0,Graduate,Yes,888168,3113186,12,492,1011886,99278,218272,463395,Rejected,0
0,Graduate,No,872636,4760393,12,608,761854,1126839,308484,215886,Rejected,0
0,Not Graduate,Yes,1054318,1652101,48,575,422034,276745,268880,621608,Rejected,0
3,Not Graduate,No,530010,1605925,36,368,1255045,404751,98218,1059664,Rejected,0
1,Not Graduate,No,410996,2628929,24,390,3880997,277866,1250864,508367,Rejected,0
2,Graduate,Yes,421646,4040578,18,793,1064444,794263,673156,237210,Rejected,0
0,Graduate,Yes,1871337,2704195,12,629,533420,663681,215758,495572,Rejected,0
1,Graduate,No,524223,4176703,48,854,1857230,792655,67175,151749,Approved,4092370
2,Graduate,No,683780,462978,60,378,920502,313405,37186,202330,Rejected,0
2,Graduate,No,2863909,582331,36,485,4790647,479306,1648763,333758,Rejected,0
3,Graduate,No,600975,2090964,48,394,3358228,712718,258830,417603,Rejected,0
4,Graduate,No,1086498,1239509,24,855,578275,1859442,573821,172439,Approved,1231270
2,Graduate,No,1615648,213781,36,395,1316589,648823,133936,476410,Rejected,0
5,Graduate,No,1573473,1154438,24,781,851302,213100,231023,576298,Approved,1139816
3,Not Graduate,No,432693,1428393,12,415,628190,627860,241266,344177,Rejected,0
1,Graduate,Yes,607925,4606292,36,737,1438375,434571,368347,88299,Rejected,0
1,Not Graduate,No,1062835,3933244,48,573,2770810,91440,323814,430343,Rejected,0
1,Graduate,Yes,2600228,1820414,12,882,1410839,104191,136983,1424914,Approved,1479104
3,Graduate,Yes,592034,4794381,36,342,1018521,472526,135775,551075,Rejected,0
1,Graduate,No,686021,4198710,60,495,286731,507622,279910,404399,Rejected,0
5,Graduate,Yes,1133608,1328200,48,734,910377,389191,67533,308200,Approved,1028809
2,Graduate,No,1265480,2442288,36,850,2268953,1060147,149033,599111,Approved,2169087
5,Graduate,No,1308366,4616313,18,623,548268,225819,263161,462837,Rejected,0
4,Graduate,Yes,565041,2340373,48,359,3925080,153906,420589,656277,Rejected,0
2,Graduate,No,671671,1917434,18,678,968254,247837,1076750,185681,Rejected,0
1,Graduate,No,1013252,4526765,24,587,1734562,297763,200094,435459,Rejected,0
4,Not Graduate,No,1802024,3336173,12,765,1111945,475886,309352,289637,Rejected,0
1,Graduate,Yes,789365,2260417,36,631,620784,253817,61346,518832,Rejected,0
1,Graduate,No,889028,4361664,36,839,2086916,80975,398766,102469,Approved,3156156
5,Graduate,No,511902,3749775,48,373,957869,56300,138494,303856,Rejected,0
2,Graduate,No,2507821,1804262,36,674,803074,555181,230853,584747,Approved,1369679
0,Graduate,No,979693,2179450,60,743,252424,191510,449566,654631,Rejected,0
2,Graduate,No,1628085,332249,36,543,3984772,90927,465827,391553,Rejected,0
2,Not Graduate,No,914921,599161,36,585,1506933,850486,87191,88162,Rejected,0
5,Graduate,No,943213,4776466,18,717,3439727,1859405,593146,626659,Rejected,0
4,Graduate,No,394344,360164,18,573,2388366,461424,290249,1212407,Rejected,0
1,Graduate,No,275745,4200124,36,535,3439374,628152,880847,222364,Rejected,0
0,Not Graduate,No,1791740,1120377,48,649,982511,632694,1039160,296887,Rejected,0
3,Not Graduate,No,939480,2753619,18,783,535863,69995,1174965,703482,Rejected,0
0,Not Graduate,No,1008208,3639114,36,380,2657763,1064183,89392,716758,Rejected,0
1,Graduate,No,452784,4956776,24,825,1653864,1434408,422304,862115,Approved,4173002
0,Not Graduate,No,547690,1930884,24,420,1057270,2382457,78492,813795,Rejected,0
0,Graduate,Yes,1614307,4632892,18,358,2618234,344685,906885,136854,Rejected,0
5,Not Graduate,Yes,2343671,2325127,12,408,1889974,190520,1023504,285973,Rejected,0
0,Graduate,No,639505,4348951,24,346,2422182,1586653,688921,620156,Rejected,0
0,Graduate,No,1302070,599194,60,872,696749,764087,209113,376586,Approved,431536
5,Graduate,No,999154,1413455,48,475,3122636,1051604,476464,516765,Rejected,0
1,Graduate,No,842273,3152884,12,764,1494800,288471,187612,365099,Approved,3099725
4,Graduate,No,2492327,3559943,12,409,3384201,629821,303532,294822,Rejected,0
0,Graduate,Yes,701439,4036897,36,618,3100784,204224,277385,337699,Rejected,0
0,Graduate,No,1780744,1853822,24,556,2509764,497778,54882,182397,Rejected,0
0,Not Graduate,No,1110069,3160948,48,696,1380051,372004,150762,241059,Rejected,0
4,Graduate,No,891678,3141715,36,894,2553952,3665166,2067330,381690,Approved,2357130
3,Not Graduate,Yes,1914103,4924609,60,690,3450621,797071,278688,386580,Rejected,0
2,Graduate,Yes,1055710,674259,12,721,2364377,80271,343771,595117,Rejected,0
1,Not Graduate,Yes,853512,180072,60,457,1746150,499339,297797,327617,Rejected,0
0,Graduate,No,1921935,2917298,48,373,2558322,683723,211629,1292721,Rejected,0
3,Not Graduate,No,1789138,176782,48,352,1011250,334201,309350,946160,Rejected,0
1,Graduate,No,1743194,1059683,60,480,4669058,195833,212263,281409,Rejected,0
3,Graduate,Yes,106070,2550027,36,633,424898,876596,43089,459405,Rejected,0
4,Graduate,Yes,1146526,1412226,12,336,1539207,220838,585272,934913,Rejected,0
5,Graduate,No,1011368,1405399,36,458,1106273,815446,1181715,255436,Rejected,0
2,Graduate,No,882907,1796698,48,679,927555,205534,111523,236997,Rejected,0
0,Not Graduate,No,1258623,3463901,60,824,1885819,317600,211212,993278,Approved,2660205
1,Not Graduate,Yes,1038675,1892627,36,894,644912,1127024,1073569,648998,Approved,1417348
5,Not Graduate,No,1306607,3986730,48,441,7533911,757790,155725,848210,Rejected,0
3,Graduate,No,776670,879214,18,361,544104,513534,417107,498831,Rejected,0
3,Graduate,No,2051639,601936,18,644,734926,487451,10000000,334635,Rejected,0
2,Not Graduate,No,1381347,915848,36,863,684684,540005,513480,156357,Approved,835763
0,Not Graduate,No,1212918,4594958,24,552,1740789,255136,318074,440215,Rejected,0
5,Graduate,No,1180783,1459488,18,843,3210328,137747,634753,947597,Approved,1184242
4,Not Graduate,No,1700877,246622,48,746,2225475,811111,580574,955397,Rejected,0
5,Graduate,Yes,1578646,1645015,36,840,4525479,1835722,170862,846402,Approved,1377017
5,Not Graduate,No,845874,3473179,36,871,806553,835647,68567,694034,Approved,2432011
1,Not Graduate,No,1551637,1873787,18,364,2458389,620580,497009,1880350,Rejected,0
1,Not Graduate,No,990414,1984054,18,547,1194601,178996,564568,134998,Rejected,0
1,Graduate,No,2582994,523500,36,330,1779835,1053851,232968,470184,Rejected,0
5,Graduate,No,1646069,3370452,60,326,3445179,752795,1214635,207624,Rejected,0
3,Graduate,Yes,637982,1180639,18,585,421583,954066,1024344,1185800,Rejected,0
2,Not Graduate,No,3243102,578418,48,697,6677352,1204013,579475,271680,Approved,481561
5,Graduate,No,283234,3602672,48,832,1345186,1925063,236738,810309,Rejected,0
3,Not Graduate,No,1277857,4691694,48,377,449551,193852,50729,292051,Rejected,0
5,Not Graduate,No,613671,3091613,36,319,892106,167164,258677,536813,Rejected,0
5,Graduate,No,2534100,4693301,24,362,1619624,567102,62993,370741,Rejected,0
0,Graduate,Yes,1034257,2070649,48,856,891953,228256,40458,396159,Approved,2064941
2,Graduate,No,581614,2645064,36,697,322886,197011,520020,505226,Rejected,0
4,Graduate,No,777297,1850251,18,589,1612949,1410486,812604,761370,Rejected,0
4,Graduate,No,607731,2596964,24,361,872976,212068,57155,370533,Rejected,0
0,Graduate,No,760684,4475140,36,522,2444450,495319,241222,746517,Rejected,0
1,Graduate,Yes,751175,3210560,36,377,673124,124948,295572,827119,Rejected,0
3,Graduate,No,595415,230908,60,318,8179347,527522,233981,298715,Rejected,0
4,Graduate,No,1044120,2942338,24,563,2204910,1366493,92949,1496822,Rejected,0
0,Graduate,Yes,1116069,1948476,24,602,1738567,1402115,929981,673906,Rejected,0
3,Graduate,No,520311,2763378,60,571,2393622,1215428,95157,295738,Rejected,0
1,Graduate,No,361531,2832976,18,823,382637,467777,57223,614790,Rejected,0
1,Graduate,No,1067869,2987037,6,849,1033289,1286122,93270,827461,Approved,2510532
3,Not Graduate,Yes,1205863,4344550,48,373,5712922,720667,451657,604402,Rejected,0
2,Graduate,Yes,1344818,4307288,60,465,1179824,344297,239047,460713,Rejected,0
3,Graduate,Yes,1218701,4860396,36,601,1430960,691632,155878,35713,Rejected,0
1,Not Graduate,Yes,2137493,3094227,24,540,1057165,1061492,469789,203225,Rejected,0
4,Graduate,Yes,1557414,1497869,36,561,4498960,161749,398026,643217,Rejected,0
0,Graduate,No,3929629,1059588,48,725,1248558,203010,42206,200418,Rejected,0
5,Graduate,No,4953010,4261723,60,408,586600,442543,465781,573162,Rejected,0
0,Graduate,No,342215,4578169,12,797,10376841,176994,818792,743062,Rejected,0
4,Graduate,No,268800,282538,60,459,534832,174860,270177,369679,Rejected,0
2,Not Graduate,No,896349,1158207,36,509,1394352,349712,245698,116303,Rejected,0
2,Not Graduate,Yes,1187639,3428989,6,433,797813,1161885,1500534,238827,Rejected,0
0,Graduate,Yes,863210,909292,12,679,886268,1143428,164094,646005,Rejected,0
4,Graduate,Yes,1325260,345210,6,718,677457,656896,260596,964238,Rejected,0
0,Graduate,No,775697,4985584,60,675,1000471,582802,397468,93160,Rejected,0
3,Graduate,No,614446,571287,24,596,3137700,2948243,312610,423279,Rejected,0
4,Graduate,No,667677,1145742,48,482,360226,316132,238017,143196,Rejected,0
5,Not Graduate,No,806176,4945873,6,713,3861558,613709,323637,426145,Rejected,0
4,Not Graduate,No,1431283,590457,48,371,3393167,303071,1138409,358364,Rejected,0
1,Graduate,No,688618,4019128,36,487,2197366,167386,596030,2087532,Rejected,0
4,Graduate,No,767748,2853835,60,710,1648875,1368892,281539,274324,Rejected,0
4,Graduate,No,1231532,2745522,36,716,1845859,385748,143945,833489,Approved,2159163
1,Graduate,No,806785,4153250,48,461,4362409,902534,161165,810567,Rejected,0
0,Not Graduate,No,1663344,204569,36,505,404998,405613,672813,348990,Rejected,0
5,Graduate,No,542760,397678,36,491,2588122,1442668,77437,434701,Rejected,0
0,Not Graduate,Yes,481735,1058136,60,832,857132,214210,2313447,400134,Approved,1039572
3,Not Graduate,No,1064160,2501510,36,643,2786471,1344710,292003,237658,Rejected,0
1,Not Graduate,No,1124117,4814909,60,371,946736,1069218,92946,223693,Rejected,0
0,Graduate,No,559289,435661,6,396,2548787,108762,350185,300240,Rejected,0
4,Graduate,No,1884414,2158741,36,341,469588,322234,151894,180292,Rejected,0
0,Not Graduate,No,2594399,2200586,60,445,421488,1190719,210113,281798,Rejected,0
4,Not Graduate,No,637194,1062825,60,433,1378048,2010898,83065,348849,Rejected,0
4,Graduate,No,2039398,1785404,36,568,4402236,918535,244929,447975,Rejected,0
0,Not Graduate,No,242796,1084836,36,749,2242695,356928,49380,545686,Rejected,0
1,Graduate,No,1626615,771934,48,827,2230668,219537,180169,348636,Approved,620040
4,Graduate,Yes,561508,2654012,24,635,2859396,809377,148498,233482,Rejected,0
3,Not Graduate,No,1539534,4662003,60,764,1113750,348100,195745,538806,Rejected,0
0,Graduate,No,530433,2080221,24,693,2371510,360893,156681,695855,Rejected,0
5,Graduate,No,866729,3210946,12,490,971135,413259,308787,284679,Rejected,0
1,Not Graduate,No,576417,3383714,48,667,1185250,1057964,638159,201065,Rejected,0
0,Not Graduate,No,800119,4230976,24,481,1300928,2321773,407607,292680,Rejected,0
5,Not Graduate,No,2462305,4141044,24,485,996326,1196859,905199,352259,Rejected,0
0,Graduate,No,848126,4539129,24,893,1427504,504076,196376,891595,Approved,3668109
3,Not Graduate,No,2872852,4090999,60,847,1239300,232826,395357,650091,Approved,3122233
5,Graduate,No,727925,4657909,36,692,882247,881899,408822,399083,Rejected,0
3,Graduate,Yes,2044412,4833733,60,656,1349877,2059533,798461,1513149,Rejected,0
3,Graduate,No,368067,3765762,24,712,1685251,1173347,161242,390378,Rejected,0
2,Not Graduate,Yes,768788,2516564,24,752,657419,596560,586569,1076111,Rejected,0
0,Not Graduate,No,670172,1604047,18,333,2051472,329952,144759,940441,Rejected,0
3,Not Graduate,Yes,2096727,2899746,24,515,1035832,670487,184814,895081,Rejected,0
5,Graduate,No,996532,4161770,12,363,1740405,1334081,221168,500835,Rejected,0
0,Graduate,No,285416,3792411,6,618,910731,609154,440971,434065,Rejected,0
5,Graduate,No,437827,2648896,36,476,3298067,457918,119084,401445,Rejected,0
2,Graduate,Yes,515651,472987,48,498,3072685,278788,134059,725292,Rejected,0
3,Graduate,No,1504359,1431104,24,806,682784,4517078,173379,230199,Approved,1226648
0,Graduate,No,1401291,2928297,36,422,2223793,234467,312611,332751,Rejected,0
3,Not Graduate,No,762937,1990292,24,847,4437844,216752,135365,1284776,Approved,1744345
1,Not Graduate,No,665617,2335141,36,552,736630,574840,375462,618833,Rejected,0
1,Not Graduate,Yes,1334629,1575995,48,414,781726,421142,221323,780038,Rejected,0
4,Graduate,No,483551,472786,48,386,2603247,1193219,524792,170146,Rejected,0
0,Graduate,No,1157610,2384400,48,729,562751,1228014,316487,295607,Rejected,0
2,Graduate,Yes,1104645,2280307,18,842,837219,178120,1330216,505297,Approved,1861194
3,Graduate,No,773844,3928542,36,825,700799,263059,332539,388554,Approved,3466986
0,Graduate,Yes,1120038,649456,48,402,2627620,237581,106501,169647,Rejected,0
1,Graduate,No,951983,2475850,60,828,892385,974044,250368,680817,Approved,2091235
2,Graduate,Yes,1183197,4283756,36,435,1211686,719601,305439,850364,Rejected,0
3,Not Graduate,No,432092,1412507,36,575,855749,364614,138575,327576,Rejected,0
5,Graduate,No,1261896,1649787,48,303,3549654,600972,1089328,698180,Rejected,0
5,Graduate,Yes,1582918,528275,60,455,787356,191960,230519,1655452,Rejected,0
1,Graduate,No,1073756,2915313,24,492,521923,265985,173437,1163506,Rejected,0
0,Graduate,No,1252709,4293205,18,874,506805,165603,350056,338001,Approved,3746971
0,Graduate,No,847202,2459276,48,467,2523659,565819,138866,184749,Rejected,0
3,Graduate,No,1469427,2145106,48,466,2664094,563997,682101,469926,Rejected,0
0,Graduate,No,932884,3770391,12,464,3826234,216566,574978,2068016,Rejected,0
1,Graduate,No,478677,2265420,24,451,582594,715253,335229,1020555,Rejected,0
5,Not Graduate,No,1413061,2053450,36,624,1261190,1228017,496013,398296,Rejected,0
5,Graduate,Yes,366359,3842236,48,423,9262182,208241,196186,1193967,Rejected,0
5,Graduate,Yes,1051448,1491779,48,474,1195695,378886,83636,906473,Rejected,0
1,Graduate,No,728562,4263660,18,620,983054,773701,227469,105833,Rejected,0
3,Graduate,No,703400,1413885,18,754,1476549,497301,195879,841014,Approved,1048465
3,Graduate,No,989291,2604610,48,364,2232067,155769,53129,434674,Rejected,0
1,Not Graduate,No,609285,1326199,12,509,2204256,343758,122072,218079,Rejected,0
3,Graduate,No,1192859,3198603,36,642,946146,334195,105421,426384,Rejected,0
3,Graduate,No,928558,2227580,36,850,967237,432574,122493,534565,Approved,1811935
2,Graduate,No,640906,1271868,24,867,1200959,448518,931779,229426,Approved,1089164
4,Graduate,No,1878809,3745559,48,824,867535,1892613,463558,367799,Approved,3130038
4,Graduate,Yes,1007296,4681833,12,603,594160,418794,681304,317320,Rejected,0
3,Graduate,Yes,1273259,237353,48,358,5820748,116075,462632,697947,Rejected,0
4,Graduate,No,1961606,2882814,36,880,1105471,540270,753208,323919,Approved,2150290
4,Not Graduate,Yes,1943981,3620723,36,673,1153479,2208782,306946,121695,Rejected,0
3,Not Graduate,No,1238030,3626064,60,844,1180750,433790,1088008,292427,Approved,3081115
1,Not Graduate,Yes,761989,1180756,18,853,1412107,344548,105330,206236,Approved,849993
4,Graduate,Yes,409959,659644,48,776,2078268,385774,283214,161685,Approved,643505
4,Not Graduate,No,1008354,2616477,18,552,1058202,821499,125541,913900,Rejected,0
5,Graduate,No,1643225,3220913,60,665,3525352,384383,861977,702018,Rejected,0
0,Graduate,No,1093641,1518507,6,715,2348618,137874,428635,203285,Rejected,0
2,Not Graduate,No,135351,1907854,36,829,1299905,282477,822603,164498,Rejected,0
5,Graduate,No,1452337,2707166,18,435,910091,473249,90998,372267,Rejected,0
3,Not Graduate,Yes,1502250,2305309,24,633,3384344,788308,179776,158386,Rejected,0
5,Not Graduate,No,762592,2469220,12,658,1328345,304697,65853,337645,Rejected,0
0,Graduate,Yes,1549974,3442594,18,424,590611,388707,407837,420240,Rejected,0
0,Not Graduate,No,1271275,4923059,12,541,3226066,519463,208485,495023,Rejected,0
4,Graduate,No,617307,4002005,6,856,869983,258216,570225,507532,Approved,3604601
2,Not Graduate,No,1810956,140215,48,309,2877266,462489,308182,231585,Rejected,0
3,Not Graduate,No,448219,1811890,36,601,227584,743775,49064,420253,Rejected,0
2,Graduate,No,872105,147647,6,666,1137654,182379,73146,980291,Approved,120646
2,Graduate,No,825545,4378861,60,845,3580282,648781,321769,92157,Approved,4347640
5,Graduate,No,571580,3257670,36,470,1505783,197917,445700,502428,Rejected,0
0,Graduate,No,1063671,1173052,24,536,2349181,201313,45601,175325,Rejected,0
4,Graduate,No,1850290,4211711,24,348,762630,284642,279451,1068691,Rejected,0
5,Not Graduate,Yes,1787642,2858201,36,501,1946911,1595933,126342,708656,Rejected,0
3,Graduate,No,1339980,352036,36,899,1504227,116362,116758,693026,Approved,296114
2,Not Graduate,Yes,354121,841201,60,760,1800322,337057,171919,220103,Rejected,0
0,Graduate,No,431653,4065746,36,557,6923525,488884,333210,481133,Rejected,0
4,Graduate,Yes,986130,1517324,60,681,3990463,1348447,164551,520136,Rejected,0
2,Graduate,No,883212,2670216,48,879,2716815,2618505,55454,76068,Approved,2062148
0,Not Graduate,Yes,684337,4487517,60,564,2742663,349285,330984,443200,Rejected,0
2,Graduate,Yes,2566562,1516715,36,477,758508,790815,222670,614466,Rejected,0
5,Graduate,No,953956,156628,36,828,1053421,461388,135130,148655,Approved,119003
1,Graduate,Yes,1212842,511018,48,811,475223,458877,230933,609631,Approved,365896
1,Not Graduate,No,1549576,4586495,48,610,578843,630736,223208,428898,Rejected,0
4,Graduate,No,927620,3039571,6,307,771487,129926,311436,1051899,Rejected,0
1,Graduate,No,3742387,1709170,12,307,1467590,480058,243004,299554,Rejected,0
5,Not Graduate,Yes,536566,485454,18,370,598522,733445,345289,452966,Rejected,0
5,Not Graduate,No,644874,3509398,24,716,1456575,240762,287858,507935,Rejected,0
5,Graduate,No,535843,294283,60,405,1336351,737602,602160,56046,Rejected,0
5,Graduate,No,2125701,549419,48,337,640692,115056,1153793,312080,Rejected,0
1,Graduate,Yes,1399041,3010462,12,709,4709846,541390,296165,424908,Rejected,0
1,Graduate,No,667214,3242230,24,589,555476,1564717,176869,76854,Rejected,0
2,Not Graduate,No,559623,2891979,18,618,3467586,415219,88453,641247,Rejected,0
2,Graduate,No,1927703,4556361,48,415,276584,217709,519662,424781,Rejected,0
5,Graduate,Yes,1098085,1418878,60,429,1348227,148895,139305,423106,Rejected,0
4,Graduate,Yes,1954959,2820489,18,445,610942,696839,2206576,662683,Rejected,0
3,Graduate,Yes,870713,1599639,24,687,918167,1100392,3184593,300029,Rejected,0
5,Graduate,No,1192419,1874395,60,888,5830373,476719,250312,412315,Approved,1355360
3,Not Graduate,No,1061587,838258,36,850,1156316,337131,72859,732912,Approved,692013
2,Graduate,No,638508,3988531,60,368,655114,96867,522957,415839,Rejected,0
2,Not Graduate,No,831404,3548192,24,708,2162342,555591,1786035,110037,Rejected,0
3,Not Graduate,Yes,469199,3592355,18,755,1148728,278309,98332,414701,Rejected,0
0,Graduate,No,1181043,796804,36,324,1679506,292249,1505871,418309,Rejected,0
4,Graduate,No,1367968,676693,12,683,755500,1975470,62311,751347,Approved,578524
3,Graduate,No,1551509,3932251,48,567,783921,108120,87157,314568,Rejected,0
4,Graduate,No,1298538,3361938,48,417,830859,121148,390099,201722,Rejected,0
3,Graduate,Yes,838722,245862,24,774,2729968,608645,711934,202184,Approved,196988
4,Not Graduate,No,2113242,3356814,36,862,1265342,360356,283527,1098054,Approved,2798299
5,Graduate,No,1470216,4902225,48,659,683362,321703,439567,489774,Rejected,0
3,Graduate,No,1931583,3784414,60,421,1693555,630404,767036,1059486,Rejected,0
2,Graduate,No,1999400,1460653,24,557,1592133,621497,846356,1172438,Rejected,0
0,Graduate,No,839927,1649903,48,609,2306352,218550,176766,237694,Rejected,0
4,Not Graduate,Yes,1114018,3785327,18,842,1045102,302374,144005,225313,Approved,3747337
5,Graduate,No,1378024,2066262,60,775,1415222,521512,734597,365799,Approved,1735220
4,Not Graduate,No,478362,3709886,36,703,2057978,576297,441361,614953,Rejected,0
5,Not Graduate,No,484230,4804187,18,758,703597,753986,494826,149960,Rejected,0
5,Graduate,Yes,440440,2086867,48,717,2915765,304575,171019,549987,Rejected,0
4,Graduate,No,848050,2909939,48,492,1518614,671558,516012,530828,Rejected,0
3,Graduate,No,749248,2499825,48,380,656853,1121479,118329,181940,Rejected,0
0,Not Graduate,No,408616,2591674,24,804,653213,520317,370161,186462,Rejected,0
0,Graduate,No,977054,470811,48,632,1392243,458153,329899,545997,Rejected,0
1,Graduate,No,853892,4935564,48,878,992822,409279,331842,1707139,Approved,4281700
2,Not Graduate,Yes,1724387,2749754,24,709,2641693,295843,582775,325402,Rejected,0
4,Not Graduate,No,2723119,1224832,18,584,1209735,225276,126041,503855,Rejected,0
2,Graduate,Yes,1156834,2912229,60,688,1882781,388072,533346,261899,Rejected,0
0,Graduate,Yes,613542,2049891,36,692,793739,733470,305312,472013,Rejected,0
1,Not Graduate,No,1284459,4127385,36,889,1474351,234822,153080,258190,Approved,3732667
5,Graduate,No,904617,3823430,60,519,4023359,468960,97537,333689,Rejected,0
5,Not Graduate,No,788653,1972539,12,528,1342279,424914,1493917,2221288,Rejected,0
2,Graduate,No,560323,3594193,48,512,990785,2265936,282803,431132,Rejected,0
4,Graduate,No,697201,262106,36,364,784751,924238,221863,133826,Rejected,0
4,Not Graduate,No,816159,4836834,6,582,1479031,911588,113484,627319,Rejected,0
5,Graduate,Yes,1400588,2603416,60,567,4316527,1092961,756830,881826,Rejected,0
5,Graduate,No,1192085,3306072,48,418,539436,314432,708538,641825,Rejected,0
3,Graduate,No,2456423,3260997,18,789,1444881,1611391,601549,353443,Approved,3078309
2,Graduate,No,1304116,1634165,60,714,414808,572438,284833,210464,Rejected,0
3,Not Graduate,No,1136555,3480501,60,445,1102575,481373,568131,214117,Rejected,0
1,Graduate,Yes,760494,2048495,48,399,1826757,178054,148939,350250,Rejected,0
2,Graduate,No,508665,3435163,12,671,458490,355397,360956,309418,Rejected,0
3,Graduate,No,657834,539593,18,303,1074503,111448,286462,270619,Rejected,0
3,Not Graduate,No,612460,815420,48,390,1865175,404905,376445,936535,Rejected,0
3,Graduate,No,220059,4626230,60,564,1655029,306357,64238,762255,Rejected,0
2,Not Graduate,No,516796,3705816,18,895,1934181,356384,1470000,971033,Approved,3427639
2,Not Graduate,Yes,2172448,730473,36,345,722179,153937,1187415,230351,Rejected,0
0,Graduate,No,1102268,1147378,18,617,1864599,909296,112872,209958,Rejected,0
3,Not Graduate,No,731653,2773948,36,638,956436,827377,490066,422265,Rejected,0
3,Not Graduate,Yes,1120532,128761,36,451,2562510,2102580,84762,534831,Rejected,0
5,Graduate,No,307361,2066836,6,612,265133,2052586,322166,420535,Rejected,0
3,Graduate,No,1051054,1700177,36,681,1207145,570996,46405,509921,Rejected,0
2,Not Graduate,No,1817133,757695,36,382,1615465,1193327,234028,1213183,Rejected,0
0,Not Graduate,No,842001,1569243,36,873,4126952,624354,198182,343296,Approved,1430947
1,Not Graduate,No,339611,1535662,60,447,1600895,347706,801923,703777,Rejected,0
2,Not Graduate,Yes,716750,428894,12,521,1727507,394732,1238911,574810,Rejected,0
2,Graduate,No,1818903,3204488,12,314,1987908,860652,1262845,427601,Rejected,0
2,Not Graduate,No,1037575,1434776,36,656,3839263,15000000,802958,681428,Rejected,0
2,Not Graduate,No,412536,253132,36,656,1126420,1348099,321770,233667,Rejected,0
4,Graduate,No,3309627,208308,24,369,523687,616498,417313,202981,Rejected,0
0,Graduate,Yes,451601,4833349,60,476,453643,754331,415592,541571,Rejected,0
1,Graduate,No,787439,679558,24,760,2468502,748631,110003,127084,Approved,520032
0,Not Graduate,Yes,508687,4554569,24,728,1773350,463063,794585,572232,Rejected,0
1,Graduate,No,509074,916486,48,484,1237642,951089,539332,181589,Rejected,0
4,Not Graduate,No,701844,514547,60,678,966469,438107,561050,1157497,Rejected,0
0,Graduate,No,1277011,2773011,36,748,1717878,211627,43144,303105,Rejected,0
2,Graduate,No,1830212,4354933,6,524,1755507,752966,440812,1106245,Rejected,0
0,Graduate,No,727783,450786,24,405,2149720,843572,705268,345120,Rejected,0
5,Graduate,Yes,516366,1709999,18,313,653093,441719,296138,334952,Rejected,0
4,Not Graduate,No,1171039,3788308,36,873,399411,650660,196007,733338,Approved,3620374
1,Graduate,Yes,1190079,430771,36,492,756026,1131573,94229,491048,Rejected,0
1,Not Graduate,No,1027210,930841,24,784,544503,478459,88655,381753,Approved,670676
0,Graduate,No,1047385,1599953,36,495,523756,341947,342053,301446,Rejected,0
2,Not Graduate,No,845969,4052480,48,728,4868410,273606,245732,303470,Rejected,0
4,Graduate,Yes,949920,4063549,18,499,273956,402981,242821,2083367,Rejected,0
3,Graduate,No,814429,3576134,18,665,2133457,1843214,1100333,123811,Rejected,0
5,Graduate,No,1621373,3362574,48,873,2961553,422421,103157,172379,Approved,2997158
2,Graduate,No,3065750,228084,6,752,3145785,678674,223617,911675,Approved,209720
1,Graduate,Yes,993470,1268942,18,398,1846679,379480,1266200,865035,Rejected,0
2,Not Graduate,Yes,896753,4616327,6,614,4036578,352804,230098,209708,Rejected,0
1,Graduate,No,1035996,3623965,36,462,5714546,236797,317389,117304,Rejected,0
5,Graduate,Yes,626744,1281078,36,431,1195772,544485,258515,974665,Rejected,0
1,Graduate,No,1370777,3568324,36,800,2098177,322172,546590,192233,Approved,3154812
2,Graduate,No,1147157,3649031,24,890,3905207,1476195,52300,283635,Approved,3330239
3,Not Graduate,Yes,714181,3740021,36,856,785838,456337,252379,427840,Approved,3464097
0,Graduate,No,1478128,4902505,18,804,1248302,481428,314210,188791,Rejected,0
2,Not Graduate,No,909449,2749218,48,581,938098,428999,128420,764000,Rejected,0
2,Not Graduate,Yes,527877,393082,60,616,2119539,685407,401752,405904,Rejected,0
1,Graduate,No,1092012,4112834,36,624,361277,1775578,585347,215733,Rejected,0
0,Graduate,Yes,1025300,173340,24,742,4405859,206603,440508,229458,Approved,132475
0,Graduate,No,1526335,3242675,48,331,2238515,633175,1361264,991629,Rejected,0
0,Graduate,No,1421895,4002411,18,796,2334788,131781,207561,329092,Approved,3904867
2,Graduate,No,847525,714456,24,785,254865,1414222,458322,614983,Approved,501637
0,Not Graduate,No,694191,4006970,60,898,687537,456090,449628,397214,Approved,3287975
5,Graduate,No,900864,4070255,18,657,4587416,140321,245552,117130,Rejected,0
1,Graduate,Yes,1099065,3303995,12,574,1313126,169051,786169,674691,Rejected,0
3,Not Graduate,No,1174338,1686464,36,587,411650,998660,383287,848236,Rejected,0
4,Graduate,Yes,1062279,1089566,36,672,1771243,121470,108082,1452682,Rejected,0
2,Not Graduate,No,856176,3554670,36,481,2496360,633433,567811,105748,Rejected,0
5,Graduate,Yes,1557199,869249,18,766,2234650,347354,196235,43840,Approved,668525
0,Graduate,No,621123,3408146,48,566,1339989,423716,228022,625670,Rejected,0
1,Not Graduate,No,3519473,930950,18,469,3515345,281981,242838,262943,Rejected,0
1,Not Graduate,No,1369339,1745971,60,741,885995,222446,560472,147004,Rejected,0
0,Not Graduate,No,484093,2581961,18,502,2249104,330394,750636,431271,Rejected,0
1,Graduate,Yes,996522,892250,6,348,1659852,813042,261967,292058,Rejected,0
1,Not Graduate,No,1376598,3993189,36,613,1357508,389908,249502,163716,Rejected,0
4,Graduate,Yes,742663,3505295,18,604,1128870,715267,52652,377477,Rejected,0
1,Graduate,Yes,395466,180001,36,475,1159247,406956,164092,594676,Rejected,0
5,Graduate,No,508218,4260215,18,320,1536728,840642,134160,452105,Rejected,0
4,Graduate,No,1212629,3612514,24,585,1204331,711453,390840,454510,Rejected,0
5,Graduate,No,342871,4207334,18,764,2599366,315764,273903,545587,Rejected,0
0,Graduate,No,405554,3048300,24,781,1003482,222290,138556,122425,Rejected,0
5,Not Graduate,Yes,1209127,3169874,12,426,4863135,1126547,341579,385892,Rejected,0
3,Not Graduate,Yes,796313,1979401,24,558,970410,250442,283234,473161,Rejected,0
5,Not Graduate,No,613828,1214295,18,842,2990754,765306,34620,307018,Approved,1162673
2,Graduate,No,685598,1253483,48,507,3089094,513391,769326,223825,Rejected,0
5,Not Graduate,Yes,400794,1649429,48,586,1698697,337311,708422,237256,Rejected,0
3,Graduate,No,1174789,1525632,18,708,1588889,720291,245072,325738,Rejected,0
0,Graduate,No,577550,3797676,12,574,868263,1599273,404839,758644,Rejected,0
2,Not Graduate,No,670304,2669256,6,805,1017818,850899,227534,1165051,Rejected,0
0,Graduate,No,1089121,2113184,18,516,1768803,558081,76708,1010176,Rejected,0
5,Graduate,No,781527,3653784,36,595,1450072,1983993,1887385,134148,Rejected,0
1,Graduate,No,610840,3689238,24,610,3642893,120480,567410,207254,Rejected,0
1,Graduate,No,301329,4681095,60,747,1066650,194267,667337,633772,Rejected,0
3,Not Graduate,No,1101556,1616305,48,503,1116185,336913,235549,994233,Rejected,0
2,Graduate,Yes,939963,1292313,12,465,430382,1670758,781225,203303,Rejected,0
0,Graduate,Yes,677109,130959,18,516,2430534,1114343,93605,454753,Rejected,0
4,Graduate,No,508683,883208,6,439,2271361,116253,243500,181121,Rejected,0
5,Graduate,Yes,906340,3057101,12,417,3121384,345050,562631,485416,Rejected,0
4,Not Graduate,No,1172219,4065171,36,792,3256140,162285,176090,254946,Rejected,0
3,Not Graduate,No,949715,3044490,12,507,2710614,483101,650595,454642,Rejected,0
2,Not Graduate,No,2215716,4959527,12,462,2797712,1076172,388375,171263,Rejected,0
3,Not Graduate,No,1326131,3175018,12,787,2370300,1145864,358510,127453,Approved,3121228
3,Graduate,No,848431,4424729,36,773,2660556,627922,162670,3499102,Rejected,0
0,Not Graduate,Yes,1350794,1414109,6,447,376813,348396,423055,419894,Rejected,0
0,Graduate,No,924413,1687188,60,483,657456,461055,1550676,1782482,Rejected,0
1,Graduate,No,922651,4074248,24,793,581624,893723,348200,1150324,Rejected,0
2,Graduate,No,1836092,3338519,24,467,3888778,3676866,481234,127299,Rejected,0
0,Graduate,No,549200,2488587,36,817,833806,182596,545540,515282,Rejected,0
0,Not Graduate,No,911613,4783142,36,671,940182,1929720,113412,161633,Rejected,0
5,Not Graduate,No,1731486,3835701,24,700,1507508,615267,268028,325098,Rejected,0
2,Not Graduate,No,1066715,1547450,36,620,590200,1004076,261181,106915,Rejected,0
3,Graduate,No,734666,3094358,24,318,1995458,585227,49284,132888,Rejected,0
3,Graduate,No,352132,2040596,24,795,303514,1649410,586639,219886,Rejected,0
4,Not Graduate,Yes,258192,2138747,6,637,620238,661717,135875,272992,Rejected,0
4,Graduate,Yes,2819442,4044678,36,403,1741205,288058,534574,411021,Rejected,0
1,Graduate,No,1066435,3430172,36,800,591105,733044,157505,193666,Approved,3076880
5,Graduate,No,652724,160405,36,476,3974106,1302925,1702033,444069,Rejected,0
2,Not Graduate,No,1090723,2917389,60,519,1552978,500091,236751,885808,Rejected,0
5,Not Graduate,No,534416,3270396,36,684,3506147,85767,1535743,484534,Rejected,0
2,Graduate,Yes,750121,2602485,60,469,1961879,453463,259039,381587,Rejected,0
0,Graduate,No,536399,1569921,24,303,1486639,543457,286670,508063,Rejected,0
4,Graduate,No,413681,3277947,36,493,710379,481266,1136132,146493,Rejected,0
0,Graduate,No,282775,4743626,36,710,3011158,328144,137531,778890,Rejected,0
4,Graduate,No,373786,521101,18,554,2088416,1539438,313013,172971,Rejected,0
0,Graduate,No,1578299,3054213,18,728,7163159,66526,474560,1185321,Rejected,0
1,Graduate,Yes,523015,4560280,36,342,2792020,541579,422844,686078,Rejected,0
3,Graduate,No,1207836,2062463,12,454,1113394,548064,311174,590552,Rejected,0
5,Graduate,No,1523173,1741902,18,442,1863639,2966783,276886,608826,Rejected,0
2,Graduate,No,908244,1313291,48,338,2058687,493902,616007,399471,Rejected,0
0,Graduate,Yes,763706,1200995,36,688,3588319,730254,348644,230672,Rejected,0
1,Not Graduate,No,968315,2016407,6,426,4042517,556056,682119,206897,Rejected,0
5,Graduate,Yes,715695,3881802,12,583,1328411,541787,418590,1362994,Rejected,0
4,Not Graduate,No,1745061,990675,60,895,602796,2237520,521368,429997,Approved,952609
0,Graduate,Yes,2526243,1232987,60,448,373471,194358,786279,183280,Rejected,0
2,Graduate,No,1997779,4994099,36,417,638140,283577,230491,574306,Rejected,0
1,Graduate,No,275623,4979272,18,859,962359,949233,768365,508509,Rejected,0
1,Graduate,No,707707,1211852,24,514,4635373,621989,262563,317643,Rejected,0
5,Graduate,No,902061,2160413,24,477,4688413,393021,91215,213332,Rejected,0
3,Not Graduate,No,1161046,2077346,48,732,3082020,470894,226776,669383,Approved,1476027
1,Not Graduate,No,348059,1553459,36,377,3774486,1087290,162306,775647,Rejected,0
3,Graduate,No,344985,848968,48,527,882427,755164,412740,501269,Rejected,0
2,Graduate,No,1846651,404118,24,419,481417,272759,235302,420542,Rejected,0
0,Not Graduate,Yes,661744,3107576,60,835,705089,611991,334445,231318,Rejected,0
2,Graduate,Yes,397153,304840,24,478,326068,479276,710428,559673,Rejected,0
1,Graduate,No,490484,3142750,24,640,650508,745807,1060706,256513,Rejected,0
1,Not Graduate,No,1115609,566188,36,614,1026346,380578,384744,164142,Rejected,0
5,Graduate,No,572489,856497,36,596,1699770,179029,754900,879525,Rejected,0
4,Graduate,Yes,1027916,124660,60,339,1660399,885474,258065,194520,Rejected,0
0,Graduate,No,525366,2049354,36,457,894257,797064,79448,106018,Rejected,0
5,Graduate,No,344841,1702741,60,813,2298315,1665053,110097,1000020,Rejected,0
3,Graduate,No,1970030,1728078,24,629,907225,163337,254024,117961,Rejected,0
5,Not Graduate,No,1120353,1621226,24,827,1511343,470965,589950,304493,Approved,1458212
4,Graduate,No,749070,4697660,24,636,652449,411072,254638,185775,Rejected,0
2,Not Graduate,No,675630,2207449,6,491,3393852,357032,822033,241002,Rejected,0
3,Not Graduate,No,2014427,4065251,48,507,1523623,134928,1423229,1897541,Rejected,0
3,Not Graduate,No,1246053,1241322,12,765,2495736,202000,140998,372549,Rejected,0
4,Graduate,No,1691113,2467512,24,442,602493,629264,1826057,514604,Rejected,0
1,Graduate,No,652861,407431,24,660,1709641,326955,74758,695622,Approved,391061
1,Graduate,No,925433,1367144,48,862,2304158,247686,1444172,254344,Approved,989460
1,Graduate,No,1122826,448696,60,808,323863,1686557,291572,849003,Approved,362429
1,Not Graduate,No,665046,201444,48,532,3602175,3760364,246131,520438,Rejected,0
0,Graduate,Yes,853932,992517,24,466,587662,476583,297962,677986,Rejected,0
0,Not Graduate,No,652890,878908,36,673,1757057,139457,151989,240839,Rejected,0
5,Graduate,No,1120889,1651288,18,666,5733019,700330,1075031,545803,Rejected,0
0,Graduate,No,435123,3743717,60,734,3069892,84948,166597,397505,Rejected,0
5,Graduate,No,1232720,825161,12,343,490668,158692,185666,882088,Rejected,0
0,Not Graduate,Yes,1067727,3092288,60,624,1312507,710671,92890,274028,Rejected,0
4,Graduate,No,804785,1889077,48,305,3783076,154228,161212,1659075,Rejected,0
1,Graduate,No,1152431,2073455,48,895,812925,388767,165434,507030,Approved,1903014
3,Not Graduate,No,736329,4618879,48,825,1145173,141673,156260,366432,Rejected,0
1,Graduate,No,622549,2377916,24,744,1121372,524491,258380,337623,Rejected,0
2,Graduate,No,1213719,1381855,24,477,2300196,1299016,116308,398088,Rejected,0
2,Graduate,No,1242962,1266470,24,748,473654,296987,1163426,257599,Approved,1113349
3,Graduate,No,680887,925156,18,567,2398990,491816,263460,637890,Rejected,0
2,Graduate,Yes,649509,4029836,48,690,940227,249920,412284,396678,Rejected,0
3,Graduate,Yes,813836,3357404,36,439,1487300,265254,624097,1559300,Rejected,0
4,Graduate,No,664338,1411903,60,585,1267202,246643,1677365,295343,Rejected,0
2,Graduate,Yes,2082262,2505317,60,826,2352057,975206,650137,367606,Approved,1816798
2,Graduate,No,1071116,2576592,18,414,1476516,150375,243016,295139,Rejected,0
0,Graduate,No,907256,331544,18,531,4418459,377108,120537,1479995,Rejected,0
2,Graduate,Yes,538828,4552541,24,475,3150424,708360,399879,145395,Rejected,0
0,Graduate,No,1351322,3960256,12,407,826110,1083484,740062,427098,Rejected,0
1,Graduate,No,642915,2723543,36,538,4176353,727144,338466,497976,Rejected,0
5,Graduate,No,628530,3605181,48,665,1906025,470064,317100,181608,Rejected,0
0,Graduate,No,1376546,634804,48,332,1703828,308294,359691,2544515,Rejected,0
2,Not Graduate,Yes,1113677,4888762,36,423,2833809,1097870,61219,208527,Rejected,0
5,Not Graduate,No,227125,3237834,48,791,687017,239240,339774,409498,Rejected,0
5,Graduate,No,825196,4697703,36,456,533064,242314,559037,1300214,Rejected,0
0,Graduate,No,964327,4334720,60,501,1528323,1578503,288574,307636,Rejected,0
0,Graduate,No,746665,2962817,48,704,951932,679142,779588,442307,Rejected,0
2,Not Graduate,Yes,982986,1512894,48,748,7104682,699855,802022,314229,Rejected,0
3,Graduate,No,332642,3461505,12,876,845542,831619,195482,385356,Rejected,0
5,Graduate,No,189679,2610032,48,395,1545969,461269,436725,852766,Rejected,0
1,Graduate,Yes,526308,2106583,24,753,1732280,147314,311103,297782,Rejected,0
0,Graduate,No,1051140,3585797,24,734,3776965,618997,53492,62386,Rejected,0
1,Graduate,No,152730,4453490,36,374,711446,492310,255871,390879,Rejected,0
5,Not Graduate,No,565915,939763,24,826,447721,240903,124900,418011,Approved,924622
0,Not Graduate,Yes,312585,2808763,12,487,4268623,198128,336189,458642,Rejected,0
2,Graduate,No,787569,3914377,18,554,1593375,480608,535993,351831,Rejected,0
0,Graduate,Yes,2641862,1695201,48,778,2753222,157666,249337,218697,Approved,1684562
0,Graduate,No,798670,1775338,36,614,2851907,442620,139596,336926,Rejected,0
5,Graduate,No,848329,146508,60,465,3247780,399484,366007,1376224,Rejected,0
0,Graduate,Yes,1427917,1683193,48,493,1129830,451841,2394506,388399,Rejected,0
1,Graduate,No,910609,2973604,24,744,921976,704061,47339,631754,Rejected,0
5,Not Graduate,No,799630,4860433,48,410,335636,848330,365646,193999,Rejected,0
3,Not Graduate,Yes,1498245,2674626,36,583,711264,273099,188966,326187,Rejected,0
0,Graduate,No,1166698,1524937,24,749,1571575,1047258,208849,198549,Approved,1102820
2,Not Graduate,No,1054834,4078198,60,831,886404,414944,274457,989337,Approved,3517578
5,Graduate,No,833860,1019752,60,796,637494,2219227,223930,134615,Approved,796881
2,Graduate,Yes,744013,1016322,12,515,1557810,303992,500354,519126,Rejected,0
3,Graduate,Yes,1490458,2654209,48,419,4106913,127100,244267,507749,Rejected,0
3,Graduate,Yes,747953,4095467,12,861,1438288,1015569,47760,485229,Approved,2910675
3,Graduate,No,1771503,1141035,60,659,641369,717940,890249,77482,Rejected,0
1,Not Graduate,No,505963,174889,36,544,3895350,1388557,783420,97068,Rejected,0
5,Graduate,No,1980245,3645867,18,842,839354,650542,179117,434156,Approved,3312269
5,Graduate,Yes,1166796,2977836,48,736,4549393,3654139,312964,209617,Rejected,0
0,Graduate,Yes,528319,3460588,36,586,1231355,425836,844490,255052,Rejected,0
4,Not Graduate,Yes,1190743,2044577,12,417,1620626,1216782,721961,297165,Rejected,0
4,Graduate,No,629376,680370,48,349,4836227,319887,951031,191404,Rejected,0
4,Graduate,Yes,916700,1724450,48,619,544353,759468,412439,169652,Rejected,0
2,Graduate,Yes,688661,2401798,36,368,682417,889738,577025,399984,Rejected,0
2,Graduate,No,836556,2223150,48,486,1174161,1014637,993501,105341,Rejected,0
5,Not Graduate,No,1510478,4456359,6,709,1350519,967278,224077,280733,Rejected,0
0,Graduate,Yes,1197003,1195598,24,307,10880992,31925,436292,250704,Rejected,0
4,Not Graduate,No,484658,1627990,36,894,770604,471648,48385,393422,Approved,1315594
5,Graduate,Yes,500167,998785,18,562,563989,306668,78329,2127047,Rejected,0
4,Graduate,Yes,1044529,2896389,36,822,743482,362638,458871,201160,Rejected,0
2,Graduate,Yes,1086968,4045024,60,403,1785261,392961,522459,531617,Rejected,0
3,Graduate,No,621074,4427582,48,576,2169490,1147638,215851,466856,Rejected,0
0,Graduate,No,2159470,1216015,36,876,882629,593953,179169,591932,Approved,889131
5,Graduate,No,1407847,2205941,36,680,1523853,324801,221750,344523,Rejected,0
2,Graduate,No,637993,3711163,60,785,6451850,143536,353142,1097164,Rejected,0
0,Not Graduate,No,604955,324717,60,711,1540091,1840343,41977,646241,Approved,315971
4,Not Graduate,No,794011,3585667,12,744,1908290,288411,445661,653478,Rejected,0
3,Graduate,No,749851,758465,36,518,6185490,447424,308379,148635,Rejected,0
3,Graduate,No,1795936,263662,18,572,888648,3079882,370220,427906,Rejected,0
0,Not Graduate,No,1546705,654075,12,329,846122,295160,270051,279937,Rejected,0
4,Graduate,No,917528,4417255,24,455,1054644,395551,92588,218835,Rejected,0
3,Not Graduate,No,1306677,3436381,36,338,1009578,609087,117957,257995,Rejected,0
4,Graduate,Yes,1415207,3967840,48,494,382780,127683,1095258,384645,Rejected,0
4,Not Graduate,No,929306,3481542,60,736,1663561,115709,173739,550705,Rejected,0
1,Graduate,No,1123085,4000730,24,422,1765036,332034,596110,795195,Rejected,0
1,Graduate,No,1247876,2533091,24,587,1304828,341947,119555,769508,Rejected,0
5,Graduate,No,1176828,4065036,18,631,1805917,560428,296200,490954,Rejected,0
3,Graduate,No,586430,377317,18,398,1820383,217742,206273,415882,Rejected,0
2,Not Graduate,No,619960,2954511,12,787,558976,723059,234959,318723,Rejected,0
1,Not Graduate,No,767906,3799833,60,763,1862547,79950,224703,336349,Rejected,0
3,Graduate,No,610165,4967567,12,412,2280396,471001,1023636,231657,Rejected,0
4,Graduate,Yes,400290,1859431,48,321,452775,679093,1544022,296351,Rejected,0
0,Graduate,Yes,1305274,977845,24,302,4494265,661021,367149,512419,Rejected,0
3,Graduate,Yes,1088896,3629019,36,476,593699,435393,211239,1175809,Rejected,0
5,Graduate,Yes,430843,454446,60,375,638768,285237,96925,360199,Rejected,0
1,Not Graduate,No,788309,3905346,60,310,1745309,424757,91416,227258,Rejected,0
1,Not Graduate,Yes,813249,3550421,18,577,2240030,1427205,1028375,788350,Rejected,0
5,Graduate,No,994723,3486198,60,615,2687788,300384,86097,98472,Rejected,0
0,Graduate,No,496378,1540292,24,311,2284642,1148259,206334,830202,Rejected,0
2,Graduate,No,427390,689085,48,659,1015812,1314572,342336,146713,Rejected,0
2,Graduate,Yes,1197802,3080343,6,542,1627241,114331,32866,633637,Rejected,0
4,Graduate,No,387113,1877620,36,420,1182892,448397,103625,286633,Rejected,0
0,Graduate,No,791896,2019338,48,366,1709429,217789,96170,500747,Rejected,0
2,Graduate,No,752238,1019879,48,756,1579025,139498,170363,1719294,Approved,796401
0,Graduate,Yes,840997,1734268,48,364,1027146,980276,373778,222521,Rejected,0
4,Not Graduate,No,1034206,4176597,24,420,1156099,747648,718663,198558,Rejected,0
3,Graduate,Yes,2168105,4476919,60,728,373929,625498,170675,422510,Rejected,0
2,Graduate,No,373409,1809988,24,678,2795644,198728,202628,1163507,Rejected,0
2,Graduate,No,1457554,796013,18,900,1875046,597947,271005,453448,Approved,623847
0,Not Graduate,Yes,226039,266021,6,324,265924,164139,151271,412690,Rejected,0
5,Graduate,No,1937078,1026029,18,416,2719193,533939,427913,450258,Rejected,0
3,Graduate,Yes,292603,147747,12,697,1441514,284943,439296,197986,Approved,112745
1,Graduate,No,3437198,3372420,36,437,742931,1221433,29679,453468,Rejected,0
2,Graduate,No,726343,3249285,12,528,695167,367210,516612,303834,Rejected,0
4,Graduate,No,1830063,3934745,36,478,895206,608602,334256,1009477,Rejected,0
4,Not Graduate,No,1633827,1729211,12,785,745889,609702,373806,699283,Approved,1392866
2,Graduate,Yes,707916,4177851,48,771,824955,468801,817653,158357,Rejected,0
1,Graduate,No,738435,931280,24,784,5370606,546831,65722,328085,Approved,774436
3,Graduate,No,567907,1232633,24,604,1981412,647307,103194,578857,Rejected,0
3,Not Graduate,Yes,1387763,4588267,36,593,6906568,233381,282613,201219,Rejected,0
3,Not Graduate,No,713004,4422356,60,642,1776720,704231,41705,187912,Rejected,0
0,Not Graduate,Yes,573612,3034109,60,340,2316169,1041995,250605,289478,Rejected,0
2,Graduate,No,1209420,3086798,24,628,774867,700892,615810,509064,Rejected,0
3,Not Graduate,No,549466,3533156,60,466,1322394,370021,420282,826724,Rejected,0
5,Not Graduate,Yes,751037,4133771,36,863,1410868,579896,320835,470557,Approved,2915254
3,Graduate,No,954610,1233351,60,410,2388187,367018,246156,2241947,Rejected,0
2,Graduate,Yes,632107,435757,6,320,1445351,451999,208532,249070,Rejected,0
3,Not Graduate,No,686800,1006607,6,879,1952207,182194,198567,671632,Approved,937867
1,Graduate,No,2093590,1848782,12,394,1900489,1615927,364380,184030,Rejected,0
0,Graduate,No,804375,1254804,48,611,1195210,2590931,80280,1235398,Rejected,0
4,Graduate,No,738484,2671834,12,529,1106494,274861,1040473,1035927,Rejected,0
5,Graduate,No,817357,776812,18,461,908210,975406,160259,658207,Rejected,0
5,Graduate,No,1155565,2927090,36,593,3377693,1726404,481935,118633,Rejected,0
3,Not Graduate,No,509673,3581273,60,740,1195592,221545,321209,653952,Rejected,0
0,Not Graduate,Yes,1138382,585450,36,368,1919641,79833,112527,225444,Rejected,0
5,Graduate,No,1035972,1506851,48,697,1333822,1815085,900138,549495,Rejected,0
2,Graduate,Yes,336512,2739425,18,836,3328188,495631,752218,144490,Approved,2370860
1,Graduate,No,2414471,424540,60,474,337699,321514,78942,483210,Rejected,0
5,Graduate,No,2009904,3360884,12,707,1882673,520530,281814,312304,Rejected,0
4,Not Graduate,No,579453,3792565,24,853,585249,365363,357825,231991,Approved,2983715
4,Graduate,No,485442,1871816,36,860,2010717,6186638,51581,605640,Approved,1460692
1,Graduate,No,1020271,144414,18,689,1343872,318463,49468,385891,Rejected,0
5,Graduate,Yes,410826,2553622,36,865,494946,660393,147698,346538,Approved,2140555
2,Not Graduate,No,1905978,4358022,36,767,1932269,1499695,98253,670149,Rejected,0
3,Graduate,No,695579,1533575,18,608,1774647,1493565,123568,1516614,Rejected,0
4,Not Graduate,No,2195991,4261504,6,375,1261182,1269271,98267,485139,Rejected,0
3,Graduate,Yes,571905,4365452,12,812,1386858,348202,270358,112988,Rejected,0
1,Graduate,No,846139,1475912,6,472,1693163,439362,140520,134380,Rejected,0
1,Not Graduate,Yes,1806889,3036112,60,742,3629628,78753,773290,419769,Rejected,0
2,Graduate,No,753413,306647,36,687,1184973,469321,349678,820566,Rejected,0
5,Not Graduate,Yes,1045285,2801242,12,516,3206689,514139,589308,439554,Rejected,0
4,Graduate,Yes,1641486,4409596,12,765,1458455,939242,71433,572241,Rejected,0
2,Not Graduate,Yes,662863,4727352,48,695,3964049,2300248,175878,383865,Rejected,0
4,Not Graduate,No,449636,1078136,48,748,1257479,915272,336826,784410,Rejected,0
4,Not Graduate,No,403471,3358165,60,872,910030,1242221,440898,615902,Rejected,0
2,Graduate,No,1240516,423457,18,465,658499,492632,172991,195931,Rejected,0
2,Not Graduate,No,1114569,1471135,36,759,1462436,1489597,195943,547261,Approved,1296025
5,Not Graduate,No,1613740,4192701,12,323,827443,504754,215072,135859,Rejected,0
3,Graduate,Yes,774076,3244590,48,726,4300930,1318333,232898,547346,Rejected,0
0,Graduate,Yes,409726,2021094,24,393,780403,990721,1888145,328230,Rejected,0
4,Not Graduate,No,246751,4811955,36,433,893997,698144,391521,447623,Rejected,0
3,Graduate,No,4358025,3816874,6,417,2319328,134961,310342,501837,Rejected,0
3,Not Graduate,No,1202553,215435,48,799,3650299,1266425,102886,487169,Approved,158959
4,Not Graduate,Yes,970324,491642,18,524,2595422,689539,104977,1078899,Rejected,0
5,Graduate,No,1049057,3170296,48,534,3318386,908502,250274,409657,Rejected,0
1,Graduate,Yes,409591,4396023,18,517,1412418,652700,784151,456554,Rejected,0
2,Graduate,No,581270,868491,48,675,1427424,755703,253285,1014688,Rejected,0
1,Graduate,Yes,2347782,2737631,12,850,6782078,1510452,262675,1509034,Approved,2367933
3,Not Graduate,No,1292697,4100652,36,707,5329016,334211,159361,395072,Rejected,0
2,Graduate,No,591355,4325474,48,360,2562842,744045,68262,279501,Rejected,0
2,Graduate,No,458356,3239354,24,609,3439823,258214,434912,289370,Rejected,0
4,Not Graduate,Yes,677740,4999559,18,364,2855836,816303,241673,548381,Rejected,0
2,Graduate,No,756655,4691249,24,399,607128,619060,438302,346920,Rejected,0
2,Not Graduate,Yes,2777829,4186892,24,418,1456048,292447,342140,117565,Rejected,0
2,Graduate,No,811470,3380932,36,719,4609161,541435,132198,877958,Rejected,0
1,Graduate,Yes,467847,4928471,6,826,2574665,308341,363355,707853,Rejected,0
0,Graduate,Yes,871454,184372,6,448,1430141,362603,100122,892579,Rejected,0
4,Not Graduate,No,1040837,538336,24,866,4650773,676001,360933,1024902,Approved,408648
0,Not Graduate,Yes,445009,2600734,24,459,1978703,628130,284397,457096,Rejected,0
1,Not Graduate,Yes,1122806,3388070,18,484,2643622,97729,1111307,480031,Rejected,0
4,Not Graduate,No,1749873,4527974,48,376,1986479,685072,143585,809264,Rejected,0
0,Not Graduate,No,971328,3424211,6,328,2250915,386362,97118,170875,Rejected,0
3,Not Graduate,No,580569,1238284,60,672,2374928,351583,211155,312540,Rejected,0
4,Graduate,No,672846,4552158,48,544,3975779,191814,503461,383729,Rejected,0
3,Not Graduate,No,361418,506192,24,370,4383873,481076,27819,762666,Rejected,0
1,Graduate,No,836131,565185,60,639,1069452,320552,631429,274359,Rejected,0
0,Not Graduate,Yes,1067766,3627451,36,507,1958342,1476017,251253,242975,Rejected,0
5,Graduate,No,549631,4820401,36,536,3891216,113023,113654,295831,Rejected,0
1,Graduate,Yes,2615550,2562292,24,834,1359063,220362,219448,555687,Approved,1846964
4,Not Graduate,No,1391515,760593,36,542,562026,208038,159792,381332,Rejected,0
1,Graduate,No,335750,333216,12,572,758797,622951,105894,144886,Rejected,0
0,Graduate,No,339560,4899868,36,713,799140,1355285,57741,166328,Rejected,0
4,Not Graduate,No,523838,1471584,12,837,1063782,766827,558185,440138,Approved,1116509
5,Graduate,Yes,2138044,3232678,24,743,857095,197188,186461,450517,Rejected,0
5,Graduate,No,1469095,1701068,36,596,3245582,347152,215084,407799,Rejected,0
4,Graduate,No,2198293,1151271,18,483,1218776,251340,615136,287714,Rejected,0
1,Graduate,No,905068,3372521,18,407,3862410,769838,314589,694240,Rejected,0
5,Graduate,No,802054,3721700,48,374,642586,341202,79701,517884,Rejected,0
4,Not Graduate,Yes,453169,2410841,24,756,1150818,150465,531477,505679,Rejected,0
1,Not Graduate,No,1090859,2586365,12,742,1622021,821892,1058960,518398,Rejected,0
0,Graduate,No,807952,2487233,24,512,2755121,1463195,460086,1223725,Rejected,0
5,Not Graduate,Yes,791021,2997461,60,864,3536668,429549,143814,195288,Approved,2904391
1,Graduate,No,2191459,4052358,36,880,1001729,553880,85791,297887,Approved,2913784
4,Not Graduate,No,839582,3583875,36,673,3159864,138969,139435,316089,Rejected,0
0,Graduate,No,1871386,1464244,48,457,424877,86856,327458,964713,Rejected,0
1,Graduate,No,375761,1310357,36,604,2883381,103844,1008380,307919,Rejected,0
1,Not Graduate,No,3947574,3395607,48,794,548629,481350,157327,229693,Approved,3355776
1,Not Graduate,No,732964,3261857,36,604,2096875,384851,172813,371444,Rejected,0
4,Graduate,No,1327889,1901031,60,596,3498572,795448,714805,430379,Rejected,0
5,Not Graduate,No,1449313,4209292,36,620,2917969,422675,207446,924203,Rejected,0
5,Graduate,Yes,684609,2150013,24,806,438709,1157717,1287767,306643,Rejected,0
4,Graduate,Yes,1412140,1745898,6,546,1072552,1049464,264514,247213,Rejected,0
1,Graduate,No,1453088,2823922,12,410,2568096,380131,809476,211573,Rejected,0
5,Graduate,Yes,607994,1044428,36,608,2513525,213084,415361,314337,Rejected,0
3,Graduate,Yes,611968,3508670,60,680,1844879,98089,547197,2406726,Rejected,0
3,Graduate,No,922709,4495306,48,861,287728,1691112,258081,522778,Approved,3793891
4,Graduate,No,844608,4731457,48,368,3684010,224407,272836,608051,Rejected,0
4,Graduate,Yes,1936459,2288939,36,866,4210833,140140,428317,399919,Approved,2150574
5,Not Graduate,No,1324595,1418154,60,784,1695996,558350,591228,440378,Approved,1148547
3,Graduate,No,865807,2447348,48,726,1780508,141203,469156,693688,Rejected,0
3,Not Graduate,No,1256063,608351,24,441,2187502,557873,66783,593086,Rejected,0
4,Graduate,No,291995,3372190,36,424,4485263,375682,373461,510747,Rejected,0
1,Graduate,No,641606,2201080,24,556,1810098,1096343,171689,404539,Rejected,0
1,Not Graduate,Yes,1054367,697210,18,409,1299636,1018208,188629,312577,Rejected,0
3,Graduate,No,1662114,2778908,18,694,1996918,1277209,442597,538347,Approved,1992750
0,Graduate,No,1004523,3621125,24,752,1487553,595815,1270307,424094,Rejected,0
1,Graduate,No,2007060,1217217,18,587,1500281,241054,246297,1780057,Rejected,0
4,Graduate,No,1450642,2083609,18,715,398946,207111,1604762,834540,Rejected,0
5,Graduate,No,688017,4463430,60,768,2220181,318466,118077,249502,Rejected,0
3,Graduate,Yes,833287,3578462,24,848,3611259,2723687,854711,176404,Approved,3344570
2,Graduate,No,1126676,4014351,48,713,3224393,404559,432625,302692,Rejected,0
2,Graduate,No,703203,2303028,12,440,3060899,573336,358187,187392,Rejected,0
4,Graduate,Yes,2089342,2518953,60,378,1441542,1817859,972111,290222,Rejected,0
3,Graduate,No,489114,2535239,48,865,1673174,620813,174640,202911,Approved,2531197
0,Not Graduate,No,1070899,2305313,60,764,3665692,264609,888661,318157,Rejected,0
3,Graduate,No,1348692,806833,36,810,2874793,930054,251317,320820,Approved,581656
2,Graduate,Yes,757481,299632,36,554,4573287,347375,173815,443406,Rejected,0
4,Graduate,No,669181,4178205,24,394,905677,639294,97137,346073,Rejected,0
5,Graduate,Yes,863117,2730760,24,659,901449,772739,1154397,212695,Rejected,0
5,Graduate,No,1406689,2709677,48,684,1168872,328471,791440,936262,Rejected,0
3,Graduate,Yes,683672,3019161,6,430,739479,585827,199822,530360,Rejected,0
2,Graduate,No,499940,2121209,6,582,556757,1948173,476939,273237,Rejected,0
2,Not Graduate,No,1694624,4468996,60,554,2131750,293552,334084,215116,Rejected,0
1,Not Graduate,No,1121035,2402995,12,456,2025624,1531445,222251,143223,Rejected,0
5,Graduate,No,1566684,2555381,48,791,1804231,302683,681180,136065,Approved,1800799
5,Graduate,Yes,1366526,2703537,18,591,1955751,2313152,176298,832710,Rejected,0
5,Graduate,No,2984937,871149,24,856,500414,241639,46567,773063,Approved,704277
1,Not Graduate,No,1661755,949594,24,300,1046473,357749,374145,265731,Rejected,0
1,Not Graduate,No,604348,982278,36,864,1203656,1801951,317518,1040848,Approved,706434
5,Graduate,Yes,1165659,1344994,48,697,1555574,1870584,181182,615971,Approved,1082521
3,Graduate,No,662338,883350,60,720,501899,1002519,140502,461159,Rejected,0
4,Graduate,No,701082,1198160,18,472,747981,199345,79702,731299,Rejected,0
2,Not Graduate,No,413857,4698821,24,347,1081238,536280,220405,616703,Rejected,0
2,Not Graduate,No,768955,1867315,48,439,3317393,500531,142570,445429,Rejected,0
3,Graduate,Yes,1214592,3987608,12,566,1825525,241572,680971,338131,Rejected,0
4,Graduate,No,867905,2026854,12,503,3227280,904082,465359,371084,Rejected,0
2,Graduate,No,491638,4141354,36,416,1368399,258377,198726,129785,Rejected,0
4,Not Graduate,No,389449,3790196,48,307,1501113,166935,467825,228367,Rejected,0
1,Not Graduate,No,2875293,4218125,24,719,2180975,126074,273808,1410328,Rejected,0
2,Graduate,Yes,1076245,1513052,12,700,1313318,2143208,238591,224134,Rejected,0
5,Graduate,No,572010,568609,60,396,938869,323985,286344,109509,Rejected,0
5,Graduate,Yes,1160232,1609785,60,770,490724,329814,1352075,753131,Rejected,0
5,Graduate,No,3000239,3540667,36,887,957937,208208,518634,476036,Approved,2649798
1,Not Graduate,No,1266040,3305833,36,900,2808374,1599336,232775,495157,Approved,2316002
5,Graduate,No,194320,3551250,60,416,3861172,154686,641344,358238,Rejected,0
5,Not Graduate,No,3870563,4967727,36,556,839959,179665,621987,756723,Rejected,0
5,Graduate,No,325483,1201626,48,331,408674,380336,374107,1167053,Rejected,0
0,Graduate,Yes,803589,2276457,36,307,3005438,490918,226897,277675,Rejected,0
4,Graduate,No,482520,2504262,18,806,1580023,875196,214512,622960,Rejected,0
5,Graduate,No,599079,831364,48,881,546173,281562,120290,875165,Approved,733161
4,Graduate,No,1052391,3345911,36,421,145493,1858067,349744,266942,Rejected,0
1,Not Graduate,No,288107,339686,24,578,728263,283196,178644,1150750,Rejected,0
4,Graduate,Yes,856419,4496949,36,314,1059986,212154,206969,873127,Rejected,0
0,Graduate,No,1691605,533013,48,790,632375,195664,509891,167680,Approved,448460
2,Graduate,No,566010,641085,24,629,2520343,258993,1258767,1221639,Rejected,0
3,Graduate,No,418944,950585,48,475,815494,185183,412342,173948,Rejected,0
2,Not Graduate,No,833619,4471747,12,882,1514017,946601,274351,247214,Approved,4013908
4,Not Graduate,No,747181,4321214,36,381,8895825,213555,295253,645503,Rejected,0
1,Graduate,Yes,648732,4619834,60,460,1638139,446618,789226,829221,Rejected,0
3,Not Graduate,No,468157,4182903,60,749,1375512,208407,417102,428607,Rejected,0
3,Not Graduate,Yes,1197446,4625689,60,545,1399016,184254,353703,257381,Rejected,0
3,Not Graduate,Yes,1248614,2410004,36,721,2477440,1280703,375654,333414,Rejected,0
1,Graduate,Yes,500841,123690,36,442,2257547,1952698,89073,306901,Rejected,0
1,Graduate,No,540452,2246607,36,695,706663,1470355,418086,720770,Rejected,0
1,Graduate,No,970164,1182894,24,635,1101971,143161,142572,301072,Rejected,0
2,Not Graduate,Yes,529356,1299376,36,328,909344,161081,419489,253451,Rejected,0
3,Not Graduate,Yes,992929,3487102,36,493,1213468,2687134,160593,142222,Rejected,0
2,Graduate,No,2017916,917591,36,478,5902824,402794,495852,263882,Rejected,0
2,Graduate,Yes,870870,1676525,24,655,2383454,155405,263399,368192,Rejected,0
1,Not Graduate,No,461696,2024059,24,563,1412898,1254522,113321,181306,Rejected,0
1,Not Graduate,Yes,1116609,399308,24,587,3814708,529475,234324,117938,Rejected,0
3,Graduate,No,816221,3536449,18,401,1727748,811335,1956256,794280,Rejected,0
4,Not Graduate,No,828659,3838416,24,858,439080,74619,43453,198576,Rejected,0
1,Graduate,No,1168905,2836579,12,750,5224916,378901,345562,159961,Rejected,0
5,Graduate,No,1316149,240101,60,702,1333979,1120008,127078,1200066,Approved,190697
3,Graduate,Yes,917746,3956544,12,465,276221,290122,966931,724590,Rejected,0
1,Not Graduate,Yes,870459,2285504,48,710,451918,1428469,600430,820000,Rejected,0
2,Not Graduate,Yes,2799910,1405133,18,441,3494636,163264,351358,569697,Rejected,0
0,Graduate,Yes,1741844,4743123,60,592,457451,454371,654322,1001672,Rejected,0
0,Graduate,No,1423459,4311015,48,461,4126310,2023920,369322,742369,Rejected,0
2,Graduate,Yes,967348,2257141,60,482,1594007,187988,301565,314303,Rejected,0
2,Graduate,No,517617,2272034,60,690,2562250,629776,180323,189792,Rejected,0
4,Graduate,Yes,1673140,4568248,48,488,1237212,822166,220744,162921,Rejected,0
0,Graduate,No,974336,1036603,18,738,2221069,540396,202215,362736,Rejected,0
5,Graduate,No,655207,2104121,36,602,1901971,404264,302650,185206,Rejected,0
1,Graduate,No,787346,2894981,24,889,1457274,237398,60069,228855,Approved,2079812
0,Graduate,No,529003,1798762,60,415,674614,590915,719817,359552,Rejected,0
4,Not Graduate,No,1609897,1646586,60,867,1962779,458220,1569674,1064202,Approved,1433700
4,Graduate,No,1310370,626175,24,379,383927,147490,207763,138943,Rejected,0
3,Graduate,No,994552,1406986,36,630,3016482,1273442,814433,408410,Rejected,0
0,Not Graduate,No,879068,1854645,24,523,1738828,230688,267681,166578,Rejected,0
0,Graduate,Yes,618951,4203699,36,752,2124661,150783,179796,270974,Rejected,0
2,Graduate,No,278900,1751234,36,378,210722,301352,216863,766903,Rejected,0
2,Graduate,Yes,413760,889707,36,453,644787,234111,322667,220882,Rejected,0
5,Graduate,Yes,598209,4248101,60,438,1026485,401458,162499,332655,Rejected,0
1,Graduate,No,550740,1823836,18,853,2486121,173908,502220,441501,Approved,1799022
1,Graduate,Yes,1055261,4607585,48,621,739602,731710,192943,653465,Rejected,0
5,Graduate,No,1406298,634234,36,398,10139796,1617280,120487,272582,Rejected,0
0,Graduate,No,838616,207457,24,774,1231189,547079,294964,966818,Approved,192921
0,Graduate,No,1953346,4616418,24,471,700100,146491,166324,292912,Rejected,0
2,Graduate,No,585111,581456,12,435,1303858,230067,227140,561444,Rejected,0
2,Graduate,No,835349,141891,36,597,735102,603470,286466,350207,Rejected,0
3,Graduate,No,875112,3251820,60,775,617059,93944,96066,671893,Rejected,0
5,Not Graduate,Yes,1641059,1654581,12,804,3201757,175343,1036721,1653616,Approved,1418503
5,Graduate,Yes,953970,2475240,12,309,2204268,123252,598562,329358,Rejected,0
1,Graduate,No,968606,2101144,36,839,2209074,551545,175605,395541,Approved,2069562
5,Graduate,No,362212,1554705,24,899,3908016,3141515,295162,295611,Approved,1149067
3,Graduate,Yes,548642,2457626,24,492,2160780,171189,515019,265417,Rejected,0
0,Not Graduate,No,1644462,1373544,36,610,673619,1000733,358235,245171,Rejected,0
5,Graduate,No,287423,1201014,24,526,2552180,309610,1482754,394813,Rejected,0
0,Graduate,Yes,1883790,1200905,48,586,644359,162790,244917,232196,Rejected,0
3,Not Graduate,Yes,1184659,680507,24,692,1048055,1889595,824201,237180,Rejected,0
4,Not Graduate,No,596607,2674709,36,690,1449439,3135286,96480,43624,Rejected,0
1,Not Graduate,Yes,569505,2787699,24,585,1343234,709593,109958,1054614,Rejected,0
1,Graduate,Yes,2553372,185651,24,585,391440,680442,1255870,1264113,Rejected,0
2,Graduate,No,1956022,2351681,36,593,725976,527178,207809,629921,Rejected,0
5,Graduate,No,842777,3720534,48,545,1474890,440803,111214,216967,Rejected,0
1,Graduate,No,969151,106273,60,374,948807,667591,288074,165178,Rejected,0
3,Graduate,No,630804,1571901,6,522,3490896,888299,878453,133796,Rejected,0
2,Not Graduate,No,969253,4808874,36,730,3969259,2055856,156771,625703,Rejected,0
0,Graduate,No,621259,2191474,36,887,647378,320629,289551,969880,Approved,1720497
4,Graduate,No,861949,181162,12,788,1568753,557179,62021,449316,Approved,171247
4,Graduate,No,2435911,2682556,48,817,4916039,463786,201395,729197,Approved,2332634
3,Graduate,No,853894,2112944,24,770,1356356,1193996,700225,546130,Approved,1677405
1,Graduate,No,505720,1135662,60,601,1105426,3845569,154021,233189,Rejected,0
0,Not Graduate,No,424491,459754,36,709,2859454,1229531,101765,810857,Rejected,0
2,Graduate,Yes,965175,4430143,18,802,1221175,985467,155102,775389,Rejected,0
3,Graduate,No,592234,4082919,48,433,3890811,1081713,178672,199962,Rejected,0
3,Graduate,No,1030734,3442257,18,389,960218,1468383,574666,703761,Rejected,0
1,Graduate,No,369322,186466,48,460,1050771,3892817,414301,360734,Rejected,0
3,Graduate,Yes,1315579,4364452,48,618,2713074,119346,488228,333233,Rejected,0
1,Not Graduate,No,502354,2419139,36,772,1617486,832359,307339,525784,Rejected,0
4,Graduate,No,923211,2429708,24,570,1627052,55733,177133,514535,Rejected,0
4,Graduate,No,747196,4400715,24,890,358247,1122438,155069,745119,Approved,4070829
3,Not Graduate,No,2315796,2219056,36,495,1150740,798704,433227,220733,Rejected,0
0,Graduate,Yes,989019,1257394,36,577,2867651,314129,1157983,594300,Rejected,0
5,Not Graduate,Yes,2623867,1261998,36,851,833337,51681,134849,177591,Approved,899856
0,Graduate,No,1225131,4641638,24,402,2536959,493919,126279,352954,Rejected,0
5,Graduate,Yes,1971141,2769718,48,800,1833923,604272,114243,369818,Approved,2745132
0,Not Graduate,No,802359,2936645,48,390,1291338,473886,608247,788787,Rejected,0
3,Graduate,Yes,1088354,3006502,36,845,4152793,294829,289444,402602,Approved,2604276
0,Graduate,No,1759260,1180786,24,494,1162511,233303,481001,333011,Rejected,0
0,Graduate,No,1480482,2157624,36,681,1224895,478469,194807,1085304,Rejected,0
4,Graduate,Yes,1205249,4762508,24,727,1280324,252905,507392,296239,Rejected,0
4,Graduate,No,751469,812374,48,526,1593382,994772,234931,287625,Rejected,0
0,Graduate,No,824740,4761276,48,630,2666277,467646,80688,107546,Rejected,0
5,Not Graduate,Yes,1682622,1438212,60,754,497106,115427,657369,343662,Rejected,0
1,Graduate,No,1886816,1549045,18,826,2876284,581030,290903,207200,Approved,1121825
1,Graduate,No,649576,169832,48,365,1578600,710999,230449,335611,Rejected,0
1,Graduate,No,597842,3352027,60,597,2272751,1978111,381031,473161,Rejected,0
2,Graduate,No,547368,1663780,18,812,9019175,1100507,87904,187147,Rejected,0
1,Graduate,No,1420452,2351044,6,634,1021957,232926,432636,224838,Rejected,0
2,Graduate,Yes,539792,2945719,12,317,598674,1680019,180791,130561,Rejected,0
1,Graduate,Yes,1411032,3207549,36,375,1734665,153927,262721,279946,Rejected,0
0,Graduate,No,1215030,4782985,24,791,1953437,512115,790118,206505,Approved,3957701
2,Graduate,No,666869,2823258,18,554,2883982,949149,517830,1794351,Rejected,0
4,Graduate,No,2127105,971694,36,723,1001684,1727619,258232,1146296,Rejected,0
4,Graduate,Yes,402684,3547243,48,836,804837,2490339,275300,1023265,Rejected,0
2,Not Graduate,No,2242032,371776,60,353,475084,1477524,34032,161599,Rejected,0
1,Not Graduate,No,1072537,4233500,48,573,537861,445183,149183,353297,Rejected,0
4,Graduate,Yes,287720,1551925,60,388,1098003,818382,345793,172299,Rejected,0
4,Not Graduate,No,2160141,3638926,36,806,1374413,605074,156686,1453079,Approved,2745335
4,Not Graduate,No,1536268,868308,48,571,7059087,273578,97156,715673,Rejected,0
5,Graduate,Yes,711146,2092816,24,826,421484,453197,451200,191455,Rejected,0
4,Not Graduate,No,529429,3508043,60,480,1929028,2304815,910743,518063,Rejected,0
5,Graduate,Yes,379710,3144628,60,387,870240,865966,162486,141694,Rejected,0
2,Not Graduate,No,3397823,128170,36,821,1772897,2878632,631149,363553,Approved,89839
2,Graduate,Yes,541604,269695,24,668,990583,199235,555499,353743,Rejected,0
1,Graduate,Yes,449179,4906249,24,415,3260901,361508,130776,671301,Rejected,0
1,Graduate,Yes,1042889,2691361,24,717,3245787,711644,161620,798674,Rejected,0
4,Not Graduate,Yes,365605,4292767,12,550,1378008,939748,1389112,405731,Rejected,0
4,Graduate,Yes,524551,456270,6,328,4414078,452751,116084,341950,Rejected,0
4,Graduate,No,1555617,2504286,24,456,2652617,987359,178773,41545,Rejected,0
1,Graduate,Yes,1161782,2923915,6,750,4262621,981049,1595064,1193865,Rejected,0
2,Graduate,Yes,727702,4612617,60,376,1452247,153680,184979,252434,Rejected,0
1,Not Graduate,Yes,909108,3581891,36,502,3062753,948644,947498,429648,Rejected,0
5,Not Graduate,No,705591,3177491,48,456,843047,1244990,125847,1944634,Rejected,0
1,Graduate,Yes,869828,1537933,24,740,781313,643126,337414,173404,Rejected,0
0,Graduate,No,591936,4969448,18,816,7693181,104652,755073,406001,Approved,4552254
3,Graduate,No,654102,1705493,24,773,664355,395163,201630,566380,Approved,1686256
5,Graduate,No,643242,1463700,60,730,1081540,725497,326542,859360,Rejected,0
5,Not Graduate,Yes,603757,3646291,12,353,361302,239549,564846,400342,Rejected,0
0,Not Graduate,No,1598060,4984841,36,849,795382,1091349,139364,910844,Rejected,0
1,Graduate,No,1374657,4298609,18,397,711620,929605,2014415,299022,Rejected,0
0,Graduate,Yes,538935,983211,24,543,907326,560552,724766,585184,Rejected,0
1,Graduate,No,466603,4095378,6,797,1878320,507467,221427,534448,Rejected,0
3,Graduate,No,825420,1831750,36,444,2250701,589080,245718,375286,Rejected,0
1,Graduate,No,2944820,1187716,12,430,704940,498278,1523469,501656,Rejected,0
0,Not Graduate,No,511402,4683088,60,315,829622,167661,221892,216864,Rejected,0
3,Graduate,No,823630,4754138,12,515,3380751,346893,200828,324540,Rejected,0
0,Not Graduate,Yes,945006,1915657,24,597,5389405,531771,794746,162495,Rejected,0
1,Graduate,No,847797,228387,6,580,3847420,1669735,91223,293645,Rejected,0
0,Graduate,Yes,699509,1128198,60,323,436362,900406,280676,887308,Rejected,0
0,Graduate,Yes,1698819,2751988,36,423,3660210,1747739,322247,536869,Rejected,0
2,Graduate,Yes,1155568,391486,36,302,6023881,151471,164947,496218,Rejected,0
5,Graduate,No,1433089,1213079,36,435,420422,369392,79283,130614,Rejected,0
4,Graduate,No,1244580,829895,60,663,3378698,2914307,318148,500446,Rejected,0
0,Not Graduate,No,1471542,4765296,12,305,1776025,265891,538472,382803,Rejected,0
0,Graduate,No,2151279,1840595,48,399,1173642,261418,168441,582690,Rejected,0
2,Not Graduate,No,1871450,1962299,48,626,1624341,396873,110051,1053335,Rejected,0
3,Not Graduate,No,3232583,2164037,6,636,2091561,2779435,872578,300432,Rejected,0
4,Graduate,No,1758001,163843,12,838,3573887,282538,469980,320711,Approved,141285
4,Graduate,Yes,622784,2758011,36,644,3438296,803093,220578,760637,Rejected,0
2,Graduate,No,1434277,4571095,12,856,484455,697733,656228,262190,Approved,4141800
1,Graduate,No,1330266,4086581,24,735,922158,97066,368434,425234,Rejected,0
0,Not Graduate,No,2587783,1328487,24,630,1609042,493381,1372810,98875,Rejected,0
0,Not Graduate,No,528719,165732,18,530,4877482,312505,527594,322411,Rejected,0
0,Graduate,No,1223252,3889523,48,366,193950,889700,92056,997228,Rejected,0
5,Graduate,Yes,618815,4221469,36,723,948701,2192544,171375,505865,Rejected,0
1,Not Graduate,No,1193081,4616526,36,863,476898,373061,178487,750738,Approved,3752764
4,Not Graduate,No,799738,2928522,36,519,537102,373048,390297,781242,Rejected,0
3,Graduate,No,1171573,2420239,24,513,3141707,4250373,231786,1028591,Rejected,0
3,Not Graduate,Yes,414349,3806743,36,358,1006572,273089,115076,313703,Rejected,0
2,Graduate,Yes,1392240,3482878,60,659,260590,159662,494997,773605,Rejected,0
4,Graduate,No,1008004,3809198,24,486,1331939,1612505,701964,1929078,Rejected,0
0,Graduate,No,978578,1493402,36,306,6905787,478937,274914,392700,Rejected,0
0,Graduate,No,2630740,4525694,48,304,386914,636147,358462,158809,Rejected,0
2,Not Graduate,No,729259,282162,36,501,2237073,3332201,131810,263749,Rejected,0
2,Graduate,Yes,1086417,557563,18,577,4860994,151726,192409,555184,Rejected,0
3,Graduate,Yes,951028,3308366,12,574,1445417,423463,199217,124994,Rejected,0
4,Graduate,No,1003567,2900425,36,744,6369146,174824,482307,234629,Rejected,0
3,Graduate,Yes,3054548,2814885,48,617,914486,664818,372935,317544,Rejected,0
1,Graduate,No,932145,4554245,48,771,4436741,312485,226681,431974,Rejected,0
1,Graduate,No,658781,4367201,36,478,3717004,184493,219161,1406728,Rejected,0
4,Graduate,No,2518431,3624111,6,439,1463844,931731,56325,647380,Rejected,0
1,Graduate,No,759884,906957,48,624,491675,504409,1174709,183417,Rejected,0
3,Not Graduate,Yes,372243,573266,36,363,707631,172556,50966,5995651,Rejected,0
3,Graduate,Yes,598802,784692,60,759,258548,181780,429397,395401,Approved,727449
4,Not Graduate,No,453399,3108425,48,411,2342169,596599,309772,123368,Rejected,0
4,Not Graduate,No,334425,3592734,24,849,2140823,120838,239356,193369,Rejected,0
2,Graduate,Yes,737110,4019417,36,891,1591820,606661,297918,194171,Approved,3920297
1,Graduate,Yes,865906,605275,36,623,1368109,1561233,170758,155692,Rejected,0
2,Not Graduate,Yes,1722764,1446823,24,487,4152286,881486,522526,572801,Rejected,0
2,Graduate,No,1272280,1756337,36,503,1875385,294354,98224,61844,Rejected,0
1,Graduate,No,1240790,3199217,18,557,989536,631310,396400,795555,Rejected,0
3,Graduate,No,550666,328148,12,588,1675123,172564,168626,707367,Rejected,0
1,Graduate,No,1464264,4218020,48,345,6966368,561409,208699,290595,Rejected,0
3,Graduate,Yes,1934439,494930,24,418,2391905,378716,213548,759351,Rejected,0
4,Not Graduate,No,1118125,2666948,48,774,1119662,206677,260663,186148,Rejected,0
5,Graduate,Yes,1135444,4671145,36,331,1450794,849601,459718,221814,Rejected,0
0,Not Graduate,No,448906,1051517,48,569,2123359,93108,291010,587660,Rejected,0
4,Not Graduate,Yes,1607338,3467743,48,825,1093792,182485,663027,345429,Approved,3301766
0,Graduate,No,2396708,2793442,48,352,1023580,202121,729198,258240,Rejected,0
2,Graduate,Yes,1074938,4117384,24,856,1487317,325552,390034,369441,Approved,3699177
1,Graduate,No,649043,2981219,60,584,4686953,1508762,535920,1006868,Rejected,0
0,Graduate,Yes,823281,4256297,24,554,2714744,949304,1677355,979911,Rejected,0
1,Graduate,No,714200,2073978,48,728,1103314,546822,90238,539020,Rejected,0
0,Graduate,Yes,738150,903315,36,767,2878372,525341,748820,311894,Rejected,0
4,Graduate,No,1285349,3430122,18,584,1509676,495028,1115326,576199,Rejected,0
0,Not Graduate,No,1049532,4841564,36,349,1942365,1604647,433722,218711,Rejected,0
2,Graduate,Yes,1563309,2223331,36,882,1814270,106834,1513562,906624,Approved,2128779
4,Graduate,Yes,1103664,4117900,24,305,308132,963365,1354889,778028,Rejected,0
5,Graduate,No,559558,4399285,24,823,152573,324616,225271,1546234,Rejected,0
5,Graduate,No,683355,3263106,18,560,1777897,766742,240425,228136,Rejected,0
0,Not Graduate,No,660391,3978965,60,609,791219,769867,470972,209151,Rejected,0
5,Graduate,Yes,812273,2858696,36,759,438681,932497,176494,588391,Rejected,0
3,Graduate,No,2415079,4043382,18,865,809740,1921206,3005864,330244,Approved,3549058
1,Graduate,Yes,2637507,1747339,48,390,3001004,155902,586570,805117,Rejected,0
2,Graduate,Yes,1425853,2677776,36,787,1961745,1175250,312105,1006125,Approved,1984656
5,Graduate,No,960751,481248,48,697,2675901,473585,90478,1317416,Approved,408985
2,Graduate,No,425594,1062104,36,521,2107046,337944,371635,416690,Rejected,0
1,Not Graduate,Yes,1015767,2937650,12,555,753023,2816657,109506,740802,Rejected,0
5,Not Graduate,No,582827,3649667,18,763,2685518,907989,572328,278549,Rejected,0
5,Graduate,No,2206542,245906,48,384,2327442,350719,35763,465688,Rejected,0
5,Not Graduate,No,372053,437714,48,604,1373487,1128138,972576,385314,Rejected,0
5,Graduate,Yes,1111940,131204,48,734,1567678,480803,209193,371193,Approved,130871
5,Not Graduate,No,556442,2636117,6,624,2717778,346075,71223,1433976,Rejected,0
2,Graduate,No,895302,1742661,48,569,855027,298698,295849,156336,Rejected,0
1,Graduate,No,1298198,359597,24,612,3391856,647738,304321,398609,Rejected,0
3,Graduate,Yes,1578890,3988709,36,607,2291681,296728,284039,415343,Rejected,0
1,Graduate,No,870454,2689252,24,783,1502542,570620,969277,627520,Rejected,0
2,Not Graduate,No,1367944,149141,48,793,4729845,1062704,414689,185572,Approved,109738
3,Graduate,No,625178,3461019,60,852,568199,549244,590198,324464,Rejected,0
5,Graduate,No,1030131,4566039,24,343,1062183,2682847,242831,263599,Rejected,0
1,Graduate,No,1561823,2154071,48,492,899224,505644,431269,82692,Rejected,0
1,Not Graduate,No,1080360,4753276,36,826,1962135,1573867,98649,902528,Rejected,0
4,Not Graduate,No,672671,2142825,24,685,3641060,1146489,373594,142952,Rejected,0
0,Graduate,Yes,771951,479453,24,526,717630,1828249,157481,130218,Rejected,0
3,Graduate,Yes,1573418,701689,48,677,17896205,2672839,921012,776506,Rejected,0
4,Graduate,No,493676,428118,24,578,912468,111885,319885,316419,Rejected,0
3,Not Graduate,No,535404,1579063,6,833,1965954,626405,527011,324169,Approved,1423164
2,Not Graduate,No,1252966,1985743,60,635,1503025,454646,374936,328524,Rejected,0
4,Graduate,No,706883,2276941,36,568,1552835,549674,1392894,848546,Rejected,0
2,Not Graduate,No,404727,2455130,48,674,827916,356673,79637,271834,Rejected,0
4,Graduate,No,1891915,4331455,36,414,3340515,315031,272341,606685,Rejected,0
2,Not Graduate,No,491575,156875,36,763,790590,196362,132649,179943,Approved,154270
0,Graduate,No,806504,4500102,48,422,398028,543149,52541,503960,Rejected,0
3,Graduate,Yes,640122,1270724,6,314,646596,1106018,125525,752461,Rejected,0
0,Graduate,No,764077,4772543,24,330,4434664,328641,812416,1069591,Rejected,0
5,Graduate,No,553274,762194,36,339,3831735,378182,292403,135243,Rejected,0
3,Not Graduate,Yes,1333081,591292,60,360,332884,276233,248882,324984,Rejected,0
2,Graduate,No,956564,695353,24,330,2761468,214736,578975,1224538,Rejected,0
2,Not Graduate,No,1545966,1551433,60,481,339261,409070,330928,762630,Rejected,0
3,Not Graduate,No,643777,4713520,48,877,1469679,669373,505281,347984,Approved,3782791
1,Not Graduate,No,2908977,2368273,36,361,606319,1455860,394729,401068,Rejected,0
1,Not Graduate,Yes,315714,909685,24,706,2925751,181512,475839,492442,Rejected,0
2,Graduate,No,376369,3244545,12,823,2273819,487252,204701,308086,Rejected,0
1,Graduate,Yes,2360412,2589302,36,786,3127236,1361067,730557,586674,Approved,1820281
4,Graduate,No,1168081,3543713,12,517,1202058,183570,107069,563868,Rejected,0
0,Graduate,No,1085892,3733564,24,331,1299485,1467877,278857,183299,Rejected,0
4,Not Graduate,Yes,1140927,3951480,18,521,487254,344294,762167,283901,Rejected,0
2,Graduate,Yes,1232203,841257,60,661,692534,915294,263177,291082,Rejected,0
3,Graduate,No,1061318,2529782,24,755,3055261,415404,208004,334487,Approved,2522943
0,Graduate,No,529084,3190224,36,385,1975682,738443,2098456,483175,Rejected,0
2,Graduate,Yes,1411488,2827263,24,481,1622091,1963124,1001832,453863,Rejected,0
4,Not Graduate,No,1294355,4865594,12,661,3865343,450972,338380,241685,Rejected,0
1,Graduate,No,1974424,4806797,24,729,565728,1166348,131483,1022143,Rejected,0
0,Not Graduate,Yes,2374940,4078220,48,486,2574296,631470,53195,401418,Rejected,0
3,Graduate,No,1079396,1276138,36,794,619463,256337,547929,1114318,Approved,948243
0,Not Graduate,No,458171,2691605,24,781,4544286,441801,879867,1096189,Rejected,0
1,Graduate,Yes,2385782,4038423,48,516,2256513,418936,419972,190571,Rejected,0
2,Graduate,No,514097,1414528,6,622,3092071,150591,70083,283788,Rejected,0
3,Graduate,Yes,1083850,3587909,48,587,886238,738625,343798,298682,Rejected,0
3,Graduate,Yes,781481,1321059,12,701,7706305,874702,198335,498091,Rejected,0
4,Not Graduate,Yes,710203,786440,60,493,6715267,997388,344189,665109,Rejected,0
5,Graduate,No,1370266,1275707,60,498,2071451,1685689,1565086,443329,Rejected,0
0,Graduate,No,1029520,4639810,48,554,3621584,1124895,586853,272008,Rejected,0
2,Not Graduate,No,1193538,4977295,6,429,1196081,299476,489530,1271035,Rejected,0
0,Graduate,Yes,574654,4291246,36,649,579323,358862,288657,294290,Rejected,0
0,Graduate,No,817829,1429228,48,875,2724563,1019994,426702,672327,Approved,1167761
1,Not Graduate,No,589427,3919573,36,510,752754,696355,162263,389729,Rejected,0
3,Graduate,No,806663,1169447,24,817,4007350,492481,480813,382163,Approved,962272
5,Not Graduate,Yes,843092,721190,36,578,3291550,237720,254530,641040,Rejected,0
4,Graduate,No,2481856,1367846,12,399,1789403,318460,149137,1177992,Rejected,0
3,Not Graduate,Yes,780341,784385,36,598,1715899,820567,599763,495198,Rejected,0
4,Graduate,No,279588,3238452,6,600,3150091,95239,45013,284087,Rejected,0
1,Not Graduate,No,1938549,3447673,36,314,1842988,68418,188831,1127226,Rejected,0
5,Graduate,Yes,1152268,274698,24,588,1107515,901427,505276,565186,Rejected,0
5,Not Graduate,No,837431,625623,18,398,481709,317713,849527,450662,Rejected,0
0,Graduate,No,707634,2447471,6,777,3079108,744613,447972,821258,Approved,1971771
2,Not Graduate,No,534636,655246,60,625,1974459,1909849,169442,501206,Rejected,0
4,Graduate,No,2613175,4158237,36,482,11848605,211347,287289,2233514,Rejected,0
2,Graduate,No,926033,2061369,36,301,1395889,120959,384278,400520,Rejected,0
5,Not Graduate,No,346067,2122825,48,643,1881355,395310,1130298,894461,Rejected,0
5,Graduate,Yes,1077773,126351,36,723,1914761,279367,656085,545038,Approved,96445
2,Graduate,No,1747234,3537311,24,554,2443747,489338,660187,543779,Rejected,0
0,Not Graduate,No,980864,3635269,36,844,726371,789923,317154,310446,Approved,3026795
2,Graduate,No,548133,3806241,24,417,1415600,660039,120716,311527,Rejected,0
1,Graduate,No,521810,2747014,36,753,2790469,520049,90799,566290,Rejected,0
2,Graduate,Yes,543413,1420794,18,597,1168701,1229107,232225,217823,Rejected,0
3,Graduate,No,2078302,483053,60,488,2713140,884217,543646,267356,Rejected,0
2,Graduate,Yes,865216,1646224,36,473,1612849,428555,195817,404307,Rejected,0
1,Graduate,Yes,357486,2763556,18,570,2027632,857970,487910,953105,Rejected,0
1,Graduate,No,1111725,671395,36,348,3556644,134402,152673,423197,Rejected,0
4,Graduate,No,972592,365030,12,691,1264844,1234961,174064,418530,Rejected,0
0,Graduate,Yes,703102,1163094,24,545,504886,509520,992861,190649,Rejected,0
1,Graduate,No,513459,446410,60,708,1228397,180193,575721,1310869,Approved,323887
5,Graduate,No,501324,169640,48,609,807590,350887,231196,868221,Rejected,0
0,Graduate,Yes,1636055,2478784,48,887,304575,1207754,148089,939416,Approved,2100589
2,Graduate,No,1031250,3751046,36,349,1384659,260368,672068,144692,Rejected,0
1,Not Graduate,No,1171041,2549134,24,596,1741485,708830,631927,511604,Rejected,0
0,Graduate,No,1029689,547152,6,622,3225333,1055288,516513,207408,Rejected,0
2,Graduate,Yes,1077742,1761074,36,449,638255,510495,257915,686499,Rejected,0
3,Graduate,No,695602,274169,36,704,1602972,239776,118318,501022,Approved,237950
1,Graduate,No,803670,3146680,6,517,3495700,473566,296241,575159,Rejected,0
0,Not Graduate,Yes,1708031,1242324,12,758,974803,150901,992515,242218,Approved,1188977
0,Not Graduate,Yes,1959450,1998056,6,854,2242590,330052,138532,193171,Approved,1573438
3,Not Graduate,Yes,459548,4519826,24,813,4971659,195090,312348,255432,Rejected,0
5,Graduate,Yes,802597,2976107,6,680,371077,480456,1204965,496173,Rejected,0
1,Graduate,No,1427959,3847699,24,731,1840350,169982,231640,337614,Rejected,0
1,Graduate,No,2533960,1813946,36,819,3588135,536740,269191,477554,Approved,1547888
2,Graduate,No,2398197,4660372,24,889,1153073,1309693,95196,195329,Approved,4479436
2,Graduate,No,580987,3603338,18,735,4244123,1381497,509537,398174,Rejected,0
1,Graduate,No,1814690,2626723,36,848,2413629,173466,159856,1062135,Approved,2596543
0,Graduate,No,929498,2938502,48,880,5654677,283844,80027,504768,Approved,2236392
3,Not Graduate,No,1598505,3153737,24,405,2321733,1032211,133387,527369,Rejected,0
2,Graduate,No,1388457,884213,24,601,6018687,909637,358154,530331,Rejected,0
2,Graduate,Yes,449086,1333169,36,514,1878484,296393,78311,279531,Rejected,0
1,Not Graduate,No,1217896,3462718,18,870,537739,330666,92373,1253485,Approved,2589482
5,Not Graduate,No,1564823,2259889,24,747,934461,536214,482593,513567,Approved,2008009
3,Graduate,Yes,890078,3941286,36,832,3219537,105247,282098,452825,Approved,3488222
2,Graduate,No,785972,2676698,24,510,3172381,781441,137950,647000,Rejected,0
1,Graduate,No,379168,422782,48,806,1188288,1255412,228310,772746,Approved,413247
4,Graduate,No,1310789,3357567,48,348,5804832,359194,1314521,167259,Rejected,0
5,Graduate,Yes,1009496,3088807,24,864,1150262,149646,891811,416097,Approved,2843229
0,Graduate,No,541961,1886912,24,438,2121128,1661257,273818,1912356,Rejected,0
5,Graduate,No,752336,3973106,60,615,2077526,602521,600365,1274340,Rejected,0
4,Graduate,No,979823,1818593,36,730,553005,913446,332498,371290,Approved,1449540
0,Not Graduate,No,661920,661799,60,746,1380708,162657,66401,665850,Approved,503595
4,Not Graduate,Yes,901326,693996,48,427,8941580,163163,57031,318250,Rejected,0
0,Graduate,Yes,343756,4518097,24,633,751086,710956,138497,512361,Rejected,0
0,Graduate,No,1890462,1942799,18,618,2397276,1197556,78602,290221,Rejected,0
0,Graduate,Yes,907910,2132514,18,766,631081,191475,377894,286795,Rejected,0
2,Not Graduate,No,491642,1596879,48,492,745238,458553,187980,264322,Rejected,0
3,Graduate,No,232655,3715415,24,759,519312,129732,430657,1298662,Rejected,0
2,Not Graduate,Yes,1585126,3067013,36,670,3038209,275416,436319,285759,Rejected,0
0,Graduate,No,1223346,4505345,36,755,780301,401874,539318,889540,Rejected,0
1,Graduate,No,1010572,4482974,48,826,3880972,757552,136014,295687,Approved,3781226
5,Graduate,No,1447222,4949223,48,557,1006999,83488,465031,272917,Rejected,0
5,Graduate,Yes,1445035,1712568,12,559,1651138,1536015,133172,525341,Rejected,0
4,Not Graduate,Yes,1001582,2961233,24,778,2042145,432526,549177,161153,Approved,2160432
0,Graduate,No,782565,1797800,36,769,446109,1502427,848134,636975,Approved,1682022
4,Graduate,Yes,715489,3550942,48,826,1747528,905512,554720,363643,Approved,3272378
4,Graduate,No,1134461,3766065,48,630,1950115,1031803,258079,272036,Rejected,0
3,Graduate,No,1940619,1333328,36,682,3527107,2784601,485673,234071,Rejected,0
0,Graduate,Yes,850478,4312434,48,335,730400,257298,81492,1589858,Rejected,0
5,Graduate,No,2027294,1521227,24,573,812775,561008,67281,390508,Rejected,0
2,Not Graduate,Yes,1105031,4918207,12,448,2459913,215402,446107,379149,Rejected,0
0,Not Graduate,Yes,1109622,4268771,60,812,4326501,458395,911742,736958,Approved,3791625
1,Not Graduate,No,3378560,189049,36,373,961836,922132,105325,221919,Rejected,0
2,Graduate,No,2233595,2051395,48,767,593963,1303547,303897,884898,Rejected,0
0,Graduate,Yes,2265679,2003046,24,802,1182841,361292,435640,390116,Approved,1923163
1,Graduate,Yes,580394,4129927,36,582,701505,179565,177934,151840,Rejected,0
2,Graduate,No,3005187,3649719,24,701,2021421,532146,224822,275922,Rejected,0
5,Graduate,Yes,860209,347924,24,648,667370,242321,505243,185834,Rejected,0
0,Graduate,No,794152,4219198,12,714,3111620,305946,328896,423381,Rejected,0
3,Graduate,No,274461,1169441,48,712,1759320,884994,330120,229511,Rejected,0
5,Graduate,No,1076914,1911634,24,452,3185280,755510,130168,212486,Rejected,0
4,Not Graduate,No,495987,933461,24,713,243651,1016052,292161,490785,Rejected,0
5,Graduate,No,1126572,871874,24,841,401259,375393,213910,412493,Approved,824719
1,Graduate,Yes,475104,2682631,24,486,3954956,1178781,223868,932505,Rejected,0
4,Graduate,No,2419049,515015,36,484,874436,506136,189348,904027,Rejected,0
5,Graduate,No,1218969,494599,36,475,499413,392712,293124,417557,Rejected,0
1,Not Graduate,No,3153676,3950091,36,847,1288452,196493,143416,567487,Approved,3209178
2,Graduate,No,512721,1784965,24,833,1798988,84619,303099,149335,Approved,1731665
3,Not Graduate,No,2110000,3276371,36,509,1332363,132326,219973,651120,Rejected,0
2,Not Graduate,No,333920,4932602,12,863,2130754,600493,135843,533231,Rejected,0
1,Graduate,Yes,1009122,349213,36,757,1924835,231185,57253,780021,Approved,280916
5,Graduate,No,635875,3991664,60,541,1850727,123487,671241,322823,Rejected,0
5,Graduate,No,703465,637363,36,795,4123669,350072,565746,324798,Approved,500456
2,Graduate,No,677441,3826898,60,848,1484132,634236,151359,326221,Approved,3027639
4,Graduate,No,544191,1599404,18,821,1451765,711530,535500,1091899,Approved,1129455
2,Not Graduate,No,450143,762062,48,582,2738948,487880,125551,487607,Rejected,0
4,Graduate,No,705608,1220755,48,430,2270409,474792,231070,140371,Rejected,0
3,Not Graduate,No,959306,1886339,36,400,762099,316385,191147,627995,Rejected,0
2,Graduate,No,1706887,3675740,36,797,1399871,856992,236946,289211,Approved,2662602
0,Not Graduate,No,1058743,3434881,6,740,2083683,430228,519588,854632,Rejected,0
3,Graduate,Yes,1709561,3670279,48,726,965938,468589,213191,583235,Rejected,0
1,Graduate,Yes,399174,205963,36,327,1001084,1208067,224773,953153,Rejected,0
1,Graduate,No,709288,4879004,36,880,528280,980167,564266,827713,Approved,4179844
1,Graduate,No,1330683,2226485,12,368,172627,427294,316156,770948,Rejected,0
5,Not Graduate,No,1086970,645611,18,648,1133042,378649,181411,885008,Rejected,0
0,Graduate,Yes,560455,4650090,60,865,1650254,376153,368090,707690,Rejected,0
4,Graduate,Yes,1504375,3984578,24,445,659617,89705,697530,246109,Rejected,0
5,Graduate,No,671957,503465,24,611,4215926,1270251,736060,179640,Rejected,0
0,Graduate,No,586894,2240609,18,804,684162,279366,97305,223696,Approved,1968582
3,Graduate,No,1176402,4540671,36,460,2973867,1033838,101537,667107,Rejected,0
3,Graduate,No,903059,3444945,48,361,2053340,517991,701348,84359,Rejected,0
2,Graduate,No,675054,1053156,60,588,7673069,1631941,234954,395711,Rejected,0
4,Graduate,No,662564,3532017,36,777,2248683,784205,46237,332075,Rejected,0
2,Graduate,Yes,499699,1026625,24,647,507001,1085627,161316,942142,Rejected,0
2,Not Graduate,No,723958,1823931,12,566,3307657,302276,206561,368491,Rejected,0
2,Graduate,No,1648136,1057636,24,683,5358325,167672,230004,309050,Rejected,0
4,Graduate,No,1029571,3497553,36,331,397050,566799,574771,1004932,Rejected,0
3,Graduate,No,1524805,4663155,60,509,2422528,98003,136182,375076,Rejected,0
2,Graduate,Yes,1195396,317976,12,827,2859656,335912,664467,334977,Approved,225437
5,Graduate,Yes,642688,3058351,24,532,1278700,181924,382277,284009,Rejected,0
4,Graduate,No,363350,1317174,36,880,243899,244912,100507,488536,Approved,1023514
5,Graduate,No,540570,3778866,36,630,1201411,829603,228659,317166,Rejected,0
4,Graduate,No,622171,782642,36,861,970119,784526,456802,317970,Approved,554970
2,Graduate,No,596258,1895397,36,676,4724667,435695,310260,1103925,Rejected,0
4,Not Graduate,Yes,1543728,1108935,24,551,1403574,656298,414018,413927,Rejected,0
1,Graduate,No,1534897,4378930,36,853,1101014,315773,182086,292280,Approved,3874147
1,Graduate,No,3037921,504560,24,462,966166,3933442,480744,199316,Rejected,0
2,Graduate,Yes,591315,2951492,48,535,1915111,645690,213810,459631,Rejected,0
5,Graduate,No,2166767,690151,18,734,1565361,302728,2612397,270329,Approved,649865
3,Not Graduate,No,2159413,3039191,36,825,829449,1052233,97734,309090,Approved,2425359
2,Graduate,No,792070,3862773,60,416,1828472,1434779,2972150,220389,Rejected,0
2,Graduate,Yes,1167769,3786373,36,896,987601,258921,133661,459112,Approved,3363961
1,Graduate,Yes,1780765,263396,18,558,214654,149730,883882,160635,Rejected,0
3,Graduate,No,871300,3890849,60,503,2475599,177190,606138,533517,Rejected,0
2,Not Graduate,No,834956,1554664,18,377,2305628,282915,138470,272853,Rejected,0
3,Graduate,No,637376,3441132,48,316,1742410,477460,499363,660575,Rejected,0
2,Not Graduate,No,245764,4822701,12,634,1076392,125192,196831,561802,Rejected,0
1,Graduate,No,935568,682658,60,663,1421084,350408,378950,430208,Rejected,0
5,Not Graduate,Yes,609090,1877291,18,356,2772993,418996,340178,723257,Rejected,0
2,Graduate,No,498176,4346961,24,843,933893,659010,222933,1189549,Rejected,0
0,Graduate,No,1135241,793424,60,626,2858221,841026,207725,972053,Rejected,0
2,Not Graduate,Yes,405116,1378405,36,332,496252,703396,400825,159790,Rejected,0
3,Graduate,Yes,1402117,2790519,24,805,1701631,2293778,139147,261833,Approved,2765513
0,Graduate,No,1174238,4981352,6,418,1529259,1267261,143682,285261,Rejected,0
1,Not Graduate,No,722190,1544068,6,704,3181901,603820,675540,625463,Rejected,0
0,Graduate,No,869201,1988989,24,706,752968,219136,431778,277523,Rejected,0
3,Not Graduate,Yes,467675,3999290,36,787,817183,281585,98802,270001,Rejected,0
4,Graduate,No,1359784,687986,36,786,527079,148449,127868,239258,Approved,537383
5,Not Graduate,Yes,997692,1705315,60,892,980605,569610,48801,493088,Approved,1201493
2,Not Graduate,Yes,1039414,1648824,48,352,1816713,662663,650030,623743,Rejected,0
5,Graduate,No,1186110,2065352,60,519,389490,1068044,538653,171287,Rejected,0
1,Graduate,No,632112,2910318,36,518,1076033,627553,118907,279079,Rejected,0
4,Graduate,No,390299,1185935,24,526,2371583,1224758,521123,106160,Rejected,0
3,Graduate,No,1523735,2018086,36,443,1388613,1246297,1622070,74985,Rejected,0
4,Not Graduate,No,1314471,4592558,24,440,1587038,208664,81073,561567,Rejected,0
4,Graduate,Yes,670449,4160541,18,879,484756,321904,177851,498829,Approved,3937152
3,Graduate,No,1127102,4785677,48,840,1391568,495331,79581,451307,Approved,3877411
1,Graduate,No,1797730,3442811,36,710,1532621,274361,671857,1214817,Rejected,0
3,Graduate,No,1683584,2952989,24,633,1326664,406581,276479,123773,Rejected,0
4,Not Graduate,No,659767,1145907,24,585,1682139,645921,213875,93260,Rejected,0
5,Graduate,No,396857,878456,18,709,1189605,450336,363976,182204,Rejected,0
5,Graduate,Yes,436124,2740381,36,818,1065492,500131,186865,90714,Rejected,0
1,Not Graduate,No,758199,2083924,24,556,687727,224385,213235,260373,Rejected,0
3,Not Graduate,No,2011567,3958907,60,623,3115256,768995,378922,601524,Rejected,0
0,Graduate,Yes,602899,147304,36,848,597782,722618,178612,492285,Approved,140356
4,Not Graduate,No,648339,4467046,24,847,1688643,261513,201370,821167,Rejected,0
5,Graduate,No,641041,935498,48,438,5843693,166562,262628,518532,Rejected,0
0,Not Graduate,No,671788,2035227,60,443,3426507,1422706,324220,301460,Rejected,0
3,Graduate,No,894460,1845492,48,422,2197870,2209579,500286,276799,Rejected,0
5,Graduate,No,445130,4629878,36,316,1808996,610398,492516,543312,Rejected,0
5,Graduate,Yes,1634011,3630070,24,717,1362930,367666,83859,137051,Rejected,0
2,Graduate,Yes,831094,276250,36,557,762962,1216757,992812,43254,Rejected,0
0,Graduate,Yes,3518953,4279843,48,319,1239975,745761,315460,525642,Rejected,0
5,Graduate,Yes,471977,3415787,60,422,2308555,418011,226302,471288,Rejected,0
5,Graduate,Yes,2157750,433774,36,619,2009230,1138505,139181,1199876,Rejected,0
3,Graduate,No,1934559,3931726,36,802,2710158,251243,1627132,651299,Approved,3163120
5,Graduate,Yes,717640,266188,24,698,3744241,277945,2229798,496652,Approved,248523
0,Graduate,No,724232,2183193,12,620,1331921,681090,1465624,321492,Rejected,0
3,Not Graduate,Yes,542225,894275,24,412,1732133,550988,332615,226711,Rejected,0
0,Not Graduate,No,545658,153774,6,473,361014,859452,401928,328747,Rejected,0
5,Graduate,No,899700,2841663,36,769,8146704,1378759,1065461,780596,Rejected,0
4,Graduate,Yes,910303,3466472,24,764,1099745,133624,244483,553371,Rejected,0
5,Graduate,No,372821,2450450,36,821,2445463,516832,475273,769258,Rejected,0
3,Graduate,No,3177413,1778565,36,616,1099186,2516254,363914,431024,Rejected,0
0,Not Graduate,No,780286,2616040,18,464,1080211,301129,1532622,213105,Rejected,0
0,Graduate,Yes,933071,843883,36,602,1255726,272346,1017050,901329,Rejected,0
2,Graduate,No,637761,344894,18,838,589563,74423,266802,846004,Approved,308216
4,Graduate,No,777077,869833,6,408,233472,545168,1096716,455471,Rejected,0
0,Graduate,No,739195,365787,60,809,3579534,819034,299022,590306,Approved,262996
5,Not Graduate,Yes,898551,3868904,6,898,2258593,817605,188646,568005,Approved,3122259
1,Graduate,Yes,892807,3082649,24,792,754707,207082,235391,288180,Rejected,0
2,Graduate,No,1401182,1018208,36,696,2105174,496310,340046,333420,Rejected,0
1,Graduate,No,1019804,2892330,24,545,2782683,603606,153929,211599,Rejected,0
2,Not Graduate,Yes,1325772,2472082,24,813,891990,522644,193216,332552,Approved,2463736
2,Graduate,No,895157,645375,48,396,2042861,197162,87962,823080,Rejected,0
0,Not Graduate,No,1022068,4854908,36,756,3191744,533959,149108,720686,Rejected,0
3,Not Graduate,Yes,788141,4695381,36,541,510023,250192,366188,591338,Rejected,0
4,Graduate,Yes,1562600,3818212,60,602,2237868,101849,727490,782809,Rejected,0
5,Not Graduate,No,1074743,4062595,12,578,1971423,892225,652434,309744,Rejected,0
1,Graduate,No,825058,2781249,36,305,6146010,563202,432311,175940,Rejected,0
5,Graduate,No,811630,4038648,18,892,2277872,826929,81769,358400,Approved,3731304
5,Graduate,No,847519,2688549,6,700,1102196,317450,144305,378828,Rejected,0
5,Graduate,Yes,915197,913753,60,660,1202104,851644,253650,641931,Rejected,0
2,Graduate,No,872529,919904,48,360,6841523,1192035,680067,572194,Rejected,0
5,Graduate,No,661845,4284620,18,768,1149500,2220524,186878,811489,Rejected,0
3,Graduate,No,1370718,2287475,24,877,2328152,998631,106377,97615,Approved,2090534
0,Graduate,No,1419183,3674205,18,789,1254428,693450,1027442,228799,Rejected,0
1,Graduate,No,2400701,810008,36,449,3375055,154734,160628,375220,Rejected,0
4,Graduate,No,645741,2294395,24,409,3502467,456716,115018,559482,Rejected,0
0,Graduate,No,1298462,509552,60,520,1474714,149209,363950,1732871,Rejected,0
2,Not Graduate,Yes,314936,1181663,18,313,1105607,249277,287499,201814,Rejected,0
4,Not Graduate,No,1419938,634772,24,631,1086009,2634392,196110,243369,Rejected,0
0,Graduate,No,403943,1119789,60,575,410664,209564,300094,297417,Rejected,0
2,Graduate,No,523749,3072395,60,602,1617504,68265,136556,237357,Rejected,0
1,Graduate,Yes,1080435,126580,24,894,1593228,998046,194210,214798,Approved,112027
3,Not Graduate,No,639426,1048409,36,693,813317,282168,290927,413066,Rejected,0
1,Graduate,No,593063,3485818,60,550,378839,960462,53160,796332,Rejected,0
5,Not Graduate,No,689348,831793,36,770,1750986,184934,675591,434854,Approved,811417
0,Graduate,No,1344381,2822323,36,522,1925012,348132,93393,219130,Rejected,0
5,Graduate,Yes,538779,4348942,36,755,2016673,1381752,135065,348665,Rejected,0
4,Not Graduate,No,873589,3922126,60,860,713917,162535,701986,193340,Approved,2753102
5,Graduate,No,730796,697863,36,845,2019894,432998,486724,795988,Approved,694882
5,Not Graduate,No,1412808,822881,18,611,1311968,640479,323115,1120210,Rejected,0
1,Graduate,Yes,1434758,3557612,36,582,2868620,271309,70233,130957,Rejected,0
5,Graduate,Yes,327992,1797824,48,538,722057,614177,179281,469554,Rejected,0
3,Graduate,No,1599114,2143301,36,621,3554156,506695,249647,231996,Rejected,0
5,Graduate,Yes,643215,2436108,24,862,4655060,787584,265547,417999,Approved,1967081
5,Graduate,No,1024905,2937491,36,825,1636442,2393409,791546,376748,Approved,2369367
3,Graduate,Yes,536998,2300958,36,664,2030375,4858755,1634238,156448,Rejected,0
2,Graduate,No,1103805,214441,60,469,2700358,741324,505935,932283,Rejected,0
0,Graduate,No,3661531,563036,24,526,695022,455216,190480,359699,Rejected,0
0,Graduate,No,965200,100094,48,447,1041609,727336,842214,287855,Rejected,0
2,Graduate,Yes,698880,1397995,36,412,1722253,410429,181753,433929,Rejected,0
4,Not Graduate,Yes,792115,4104518,12,305,6859510,129714,32254,217467,Rejected,0
3,Graduate,Yes,401187,4861815,36,765,611638,480586,103718,351744,Rejected,0
2,Not Graduate,Yes,1996847,2429662,6,743,5123094,1254394,39951,110536,Rejected,0
1,Graduate,No,1069002,233443,48,407,1297638,143965,216486,76821,Rejected,0
3,Graduate,No,505476,449404,48,713,1461754,216525,257815,202839,Approved,346737
3,Not Graduate,Yes,514615,4093533,12,399,3739674,304889,77479,275557,Rejected,0
5,Graduate,Yes,907597,1782935,36,466,6831554,686153,145152,116928,Rejected,0
4,Graduate,No,1502660,4420043,60,455,2059781,3770857,89244,282373,Rejected,0
3,Not Graduate,Yes,477876,2581137,24,378,3593136,251311,269301,275300,Rejected,0
5,Graduate,No,1660327,4408068,60,738,752191,540309,145230,383128,Rejected,0
2,Not Graduate,No,855765,763918,18,325,1008399,502462,707849,614846,Rejected,0
5,Not Graduate,Yes,539564,4305254,6,543,543965,387048,346546,1326011,Rejected,0
2,Not Graduate,No,695872,2777056,36,593,1018951,480132,1173624,539822,Rejected,0
0,Graduate,Yes,2354537,2243792,18,646,2291923,336831,203819,200855,Rejected,0
2,Graduate,No,419422,2690879,60,416,1758699,5146844,1856585,637790,Rejected,0
0,Not Graduate,No,601757,1703135,36,583,5478285,945612,300643,1066233,Rejected,0
0,Graduate,No,1519772,3053892,36,776,7004119,339300,191442,182596,Approved,2138862
5,Graduate,No,1013785,3873146,36,524,1354032,1367381,2324378,189849,Rejected,0
4,Graduate,No,582432,4070283,36,870,900957,621911,63406,147928,Rejected,0
1,Graduate,No,1530012,4893469,48,558,3580463,525244,187543,269432,Rejected,0
5,Graduate,No,1570513,2122616,36,766,3871464,428330,72856,519421,Approved,1600735
0,Graduate,No,1079939,3867294,48,368,2088406,404269,62881,1129700,Rejected,0
1,Graduate,No,642635,4453945,36,811,2546286,177263,51765,746680,Approved,3410498
4,Graduate,No,699473,187068,24,588,2264445,120542,506754,523917,Rejected,0
1,Not Graduate,Yes,1052545,2425901,36,895,714550,685218,96940,413020,Approved,2096614
4,Graduate,Yes,437394,3533663,24,721,601419,424681,241585,526119,Rejected,0
5,Graduate,No,1868099,2340030,24,745,1443815,1054082,640284,548274,Rejected,0
0,Graduate,Yes,2292756,590054,24,389,1290176,234673,444800,995955,Rejected,0
0,Graduate,No,790464,3312860,24,640,1846280,196636,426501,394196,Rejected,0
5,Not Graduate,Yes,1094718,2089989,12,743,1359404,967156,841790,480433,Rejected,0
3,Not Graduate,No,1727768,3125854,48,786,418121,388997,1178265,300521,Rejected,0
3,Graduate,No,2638467,106618,48,526,307685,1034819,103524,433046,Rejected,0
2,Graduate,No,2119074,156031,24,638,2607881,514425,452372,334304,Rejected,0
2,Graduate,No,346488,3054183,60,404,912445,2466370,238030,173949,Rejected,0
4,Graduate,Yes,756604,4913910,60,559,1260328,950500,264835,737126,Rejected,0
3,Graduate,Yes,1185326,3233298,60,586,987068,708318,83016,1133701,Rejected,0
0,Graduate,No,685793,4719199,6,319,756297,986877,190876,389656,Rejected,0
3,Graduate,No,2399262,4251497,24,850,741245,396488,209442,504669,Approved,3580867
4,Graduate,No,2205151,1478301,36,686,3223096,123734,1011812,731148,Rejected,0
0,Graduate,No,574576,601506,48,409,1253704,679527,112367,361816,Rejected,0
2,Graduate,No,823098,2837058,36,839,2414611,2604403,39494,456770,Approved,2215722
4,Graduate,No,595940,3140097,36,715,2670535,71360,298448,343633,Rejected,0
3,Graduate,No,808414,3875378,48,716,1901966,744998,103083,272275,Rejected,0
0,Graduate,No,795052,2652957,60,860,2737370,135598,266438,576269,Approved,1877313
0,Graduate,Yes,1521172,4610293,36,542,1516185,490193,526065,572624,Rejected,0
3,Graduate,Yes,552106,4235437,60,513,4171713,534937,275597,762990,Rejected,0
2,Graduate,No,213403,2970943,48,670,2781603,943347,207935,399050,Rejected,0
5,Not Graduate,No,372373,2801792,24,834,3073440,597794,262619,172705,Approved,2502594
3,Not Graduate,No,511235,192806,48,788,741987,1606959,616508,868553,Approved,146622
5,Graduate,No,627513,3926276,12,772,1827407,1347557,112428,239197,Rejected,0
1,Graduate,Yes,997588,3435322,18,759,378779,423027,557238,236324,Rejected,0
2,Not Graduate,No,496959,4491416,60,321,4289767,1267551,127741,275640,Rejected,0
0,Graduate,Yes,462335,556082,24,595,939855,383272,500467,118031,Rejected,0
3,Graduate,No,539800,815821,36,513,1042830,331119,80814,343480,Rejected,0
1,Graduate,Yes,487254,3388771,60,517,537914,179627,475761,617083,Rejected,0
2,Graduate,No,663430,2497449,24,814,1459744,1525042,275116,295279,Rejected,0
2,Graduate,No,647997,2978395,18,538,1226637,387450,325660,1020657,Rejected,0
1,Graduate,Yes,1314716,2229523,12,802,5885480,63837,677822,977313,Approved,1671681
0,Graduate,Yes,522254,3239281,36,845,2857342,792636,149284,745434,Approved,3221874
3,Graduate,Yes,739309,3326694,18,573,1019668,345742,293679,103234,Rejected,0
5,Graduate,No,666895,1027362,12,402,429897,387915,388226,1091232,Rejected,0
1,Graduate,No,1404282,3825955,48,719,270553,409810,232670,338810,Rejected,0
2,Graduate,No,826782,2518688,24,818,694735,375605,551727,1295112,Approved,2319053
1,Graduate,Yes,1604036,2920410,36,544,552696,5080733,397077,262071,Rejected,0
4,Graduate,No,477513,3127988,12,417,1948238,2054747,183249,362708,Rejected,0
2,Graduate,Yes,875892,3747827,36,612,1345485,905878,876034,425900,Rejected,0
5,Not Graduate,No,655668,1571435,36,889,1519619,613840,483666,208266,Approved,1242766
1,Graduate,No,458550,133227,24,610,736220,1305126,146584,128656,Rejected,0
0,Graduate,No,867195,989954,24,569,1681169,615060,145340,74673,Rejected,0
3,Graduate,No,2334388,4832275,24,564,516934,1000339,248936,3160342,Rejected,0
3,Not Graduate,No,563009,1191135,12,740,1403880,803596,438842,124392,Rejected,0
5,Not Graduate,No,839070,1321844,12,504,2795890,557633,45712,125597,Rejected,0
5,Not Graduate,No,437321,4304282,36,738,1140413,1111954,151919,596966,Rejected,0
5,Graduate,No,403356,1255127,12,892,2092162,349834,183631,147641,Approved,1020154
3,Graduate,No,583711,2376263,18,764,340553,525470,88392,129638,Rejected,0
2,Graduate,No,702682,1915829,18,858,320668,217476,125874,53485,Approved,1748989
2,Graduate,No,720052,3339260,48,774,1917283,239902,337137,490962,Rejected,0
0,Graduate,No,794792,3013154,24,807,3289480,58255,197988,189128,Approved,2253751
2,Graduate,No,363512,2622955,36,323,1254566,737076,211665,627558,Rejected,0
2,Graduate,Yes,637864,2557532,36,512,7496014,931131,92939,379328,Rejected,0
0,Not Graduate,Yes,1186024,4187224,24,464,508097,1257920,250208,424677,Rejected,0
1,Graduate,No,426392,2949151,24,818,900754,195888,83540,291216,Rejected,0
3,Graduate,No,740307,2591625,24,438,1666181,726712,1036866,329775,Rejected,0
2,Graduate,No,1057284,4448115,36,881,2124946,499698,1320296,213812,Approved,3468885
5,Not Graduate,Yes,585314,557294,24,719,968059,935941,200656,228471,Rejected,0
2,Not Graduate,No,1085975,4184030,12,374,677745,287407,115551,185855,Rejected,0
5,Graduate,Yes,389855,1070125,60,710,2388492,375687,620295,1154302,Rejected,0
3,Not Graduate,No,1467099,1725297,48,505,1657641,133504,496355,303135,Rejected,0
0,Not Graduate,No,1100572,165000,12,478,1158353,271843,1476332,81949,Rejected,0
1,Not Graduate,No,927981,2899747,60,897,2180548,501318,1851402,479430,Approved,2251740
4,Not Graduate,No,1670778,4174469,18,776,1354191,579760,53570,227886,Rejected,0
3,Graduate,Yes,750885,1970645,12,758,1350748,119296,803232,387737,Rejected,0
1,Not Graduate,Yes,640708,3350037,18,487,1313943,323719,248303,331219,Rejected,0
3,Graduate,No,1914658,2025814,60,698,810318,572995,478429,1135227,Rejected,0
5,Not Graduate,No,2477031,3820090,18,506,750818,1654816,581118,305798,Rejected,0
2,Graduate,Yes,614620,4993345,48,662,1011251,243800,560769,708193,Rejected,0
0,Not Graduate,No,845422,3603599,36,539,1536517,758363,702115,657743,Rejected,0
1,Not Graduate,No,1599055,1767833,36,666,368620,310219,186336,153680,Rejected,0
5,Graduate,No,862138,4139951,24,747,3046592,342304,133464,456180,Rejected,0
4,Not Graduate,No,1248151,286060,12,489,1520891,237145,822755,235247,Rejected,0
5,Graduate,No,1382456,4936151,48,307,674791,205803,142996,171641,Rejected,0
5,Graduate,Yes,660586,4213732,24,358,5042548,333964,1459678,172115,Rejected,0
0,Graduate,Yes,1133421,3302010,36,844,1547761,1218551,156658,710794,Approved,3012393
1,Not Graduate,No,896940,3141944,12,876,551068,263192,217038,2544231,Approved,2271542
0,Graduate,No,460870,1336101,48,715,4875662,230553,255171,227636,Approved,1325894
0,Graduate,No,522218,2213569,36,364,4143812,597268,80954,465207,Rejected,0
5,Graduate,Yes,628644,596811,36,652,758721,502221,81153,497086,Rejected,0
5,Graduate,No,1499790,1760035,36,559,1177307,471821,651327,276020,Rejected,0
0,Graduate,No,1527124,2989765,24,442,1064255,620483,69529,1071470,Rejected,0
4,Not Graduate,No,1359465,1874577,24,527,363623,211975,2554204,1861851,Rejected,0
3,Not Graduate,No,1146485,3876710,12,772,1913589,232884,276933,263242,Rejected,0
0,Not Graduate,Yes,1129408,4280459,36,898,2827306,1156231,125066,1346872,Approved,3822427
5,Graduate,No,1048434,2851701,6,824,2455012,441672,428790,272807,Approved,2045289
5,Not Graduate,No,1126165,1770282,6,422,1537304,830131,37009,202814,Rejected,0
3,Graduate,No,1168930,1587418,6,601,3040690,1415225,225936,362829,Rejected,0
4,Graduate,No,415699,2778684,18,617,640155,1026068,251953,734931,Rejected,0
2,Graduate,No,582750,3626701,36,475,5866020,156067,102259,371857,Rejected,0
4,Graduate,Yes,511060,720822,36,561,840636,452860,175347,670431,Rejected,0
2,Graduate,No,1654616,2295065,24,528,913666,1211137,1097623,468749,Rejected,0
5,Not Graduate,No,2235343,2258765,24,341,974387,779725,350565,1031176,Rejected,0
0,Graduate,No,272985,1504286,36,550,922521,584618,421293,579937,Rejected,0
1,Graduate,No,2128223,1264971,36,518,1298126,124088,153697,1167768,Rejected,0
5,Graduate,No,943967,4221314,48,483,1260970,296061,97407,219456,Rejected,0
1,Not Graduate,No,1570879,2219159,48,668,1653171,530350,244418,346903,Rejected,0
1,Graduate,Yes,1189100,2924942,48,728,811754,148799,37144,399571,Rejected,0
4,Graduate,No,1987459,287634,48,328,1699643,981614,118095,220027,Rejected,0
1,Graduate,Yes,1010048,1488895,60,505,662089,452435,103457,197649,Rejected,0
3,Graduate,Yes,425172,1195673,36,318,2598206,92935,53029,522665,Rejected,0
1,Graduate,No,849182,1710161,36,793,2574146,308891,520931,637235,Approved,1573524
1,Graduate,No,1195124,4223919,48,857,1493504,391988,268500,432815,Approved,3034854
5,Graduate,No,799204,2901159,18,578,921449,447741,177162,839478,Rejected,0
1,Graduate,No,1292259,4520865,24,867,1894235,1671181,530673,184776,Approved,3180137
0,Graduate,No,868060,2172326,60,678,770843,817540,74155,304211,Rejected,0
4,Graduate,No,648631,3873066,36,822,1539365,156643,95750,175136,Approved,3034286
5,Not Graduate,No,495272,886543,12,869,1338572,140967,775501,440996,Approved,661450
0,Graduate,No,725526,4095041,24,652,10782198,398542,2085947,562827,Rejected,0
4,Graduate,No,1007180,3091303,18,568,597606,556622,536666,1023265,Rejected,0
3,Graduate,No,306350,290088,24,745,202905,1162275,447922,175455,Approved,228137
4,Graduate,No,586019,3476640,36,402,929861,2175508,182948,519133,Rejected,0
0,Not Graduate,Yes,300130,2448462,36,478,414292,2278328,186559,1093068,Rejected,0
5,Graduate,No,640983,100533,36,630,869744,343302,363930,198399,Rejected,0
3,Graduate,Yes,1738743,4250130,6,421,566806,1106522,963667,168358,Rejected,0
5,Graduate,Yes,468732,2730660,24,598,761161,717945,431102,142499,Rejected,0
2,Graduate,Yes,1324953,3072274,6,814,674882,197836,677254,619306,Approved,2737783
5,Not Graduate,Yes,4312394,2928091,24,770,3088479,100474,137688,240719,Approved,2596978
3,Graduate,No,2001877,543884,36,835,1446386,565155,506827,558973,Approved,519162
0,Graduate,No,968576,1727114,12,816,3360382,140290,169549,343833,Approved,1586972
5,Not Graduate,No,1443078,3538278,60,499,1546240,242467,337955,1411060,Rejected,0
4,Not Graduate,No,423718,1759783,36,728,3009902,279360,506351,694344,Rejected,0
1,Graduate,No,378803,4452893,18,523,1195849,602174,190993,227875,Rejected,0
3,Graduate,Yes,914318,1656528,24,883,4959868,1484950,126377,323759,Approved,1163201
2,Graduate,Yes,1120612,2351810,12,406,2135480,505445,408295,694347,Rejected,0
3,Not Graduate,No,1643062,2282107,6,461,835771,316258,267529,189316,Rejected,0
5,Not Graduate,No,658244,192584,60,865,2386499,86178,336801,915052,Approved,147900
5,Not Graduate,No,1001008,4078506,36,443,1530798,738208,524452,335731,Rejected,0
1,Not Graduate,No,982309,764591,48,672,1288636,512287,911394,704650,Rejected,0
5,Graduate,No,837254,2398228,36,475,1612009,313367,527188,348690,Rejected,0
2,Graduate,No,864831,4548479,60,470,2635051,1347203,471506,277210,Rejected,0
4,Graduate,No,562453,4968879,60,703,306460,181712,196068,247207,Rejected,0
4,Not Graduate,Yes,1049673,1228215,12,777,1152876,279348,223401,1344971,Approved,1044816
2,Graduate,No,1001919,1943177,18,439,2502945,405992,441470,325344,Rejected,0
2,Graduate,No,706546,2872176,24,890,1806941,310056,220307,3456075,Approved,2579633
2,Graduate,No,1297988,3526385,24,353,644474,798511,439918,444855,Rejected,0
5,Not Graduate,No,1583990,1325060,36,360,254016,741693,149981,220503,Rejected,0
2,Not Graduate,No,1306297,2789932,24,887,5371784,1221619,1546469,131865,Approved,2166493
1,Not Graduate,No,507274,4188088,48,333,1303631,766305,353686,948055,Rejected,0
2,Graduate,No,950701,3835215,6,489,4669268,453294,334483,349273,Rejected,0
1,Not Graduate,Yes,545175,4128135,48,372,2722872,374564,199052,711477,Rejected,0
2,Not Graduate,No,949086,4452987,24,433,827170,736268,1525153,2032573,Rejected,0
0,Graduate,No,546344,4320593,6,344,229785,425323,103388,638837,Rejected,0
0,Graduate,No,1816805,2607248,48,515,1060619,520480,165045,506525,Rejected,0
4,Not Graduate,No,1384684,4873724,24,477,1458682,771116,619762,943766,Rejected,0
0,Not Graduate,No,1696867,2522948,48,395,2103200,562494,367782,702289,Rejected,0
3,Graduate,No,1604940,3576620,60,731,652011,649962,183741,165264,Rejected,0
4,Graduate,No,775544,4719324,6,321,1714240,255271,188276,1016703,Rejected,0
4,Graduate,No,712165,311906,24,585,1713772,1574760,234282,387337,Rejected,0
2,Not Graduate,No,2345709,4674932,12,483,3142221,195183,327210,1176635,Rejected,0
1,Graduate,No,821867,4127147,12,690,1191675,726273,1123685,570434,Rejected,0
5,Graduate,No,427253,4985284,60,503,2090775,330843,501784,921083,Rejected,0
5,Graduate,Yes,1566347,3886456,48,584,1862264,1254638,715955,341803,Rejected,0
3,Not Graduate,No,974059,866732,24,787,2892598,1059749,207400,138290,Approved,726063
0,Not Graduate,Yes,2060418,1579699,36,386,811016,499130,465054,593516,Rejected,0
0,Not Graduate,Yes,1028676,117486,60,561,149916,1874543,80015,792554,Rejected,0
1,Graduate,No,890154,3078531,18,637,1255857,426375,350233,270863,Rejected,0
0,Not Graduate,No,2083410,2242820,6,742,1261423,1057905,331640,346940,Rejected,0
5,Not Graduate,No,386155,2426048,48,622,629598,269700,1410905,84895,Rejected,0
1,Graduate,No,652261,3693367,48,742,484044,705450,1127468,358797,Rejected,0
1,Graduate,Yes,552440,4119177,18,778,974763,226335,240834,166692,Rejected,0
5,Not Graduate,Yes,269105,456994,36,774,1376174,508344,149787,574512,Rejected,0
4,Graduate,Yes,1454826,4592877,18,669,1611291,478620,153323,505683,Rejected,0
1,Graduate,Yes,662364,1930648,36,852,270221,1055092,233536,404279,Approved,1382731
2,Graduate,No,1480814,3784912,36,313,402649,282724,907109,1009610,Rejected,0
3,Not Graduate,No,1114758,2949152,24,599,3499541,6815508,426859,473494,Rejected,0
3,Graduate,No,1256799,2274466,48,782,1301164,154444,465955,458006,Approved,2169214
5,Not Graduate,Yes,700592,1141482,36,362,1497265,609485,597831,500997,Rejected,0
5,Graduate,No,591143,1029181,48,791,551851,638569,128863,266000,Approved,844702
5,Not Graduate,Yes,945547,3682596,36,323,1495054,789964,164200,800657,Rejected,0
0,Graduate,No,1492096,1674780,36,772,1131690,322636,466837,210610,Approved,1448248
1,Not Graduate,No,875403,1224734,24,412,943240,614073,154733,537749,Rejected,0
3,Not Graduate,Yes,611754,128248,18,701,501120,309459,81969,938743,Approved,119606
0,Graduate,No,465417,4219293,48,798,782000,2457199,119532,194987,Rejected,0
2,Graduate,No,1006953,2038390,36,789,6582919,291420,735087,156303,Approved,1816925
0,Not Graduate,No,663585,1806539,24,645,1154148,440888,218288,192592,Rejected,0
5,Graduate,No,865180,1921653,60,845,2711982,284512,363491,1427106,Approved,1409078
0,Graduate,No,789237,3033377,48,384,1294555,253251,124728,261112,Rejected,0
0,Graduate,Yes,704831,2461201,12,442,1186939,151970,414170,172629,Rejected,0
1,Not Graduate,Yes,1057842,2766355,18,379,930962,885245,238562,516933,Rejected,0
0,Graduate,No,1220935,1461674,36,732,4115207,282227,438365,59430,Rejected,0
3,Graduate,No,2652607,1552589,12,835,1984306,253923,199853,205049,Approved,1482398
2,Not Graduate,No,1365501,4327720,60,859,829658,220504,460551,1076335,Approved,3710357
5,Graduate,No,2162283,2251451,36,612,1116147,647640,191679,204938,Rejected,0
1,Graduate,No,573733,4867563,12,379,3361527,509297,280201,333256,Rejected,0
3,Graduate,No,373111,4245268,24,403,178451,511285,238139,491444,Rejected,0
3,Graduate,Yes,892885,3587386,18,676,1893339,261766,306766,491634,Rejected,0
3,Graduate,No,1442755,2786887,36,838,2244912,723830,380310,275531,Approved,2623493
4,Not Graduate,No,1323498,4203503,18,893,854837,284750,196982,586359,Approved,3523238
1,Graduate,No,1752248,372376,48,733,1684402,530735,270997,1100832,Approved,354709
3,Not Graduate,No,223027,2545317,48,829,2186271,444005,351530,190245,Rejected,0
4,Graduate,Yes,1792797,3593858,60,587,595773,119032,461885,284963,Rejected,0
5,Graduate,No,1082360,630004,18,417,2820507,2804764,281212,371616,Rejected,0
3,Graduate,No,384978,994017,24,579,1874740,814991,141145,652861,Rejected,0
3,Graduate,Yes,1339880,419939,48,359,1337410,582765,322876,409380,Rejected,0
5,Not Graduate,Yes,987928,2481708,24,704,1622814,666432,530370,365932,Rejected,0
3,Graduate,No,1109951,2753326,24,498,2549404,2861464,96604,135220,Rejected,0
5,Graduate,No,1559164,2395840,60,503,8521160,1314149,97567,180969,Rejected,0
0,Graduate,No,1140299,369184,48,301,2370083,672537,170870,457757,Rejected,0
2,Not Graduate,Yes,400351,2483786,60,900,2754957,273841,254755,279158,Approved,2127587
0,Graduate,No,831915,4451598,24,556,1734311,313139,46359,314819,Rejected,0
0,Not Graduate,Yes,369699,251968,36,771,6244516,107969,488705,383045,Approved,181649
2,Graduate,Yes,1286112,3902343,36,612,499559,365610,256885,2060373,Rejected,0
1,Graduate,No,1941621,1434704,36,685,407552,877582,40664,282373,Rejected,0
2,Not Graduate,No,454681,466287,12,581,1682431,856790,116465,1056092,Rejected,0
2,Graduate,No,622093,348603,48,713,2461010,844152,232360,1003398,Approved,346012
3,Graduate,No,553960,162362,24,420,217513,322644,66495,702115,Rejected,0
5,Not Graduate,Yes,701168,2133288,36,898,1496140,798708,684490,221020,Approved,1737774
5,Graduate,Yes,1129158,2540036,60,557,1310093,1007437,351634,440315,Rejected,0
2,Graduate,No,705359,3144550,48,306,2621073,75316,533919,304333,Rejected,0
1,Graduate,Yes,1288567,497727,18,872,2068899,647661,125100,1638532,Approved,444578
4,Graduate,Yes,1617042,3304963,36,313,386470,2932179,425578,533213,Rejected,0
0,Not Graduate,No,1649722,3724779,36,583,667258,390280,171098,344549,Rejected,0
3,Graduate,Yes,486577,416285,24,771,819036,58619,254725,1395361,Rejected,0
2,Not Graduate,No,1928805,3408110,6,522,2610845,250598,404919,312534,Rejected,0
1,Graduate,No,2015726,682556,36,425,1986650,106938,282655,588508,Rejected,0
3,Not Graduate,Yes,2114067,2252762,48,444,941691,291606,596416,654030,Rejected,0
1,Not Graduate,No,825176,3341383,60,711,1671758,176647,337646,510112,Rejected,0
1,Not Graduate,No,595190,4367663,24,644,678385,1103051,202376,371289,Rejected,0
3,Graduate,No,523775,2702820,24,602,6977524,969079,614145,718905,Rejected,0
1,Graduate,Yes,490986,2233501,18,609,2307658,669243,734645,257366,Rejected,0
4,Graduate,No,905805,4183719,60,491,2704989,1417861,323190,872229,Rejected,0
0,Graduate,Yes,1434703,1159193,48,861,4212572,309215,933997,328480,Approved,1103668
2,Graduate,No,1846416,1105196,60,439,3214422,532257,245588,1020371,Rejected,0
4,Not Graduate,Yes,689067,2385327,36,803,1535890,3228775,269088,832026,Rejected,0
1,Graduate,No,881052,689677,18,766,1305703,822293,301119,587565,Approved,540577
4,Not Graduate,Yes,849877,208928,36,304,3941961,820558,268662,375525,Rejected,0
4,Graduate,No,634597,1873918,24,402,1530151,260394,230401,865525,Rejected,0
5,Not Graduate,No,1348917,847344,24,631,855304,350907,163392,596590,Rejected,0
1,Graduate,No,1098786,3221629,12,395,6556386,213171,128867,42093,Rejected,0
4,Graduate,No,973013,2788051,12,812,743430,2086793,329616,225668,Rejected,0
5,Not Graduate,No,1096044,2481239,24,565,408377,132971,830786,450151,Rejected,0
4,Not Graduate,No,1262555,2531880,60,802,3158343,1087489,599355,486518,Approved,1872431
1,Not Graduate,No,1255620,583107,48,371,866780,819391,417237,656206,Rejected,0
4,Not Graduate,No,567491,2072328,48,314,2078793,127964,867466,1182821,Rejected,0
0,Graduate,Yes,1473470,449331,18,685,5861311,1320353,304948,603124,Approved,401893
3,Not Graduate,No,1035714,1839044,48,782,534903,401302,129450,92984,Approved,1304591
2,Graduate,Yes,708646,3420699,24,896,1454669,162691,222907,459352,Approved,2937473
3,Graduate,Yes,1023743,4933564,12,773,4563190,681583,284924,936854,Rejected,0
3,Graduate,Yes,1087740,1555144,24,749,2501473,248513,194071,432497,Approved,1119199
0,Graduate,No,1631697,1394203,12,334,1310750,420066,503881,461222,Rejected,0
3,Graduate,No,506239,3380464,60,662,9002477,325291,664471,283012,Rejected,0
5,Not Graduate,No,1865223,4597717,48,728,1396511,236833,68819,777373,Rejected,0
2,Graduate,Yes,911541,1545083,24,537,2020047,182084,265109,312386,Rejected,0
1,Not Graduate,No,681305,4206745,36,900,5167975,984287,25435,605748,Approved,4036829
5,Graduate,No,669933,1642491,24,893,3130250,659019,277534,539933,Approved,1334791
0,Graduate,No,518864,3232849,18,814,4042061,624013,274910,415473,Approved,2836304
2,Graduate,Yes,345465,1128092,36,828,763998,366873,1357718,561342,Approved,964882
3,Graduate,No,1306314,1384054,48,641,3768195,522283,1052160,460649,Rejected,0
2,Graduate,No,2675475,4920214,48,793,1703456,267458,662672,978071,Approved,4067668
5,Not Graduate,No,369705,2006475,12,342,857384,263565,132689,642372,Rejected,0
2,Graduate,No,533607,178744,36,438,1771671,2139466,126330,828213,Rejected,0
5,Graduate,Yes,1360715,3883413,6,699,1730049,1060472,118171,234329,Rejected,0
0,Not Graduate,No,877691,723537,12,374,6089290,310248,1098177,224266,Rejected,0
4,Graduate,Yes,1424143,642327,12,788,1996582,140172,138367,417951,Approved,608453
3,Not Graduate,No,851031,4197822,12,406,835155,117764,216166,675927,Rejected,0
1,Not Graduate,No,653962,1808080,24,509,702503,291651,139628,580270,Rejected,0
1,Graduate,Yes,794872,776992,24,455,1447614,547935,102960,236412,Rejected,0
4,Graduate,No,242802,4881202,36,625,546452,552924,398022,690805,Rejected,0
3,Graduate,Yes,479852,1475415,24,349,877172,567182,341765,257746,Rejected,0
3,Graduate,Yes,1516179,3201423,12,788,1248973,664275,45282,641084,Approved,2465274
0,Graduate,No,1733573,1387646,60,833,1093137,206851,99200,488848,Approved,1259117
3,Not Graduate,No,1950393,3515230,60,748,2587380,1801179,372670,341682,Rejected,0
5,Graduate,No,1146963,3812818,12,411,862513,422771,282139,274865,Rejected,0
0,Not Graduate,No,260228,2114886,24,474,235270,642409,213362,439084,Rejected,0
2,Graduate,Yes,634693,3118144,18,436,423643,286241,502004,423942,Rejected,0
2,Graduate,No,1864886,4218881,60,661,1480088,651563,87988,192264,Rejected,0
5,Graduate,No,2197498,4217537,24,833,965956,2922033,180917,609669,Approved,3227793
1,Graduate,Yes,1904264,3762394,12,828,593310,215654,465967,898874,Approved,2790806
2,Not Graduate,No,790334,2058212,48,875,6516280,193708,172756,730602,Approved,1690757
4,Graduate,No,438683,2702397,48,714,2792753,239787,391289,498692,Rejected,0
0,Graduate,Yes,880110,4841311,18,433,1435689,376692,113237,291929,Rejected,0
4,Graduate,No,907359,1320402,24,539,1786821,320992,148935,437783,Rejected,0
4,Graduate,No,2129102,3493291,24,476,1229502,206448,65951,364834,Rejected,0
4,Not Graduate,Yes,1020125,3982852,24,338,585730,479333,52207,436363,Rejected,0
3,Not Graduate,No,908295,2456044,24,780,3249514,1884802,200182,770450,Approved,2405881
4,Not Graduate,Yes,937125,4343354,48,647,2840451,440215,439792,370870,Rejected,0
4,Graduate,Yes,1121382,2198255,48,883,340434,460648,272109,110535,Approved,2159775
5,Graduate,No,1270209,4197785,36,805,1777645,669218,804342,700047,Approved,3677947
2,Not Graduate,No,604196,3257292,36,690,1931099,867073,214842,528218,Rejected,0
2,Graduate,Yes,503057,353397,36,326,1178411,1606562,49485,444258,Rejected,0
3,Not Graduate,No,1912568,4134414,24,565,7231266,613171,401958,175810,Rejected,0
1,Graduate,No,364973,3519998,48,585,6666024,498872,119945,223373,Rejected,0
5,Graduate,No,2215328,1189563,12,705,1130132,215251,333880,242425,Rejected,0
4,Not Graduate,No,314669,3549300,12,640,1269154,937836,42997,265834,Rejected,0
3,Graduate,No,652556,2606832,12,768,1162139,243903,237458,283832,Approved,2041453
1,Not Graduate,No,1535965,4721071,48,313,948348,237563,545155,174908,Rejected,0
2,Graduate,No,900169,1592997,36,367,751935,589204,491367,1803747,Rejected,0
2,Graduate,No,436301,1391044,36,872,2193740,1853636,242415,1144736,Approved,1150009
3,Graduate,No,1137889,386248,36,561,6530909,927133,287192,485646,Rejected,0
4,Graduate,No,933786,3953100,48,794,4797172,484300,196601,390686,Rejected,0
4,Graduate,Yes,799166,4927454,12,815,2711082,217078,232811,1436602,Rejected,0
5,Graduate,Yes,638574,3476573,24,372,246629,1823302,511087,1246506,Rejected,0
5,Graduate,No,883032,1909642,48,723,370483,476523,158599,238298,Rejected,0
4,Not Graduate,No,653497,4405763,36,404,3332050,390697,172374,475724,Rejected,0
2,Graduate,No,3433680,1341345,24,392,5053066,801512,78348,352053,Rejected,0
3,Graduate,No,788699,3497210,18,446,2272240,341643,519816,331265,Rejected,0
2,Graduate,Yes,732767,3025198,60,753,1192772,263632,228583,356251,Approved,2385812
3,Not Graduate,Yes,668138,4277028,24,355,4135842,286025,102543,376718,Rejected,0
4,Graduate,No,2391600,4861538,60,701,2639687,285377,603520,463580,Rejected,0
2,Graduate,No,365369,1861919,48,529,3520310,191779,275309,465422,Rejected,0
3,Graduate,No,1096724,567088,60,459,372707,174430,152399,1094651,Rejected,0
0,Graduate,Yes,789015,872359,6,444,1940547,1142339,611661,227384,Rejected,0
4,Graduate,No,411383,3722589,36,506,5676833,882822,214269,787063,Rejected,0
2,Graduate,No,573583,1880425,24,509,2227882,248447,75452,188473,Rejected,0
2,Not Graduate,Yes,1071398,785479,24,488,3054600,1063957,646897,472131,Rejected,0
3,Graduate,Yes,559464,4093754,24,611,1541483,650359,140252,830319,Rejected,0
1,Graduate,No,1038108,3279193,24,896,1624210,379701,3731733,595729,Approved,2731252
3,Graduate,No,2329547,745085,24,571,4294610,176382,196102,320539,Rejected,0
4,Graduate,No,988536,3594759,36,410,907668,668367,51641,488247,Rejected,0
2,Graduate,No,404626,3225932,24,667,843442,2441045,1272461,1271645,Rejected,0
0,Graduate,No,564905,4925328,24,798,1047917,506231,273043,264350,Rejected,0
2,Graduate,Yes,769254,4939025,24,660,1526610,1168485,356041,594697,Rejected,0
1,Not Graduate,No,741493,4879287,36,618,448386,417652,396252,786054,Rejected,0
2,Graduate,No,978482,4485573,6,702,2595448,1094626,90107,304858,Rejected,0
3,Not Graduate,No,1068743,3987033,48,829,1326150,440068,45416,1347794,Rejected,0
0,Graduate,No,2331309,3388798,24,346,2845481,64721,1507564,1707393,Rejected,0
4,Graduate,No,898161,2769264,36,890,306102,270733,75846,860304,Approved,2587694
1,Not Graduate,Yes,477559,3983889,48,836,2853674,559492,1152735,861584,Rejected,0
5,Not Graduate,No,1697629,4832869,36,877,4088329,1254935,448131,119268,Approved,4604390
4,Graduate,No,1802731,670734,36,599,2084181,438839,332461,158669,Rejected,0
1,Not Graduate,Yes,1022738,768425,60,813,1534154,512833,192419,377041,Approved,746831
3,Graduate,No,785938,2544285,6,349,2870159,303515,2038972,252406,Rejected,0
0,Graduate,No,1267492,1538678,24,548,3892440,1884458,158989,619913,Rejected,0
0,Not Graduate,Yes,801352,2706371,60,828,2220339,1790400,162810,54508,Approved,2039120
5,Not Graduate,No,290544,1624965,48,463,2348310,281407,507654,617111,Rejected,0
4,Graduate,No,1226973,3935210,36,758,5197468,137780,161711,353699,Rejected,0
0,Graduate,No,1470170,4502149,18,492,2654703,107607,121279,273748,Rejected,0
1,Graduate,No,1988215,1484707,24,654,823057,835061,272913,1519416,Approved,1438697
1,Graduate,No,602133,3884808,60,692,3878492,560902,514448,322408,Rejected,0
2,Not Graduate,No,1019213,621778,36,827,1367076,257259,1416992,128989,Approved,520842
1,Graduate,No,1031413,4004197,24,505,1537915,629971,1685232,550781,Rejected,0
1,Graduate,Yes,943272,3520758,12,773,1625191,175709,62594,522688,Rejected,0
3,Graduate,No,958688,3581210,48,561,3102214,982689,695813,354146,Rejected,0
1,Graduate,Yes,918571,2513711,36,536,5568383,361277,124286,2074279,Rejected,0
5,Graduate,No,1011164,624094,60,347,1527727,199411,129666,463374,Rejected,0
4,Not Graduate,No,1352580,4227241,24,345,5495402,366004,181374,813884,Rejected,0
4,Graduate,No,1760852,637600,24,763,1697075,355439,171817,501504,Approved,494825
1,Not Graduate,No,593722,2459299,24,362,4293452,681917,115583,973464,Rejected,0
4,Graduate,No,818627,954121,36,366,1740704,1347095,39755,317301,Rejected,0
5,Graduate,No,713342,4246727,24,411,1036809,1289000,981773,190009,Rejected,0
1,Graduate,Yes,659363,2913630,12,502,6341019,572662,616226,683674,Rejected,0
4,Graduate,No,370028,2588392,24,397,965172,426450,283197,493219,Rejected,0
2,Graduate,Yes,912070,1655025,18,654,917923,308358,126189,697931,Rejected,0
4,Not Graduate,No,1171477,3935223,48,794,584753,111251,820698,259762,Rejected,0
2,Not Graduate,No,826409,1129326,18,619,3880313,491901,272142,559810,Rejected,0
4,Graduate,No,895577,3631652,36,699,4632286,242560,176171,131036,Rejected,0
0,Graduate,Yes,1132899,4849378,36,836,1984392,1408381,71009,285892,Rejected,0
2,Not Graduate,No,1955714,1403804,12,837,717172,421574,453908,244253,Approved,1223860
1,Graduate,No,714458,3461483,36,695,1492393,943533,216198,566024,Rejected,0
1,Not Graduate,No,472486,1616052,48,340,1195424,331780,358682,285007,Rejected,0
1,Graduate,No,856327,4655635,36,774,692542,281589,331559,153007,Rejected,0
2,Graduate,No,2536026,4506058,36,755,1039559,836043,493160,268727,Rejected,0
0,Graduate,Yes,475278,1637457,48,482,2191896,633080,345646,608141,Rejected,0
4,Not Graduate,No,1286872,1231935,60,397,952742,657526,221755,438440,Rejected,0
3,Graduate,No,1701469,504504,48,379,1866874,461691,460487,237438,Rejected,0
4,Not Graduate,Yes,245023,3517753,24,466,395828,978078,644925,719757,Rejected,0
4,Graduate,No,1127792,4606173,36,746,5284885,864944,1069950,1196612,Rejected,0
0,Graduate,No,1254222,811088,36,868,1118408,78595,110888,755700,Approved,695706
0,Not Graduate,No,776938,4098989,24,392,2881041,401727,739786,79537,Rejected,0
2,Graduate,No,630715,3800276,24,549,1728025,1184573,74540,472233,Rejected,0
2,Graduate,No,650363,2412635,48,801,2028585,210188,680925,362194,Approved,1849129
1,Graduate,No,751208,1194120,24,351,641771,118637,174029,96201,Rejected,0
4,Not Graduate,No,762225,3299465,60,866,847933,444364,587905,162094,Approved,2841860
3,Graduate,No,687091,3010920,60,310,862496,778395,1022518,699811,Rejected,0
4,Graduate,No,744664,4076615,24,470,1528789,338052,349393,455517,Rejected,0
0,Not Graduate,No,1732517,2864793,12,319,4055532,1500588,288167,423227,Rejected,0
4,Not Graduate,No,461489,339222,60,757,2075924,2396314,275929,253763,Approved,248939
1,Not Graduate,Yes,343921,1097220,18,556,763540,97348,201097,853260,Rejected,0
2,Not Graduate,Yes,1747823,1965057,48,562,1601540,360760,780186,169119,Rejected,0
2,Not Graduate,No,809798,2507876,6,628,1411975,71883,273738,214845,Rejected,0
4,Graduate,No,726957,1814610,18,479,1152941,876964,47220,320228,Rejected,0
1,Graduate,No,846597,4408316,24,754,1482756,280544,636079,137476,Rejected,0
1,Not Graduate,No,1009789,1477641,24,559,2659795,333677,608305,215789,Rejected,0
2,Not Graduate,No,674631,3434594,60,778,874171,1326748,311199,840977,Rejected,0
2,Not Graduate,No,1188749,1871104,18,688,1157250,161656,153515,221509,Rejected,0
1,Graduate,No,530145,4964007,18,705,3133203,130579,111900,690957,Rejected,0
1,Graduate,No,762338,4588958,36,893,2132270,72150,153889,623863,Approved,3564592
1,Graduate,Yes,266217,3944316,60,604,3914936,1472264,355233,355512,Rejected,0
2,Graduate,No,1714926,3847925,24,480,4403292,1208450,62600,148148,Rejected,0
2,Graduate,Yes,816924,3252932,48,737,540673,389476,430323,418156,Rejected,0
2,Not Graduate,No,1301083,2977353,6,724,1862069,169127,319086,91277,Rejected,0
4,Graduate,No,1169710,2859690,48,590,1024800,1015962,896022,276230,Rejected,0
1,Graduate,No,1217789,232046,48,501,610441,5198276,544486,474254,Rejected,0
5,Graduate,No,896159,4693401,60,859,829917,409228,162257,735201,Approved,4177537
4,Graduate,No,1114231,4910122,36,451,1197084,179853,71273,359689,Rejected,0
1,Not Graduate,Yes,530430,2682366,60,347,1202707,1436618,149268,261357,Rejected,0
1,Graduate,No,472599,4365716,24,679,951513,190946,970521,247114,Rejected,0
1,Graduate,Yes,851319,2073096,48,348,1484732,366110,385288,288200,Rejected,0
1,Graduate,No,619255,650170,48,757,9397557,53075,498458,619156,Approved,593207
2,Graduate,No,1971205,4189019,24,806,411293,386382,175735,511081,Approved,3600678
0,Graduate,No,1106242,2596226,60,731,3519602,168690,452972,393882,Approved,2552087
0,Not Graduate,No,606879,4707198,48,441,1479471,1457701,82405,621720,Rejected,0
2,Not Graduate,No,775143,1144693,60,866,1080103,218085,664281,400150,Approved,1141147
4,Graduate,No,968306,2446693,24,353,330155,970146,112356,157130,Rejected,0
1,Graduate,Yes,866960,3370516,48,364,2657903,457332,56010,183872,Rejected,0
5,Graduate,No,1045087,772468,24,482,509024,556222,2052398,609500,Rejected,0
2,Graduate,No,934634,4983430,60,624,2790960,779378,336445,152883,Rejected,0
5,Graduate,No,418859,3081027,6,726,5537058,477791,328622,306366,Rejected,0
1,Not Graduate,No,275723,942016,36,474,573133,288292,61211,369281,Rejected,0
3,Graduate,Yes,732827,3730323,12,850,3602887,250732,509260,194049,Approved,3033717
4,Not Graduate,Yes,1224963,4404219,48,790,1528894,770655,637083,124468,Rejected,0
0,Graduate,No,737371,1930817,24,438,311864,99298,253251,175761,Rejected,0
5,Graduate,Yes,1776686,3088697,60,337,607655,2081924,639192,112691,Rejected,0
2,Graduate,No,877088,3764607,60,721,1714523,559284,811363,613762,Rejected,0
2,Graduate,No,1898563,813101,24,405,2026586,375336,469021,528317,Rejected,0
3,Graduate,No,1695854,2702152,48,469,458382,626896,47584,235033,Rejected,0
3,Not Graduate,No,1604556,2840009,36,763,1536096,301707,112721,153595,Rejected,0
0,Graduate,No,464269,1576645,24,413,2781894,429777,1258460,904941,Rejected,0
5,Graduate,No,908525,1568478,24,513,3172109,191071,321761,544412,Rejected,0
3,Graduate,No,1763261,3184654,18,857,1100581,687754,322993,258977,Approved,2952418
5,Graduate,No,1045431,3783282,12,709,2084057,467744,147950,918232,Rejected,0
2,Graduate,No,1220838,2005843,36,672,3352786,586373,174501,440446,Rejected,0
3,Graduate,No,419497,817957,36,900,2842850,1763890,826777,499733,Approved,811489
2,Graduate,No,2585642,3955445,24,763,2927190,252404,1072217,192883,Approved,3102602
5,Graduate,No,582389,951007,60,576,1633288,448118,590760,138393,Rejected,0
4,Not Graduate,Yes,300504,115092,6,699,1397349,122843,479440,133275,Rejected,0
5,Not Graduate,Yes,741945,1679607,60,620,1839604,798021,511021,1719154,Rejected,0
3,Graduate,No,234224,4109073,48,518,845894,492624,282581,224116,Rejected,0
4,Graduate,No,495504,3808020,48,886,3454012,507427,107842,418671,Approved,3144572
2,Graduate,Yes,3675985,1602219,36,656,476000,437401,89743,551804,Approved,1404624
2,Graduate,Yes,730239,2644985,18,748,1027607,305866,917208,394212,Rejected,0
4,Graduate,No,410392,4802171,60,546,1459776,4172338,291721,359060,Rejected,0
0,Graduate,No,912610,3622170,48,418,2133417,516509,450020,353499,Rejected,0
4,Graduate,No,549277,3819908,48,373,2456190,643323,358858,559715,Rejected,0
0,Not Graduate,Yes,1447916,529199,18,783,4582317,189825,374672,193176,Approved,402663
3,Graduate,No,551778,1281097,36,613,1590072,1060981,402215,293856,Rejected,0
2,Not Graduate,No,1044505,609718,24,610,875444,450187,542710,79746,Rejected,0
2,Graduate,No,478910,4896116,36,372,1345395,730369,156235,108563,Rejected,0
2,Graduate,No,3758820,1776972,48,773,1180475,1076631,819610,161230,Approved,1568208
2,Graduate,No,1187241,2547945,18,458,2215361,457733,160246,727117,Rejected,0
2,Not Graduate,No,830781,2802750,18,659,673825,281227,367721,330489,Rejected,0
2,Not Graduate,No,766066,2662327,6,510,1315074,69133,109754,651743,Rejected,0
3,Graduate,No,663756,355263,18,436,5065544,359784,260381,523682,Rejected,0
4,Graduate,No,592228,4556639,18,398,1716615,279936,171216,479878,Rejected,0
3,Graduate,No,583344,1963712,12,789,680972,189239,306239,206563,Rejected,0
3,Graduate,No,2265330,4600175,24,357,1162563,1719401,560525,421543,Rejected,0
5,Graduate,No,664116,3848601,36,301,281036,1152812,320034,477995,Rejected,0
5,Graduate,Yes,279001,3514724,48,484,1435223,105556,1588447,1866723,Rejected,0
0,Graduate,Yes,473955,3544051,24,833,5161494,569787,590113,313957,Rejected,0
4,Not Graduate,No,1499135,4894404,12,721,616013,249623,247052,667820,Rejected,0
1,Graduate,No,783379,1586404,48,791,503299,682924,278827,366775,Approved,1285377
1,Graduate,No,836018,1711464,24,422,918990,253385,413592,244665,Rejected,0
4,Graduate,Yes,1712642,3386163,24,883,2993527,316227,545912,735197,Approved,3045340
0,Graduate,No,586958,1238449,36,370,5386756,1133643,105092,1503534,Rejected,0
5,Graduate,Yes,1274392,4039258,60,321,2099343,1003298,515397,480520,Rejected,0
4,Not Graduate,No,623319,243357,24,586,571799,1803828,107437,247978,Rejected,0
5,Not Graduate,No,1235371,4496424,60,563,1475204,415764,474687,554856,Rejected,0
4,Graduate,No,725797,1797090,24,474,5740431,145081,764227,486415,Rejected,0
5,Not Graduate,No,788035,122270,12,401,1188022,1094122,387050,1887517,Rejected,0
0,Graduate,Yes,1412997,3052903,18,493,1666656,1099524,41550,672487,Rejected,0
5,Graduate,No,1358054,1449855,48,524,1796580,852896,65942,208087,Rejected,0
0,Graduate,No,821728,1596357,36,661,470513,265714,484003,976280,Rejected,0
1,Graduate,No,694368,2459140,36,516,3170614,201225,37266,688294,Rejected,0
0,Graduate,Yes,2168793,2940139,60,446,2845636,788536,503799,769886,Rejected,0
2,Not Graduate,No,1244547,767248,36,659,336321,235422,692899,546147,Rejected,0
4,Graduate,Yes,725794,337090,12,650,552930,384841,787359,810195,Rejected,0
1,Not Graduate,Yes,628413,2360785,48,562,724836,5914378,244332,544518,Rejected,0
4,Graduate,Yes,1581436,1835046,18,366,2629325,3054021,435508,334755,Rejected,0
3,Not Graduate,Yes,958975,2952395,36,880,853962,980826,358289,439403,Approved,2159790
3,Graduate,Yes,822576,3765224,60,612,2026841,284770,85788,368816,Rejected,0
5,Not Graduate,No,958751,3111384,36,466,1308830,270597,565126,507976,Rejected,0
2,Graduate,Yes,1083751,611201,24,736,1582244,918765,978174,422874,Rejected,0
2,Graduate,No,872372,4981819,36,551,2175844,1784779,539031,320941,Rejected,0
5,Graduate,No,1744848,3602704,12,398,1839908,323668,195665,352249,Rejected,0
3,Not Graduate,No,1799080,340666,24,721,1478808,339111,562696,398993,Approved,320619
3,Graduate,No,1205842,3840225,36,355,1917027,538702,903946,114974,Rejected,0
1,Graduate,No,1916949,4414836,24,466,1765077,153544,808422,819395,Rejected,0
1,Not Graduate,Yes,904216,2886931,6,698,1281735,157587,718110,510308,Rejected,0
1,Graduate,No,1315638,4179148,36,735,1085498,184012,77533,260714,Rejected,0
1,Not Graduate,No,1563756,4441829,24,895,6145974,795330,420845,605044,Approved,3830344
1,Graduate,No,1576348,4823933,24,725,1076200,630053,519352,280280,Rejected,0
4,Graduate,No,1489498,4777362,60,439,4181673,1314242,725342,280274,Rejected,0
0,Graduate,No,1273531,1049571,12,728,897285,114205,465012,519938,Rejected,0
3,Graduate,No,2640742,269919,18,751,2754115,137721,1122082,1088876,Approved,213165
5,Graduate,No,668852,3293590,60,705,5716083,736546,63441,486568,Rejected,0
4,Graduate,No,826354,3427507,12,748,1164551,238265,482210,232375,Rejected,0
2,Graduate,No,799842,2887514,60,791,909301,253431,450758,312685,Rejected,0
0,Not Graduate,No,735064,1262155,36,641,1087132,1182572,646189,724729,Rejected,0
5,Not Graduate,No,301440,4749106,36,897,1478369,312499,1112748,530840,Approved,3848309
0,Graduate,No,1917103,2100098,24,687,1909552,345185,140998,782970,Rejected,0
4,Graduate,No,511871,3733366,24,333,1455671,404249,1081432,526833,Rejected,0
4,Graduate,Yes,988109,3153456,48,403,1094696,425643,599709,686116,Rejected,0
1,Not Graduate,Yes,411731,4488405,12,598,6497201,894982,255876,1636904,Rejected,0
4,Not Graduate,No,1266216,3590134,48,561,1290637,178771,138561,155220,Rejected,0
1,Graduate,Yes,584307,3209616,48,788,942131,426115,354479,2156982,Rejected,0
1,Graduate,No,481842,4216936,48,704,2796444,1342950,382454,770476,Rejected,0
4,Not Graduate,No,1001530,365854,12,300,2830043,3063910,400932,2512278,Rejected,0
5,Not Graduate,No,612158,3556396,48,573,4326817,157822,176069,200977,Rejected,0
1,Graduate,No,656293,2972506,48,627,6368493,662462,503569,522790,Rejected,0
5,Not Graduate,No,989183,3909255,6,889,1944819,425393,212528,447210,Approved,2757400
5,Graduate,No,1397428,1198427,60,696,1208373,459727,843763,742440,Rejected,0
4,Graduate,Yes,573796,3035449,12,408,360158,255562,1283644,555736,Rejected,0
0,Not Graduate,No,521776,1492115,60,415,742358,950551,150366,513823,Rejected,0
1,Graduate,Yes,911700,673589,12,489,1753978,909985,315667,690013,Rejected,0
4,Graduate,No,1210736,2919054,18,540,618634,4268648,685482,371184,Rejected,0
5,Not Graduate,No,2012051,205008,36,365,456861,162665,379282,278769,Rejected,0
4,Not Graduate,No,499278,556369,12,774,1575915,113169,95025,549352,Approved,471276
2,Graduate,No,755601,2695937,18,340,2685950,2867310,625694,278383,Rejected,0
1,Graduate,No,1718277,4502890,6,340,1246833,478425,179267,366351,Rejected,0
5,Not Graduate,No,2664034,3606151,48,376,2938960,339112,355733,145866,Rejected,0
1,Graduate,No,521232,175572,6,381,2381909,586758,128875,415970,Rejected,0
2,Not Graduate,No,599471,633441,36,638,3551571,152778,589450,208808,Rejected,0
5,Not Graduate,Yes,1109872,2212334,36,791,7656416,688207,209746,390872,Approved,2182255
3,Graduate,No,655001,2203550,36,866,10654529,467026,644933,187026,Approved,1751653
1,Graduate,Yes,592776,295563,24,786,2596640,1245535,249918,394624,Approved,271531
0,Not Graduate,No,1029526,1355269,24,712,1062450,1035945,199285,750890,Rejected,0
2,Not Graduate,No,2110280,721848,60,654,1571204,1111973,425891,263585,Rejected,0
5,Graduate,Yes,437983,2878756,48,485,4881273,588054,120369,208130,Rejected,0
2,Graduate,No,2051812,3325800,60,550,767625,1955307,1383374,691327,Rejected,0
4,Not Graduate,Yes,656073,2013463,48,824,4442472,816007,351271,758057,Approved,1411790
1,Graduate,Yes,1088527,2900471,48,363,1320515,317811,185390,538189,Rejected,0
4,Graduate,Yes,2158918,1087190,60,796,1778570,251330,213651,288775,Approved,1013583
4,Not Graduate,Yes,1076341,4272863,36,787,818485,276596,304515,257414,Approved,3443458
3,Not Graduate,No,764158,121524,60,334,555810,824778,699409,317166,Rejected,0
4,Not Graduate,No,1335941,2571449,6,445,1216938,161214,140252,383772,Rejected,0
3,Graduate,No,818238,1675473,12,486,3985744,570463,219273,119542,Rejected,0
2,Graduate,No,1198874,2309249,36,848,886029,246328,287637,200991,Approved,2047454
4,Not Graduate,No,804178,2629195,36,563,5027164,172338,1113077,960135,Rejected,0
5,Graduate,No,1445237,3265434,24,766,976100,197689,701384,462508,Approved,2297896
5,Graduate,No,418036,4653125,36,661,673205,489990,1159134,944212,Rejected,0
1,Not Graduate,Yes,515408,2849842,36,348,1814288,957013,308019,814389,Rejected,0
4,Not Graduate,No,414670,1214632,60,700,2496199,281480,1013965,321419,Rejected,0
0,Not Graduate,No,872496,2668226,24,681,1727251,85629,880921,324836,Rejected,0
3,Graduate,Yes,388056,2610050,24,823,1679809,7301185,542414,786867,Rejected,0
3,Not Graduate,No,615163,4336914,48,853,4991244,1293019,580698,680290,Rejected,0
2,Graduate,No,489442,2875833,36,653,1610671,1104387,180982,798436,Rejected,0
5,Not Graduate,No,2030864,4353470,48,828,1054071,1994812,1419189,396230,Approved,4159156
5,Not Graduate,No,521923,3281216,24,383,641297,540839,243571,441983,Rejected,0
0,Graduate,No,443543,2901978,6,668,3898890,445794,482764,334478,Rejected,0
1,Not Graduate,No,1031718,1709975,60,647,1090031,1582927,533242,385306,Rejected,0
1,Graduate,No,2275935,1354541,6,403,1172793,1573872,93517,247526,Rejected,0
5,Not Graduate,Yes,844342,587461,36,623,3301493,843464,287249,379599,Rejected,0
3,Not Graduate,No,881037,2786431,24,708,7001161,1058630,356613,357615,Rejected,0
4,Not Graduate,No,1830439,4614646,24,549,1811154,174452,272437,290135,Rejected,0
4,Graduate,No,1458875,161952,48,700,1353531,401721,290160,695943,Approved,116333
4,Graduate,No,1137255,4768502,24,747,1493654,2127814,1066955,149052,Rejected,0
0,Not Graduate,No,653346,4310959,12,653,1065891,990590,148519,506574,Rejected,0
0,Not Graduate,No,1156521,2247333,48,539,1148641,144299,102037,209827,Rejected,0
2,Not Graduate,Yes,425797,1636745,6,459,1153266,318356,182229,220957,Rejected,0
2,Graduate,No,638661,2944817,24,697,2969849,1852741,564755,234620,Rejected,0
4,Graduate,Yes,1977719,4291957,36,841,1404017,736230,613517,556158,Approved,4157174
0,Not Graduate,No,1841785,242229,24,577,4157648,583599,502145,82362,Rejected,0
2,Not Graduate,Yes,1144830,2301810,36,602,1374730,598709,651204,450138,Rejected,0
1,Graduate,No,311454,331356,24,848,1139048,465718,372939,412932,Approved,325719
1,Graduate,No,463068,3255611,24,478,3911306,320218,193151,202826,Rejected,0
1,Graduate,No,619359,475670,24,785,1524441,246179,134343,454416,Approved,446349
1,Graduate,No,818899,1651511,60,453,1364297,1180135,102615,171090,Rejected,0
3,Graduate,No,452446,3719857,6,455,1538235,611871,247321,387932,Rejected,0
2,Graduate,No,785973,3784608,60,468,4506191,911966,586325,166629,Rejected,0
2,Graduate,Yes,2378933,1213449,24,331,1887066,795757,366925,1680252,Rejected,0
2,Not Graduate,No,1121985,2613579,24,577,3828902,1655763,305909,731026,Rejected,0
4,Not Graduate,Yes,1015107,1003791,48,512,1257967,735871,122329,475321,Rejected,0
5,Not Graduate,No,514265,2999166,24,438,3395728,1006945,2686946,204965,Rejected,0
3,Graduate,No,365386,140843,36,754,1792711,576398,148731,329835,Approved,140315
3,Graduate,Yes,458008,4087503,60,610,2907800,223471,332388,339519,Rejected,0
4,Graduate,Yes,357355,212197,48,417,3097049,412747,703697,473805,Rejected,0
4,Graduate,No,937920,3081936,36,415,740263,825541,310991,528715,Rejected,0
0,Graduate,No,1111574,2086380,48,786,1583177,889474,151091,468192,Approved,1724278
5,Not Graduate,No,529263,1195119,24,462,3075180,1716396,596539,508304,Rejected,0
0,Not Graduate,Yes,976281,2754222,48,537,3465404,338213,96078,355160,Rejected,0
2,Not Graduate,No,2018967,794499,18,371,3840263,605895,1318860,508359,Rejected,0
3,Graduate,No,2641569,2937390,6,783,1622569,448015,381336,255932,Rejected,0
2,Graduate,No,1374878,3259327,36,514,4761783,1988774,241866,189998,Rejected,0
1,Graduate,Yes,817485,2343765,18,723,916274,688551,90004,1458233,Rejected,0
5,Graduate,No,1350665,1872067,48,543,488894,699848,112686,535215,Rejected,0
0,Not Graduate,No,1892947,2351850,12,781,1218057,485072,287006,1416190,Approved,2201567
1,Graduate,No,298395,4787504,6,542,3677918,412939,1499096,330017,Rejected,0
5,Not Graduate,No,2033539,3790397,36,838,664188,145946,365699,2162383,Rejected,0
4,Graduate,No,667055,128532,36,735,498113,171158,402938,422922,Approved,105792
0,Not Graduate,No,670595,1518893,60,589,412749,582090,416536,892152,Rejected,0
4,Not Graduate,No,740395,221890,18,590,2604976,523551,2237732,409305,Rejected,0
5,Graduate,Yes,1073244,1264817,12,672,506496,584857,206149,448949,Rejected,0
0,Not Graduate,Yes,488434,3914496,6,716,2264237,1112972,1135048,369010,Rejected,0
2,Graduate,No,769505,4286189,24,724,1172807,541101,213789,283299,Rejected,0
2,Not Graduate,No,1201465,2339389,12,319,841572,371870,164961,794437,Rejected,0
0,Not Graduate,No,1014965,3477393,48,459,709229,418270,280371,397527,Rejected,0
1,Not Graduate,Yes,1109698,1915831,12,562,1750993,615189,279198,715349,Rejected,0
1,Not Graduate,Yes,753111,2436646,60,622,852013,361986,483714,753042,Rejected,0
1,Graduate,Yes,1318085,4162815,36,353,1494416,1235638,41612,1076534,Rejected,0
2,Not Graduate,No,1609089,1449483,36,420,2026925,495231,340176,537154,Rejected,0
2,Not Graduate,No,1556876,1659860,12,577,2374914,619257,180341,138904,Rejected,0
1,Graduate,No,1138629,769251,12,568,3022866,249766,162134,319680,Rejected,0
1,Graduate,No,1508371,1169820,24,669,1697254,1236145,99721,393006,Rejected,0
1,Not Graduate,Yes,1453134,283363,36,341,682425,1698888,220016,403491,Rejected,0
4,Graduate,No,3922459,4097006,36,778,2127102,156951,193382,1006608,Approved,3048769
1,Graduate,Yes,1758703,4276591,24,481,2453751,703005,208752,886094,Rejected,0
5,Not Graduate,No,857126,2165347,24,630,1309042,456178,74512,361414,Rejected,0
3,Graduate,No,545101,3007589,60,869,1208691,636534,326102,2191915,Approved,2492882
4,Graduate,No,779590,1319050,24,528,9600817,734278,153070,313337,Rejected,0
3,Graduate,Yes,749880,324564,12,488,568745,74806,74739,331650,Rejected,0
1,Graduate,Yes,1192345,2626978,24,458,2172157,953531,188264,186193,Rejected,0
3,Not Graduate,No,612319,877078,24,692,3287044,1287099,155371,134296,Rejected,0
1,Graduate,Yes,1733837,4256534,24,875,1161272,1416143,310676,175110,Approved,4181997
0,Graduate,No,419111,1469865,36,636,1321910,224007,186140,813175,Rejected,0
1,Not Graduate,No,366686,3714372,36,419,1110006,487008,87503,672173,Rejected,0
1,Not Graduate,Yes,835542,1389051,36,868,1500250,316249,140989,215504,Approved,1269154
0,Not Graduate,Yes,566223,719550,18,325,2944928,98165,69140,428967,Rejected,0
0,Graduate,Yes,450504,2787116,6,546,1292798,295052,788665,703447,Rejected,0
5,Not Graduate,No,633973,998331,48,375,15462368,198962,904122,96361,Rejected,0
3,Graduate,No,592042,2057274,18,319,1068133,664447,1002107,1383003,Rejected,0
2,Graduate,No,905031,1537273,24,899,4214797,124945,181710,835676,Approved,1461342
5,Not Graduate,No,639787,4422862,36,351,2255584,217455,903545,705442,Rejected,0
1,Not Graduate,No,669058,2564899,48,844,1627134,321521,423999,927898,Approved,1859927
2,Graduate,Yes,897595,3625113,18,627,4520108,962221,149150,95812,Rejected,0
5,Not Graduate,Yes,1572194,2985340,60,492,451765,5301350,175834,343252,Rejected,0
3,Graduate,No,2020913,4562590,24,818,2063387,646928,259200,965188,Approved,3647091
2,Graduate,No,976199,2253698,60,302,876499,207953,327296,398037,Rejected,0
1,Graduate,Yes,1018864,4327812,24,714,1081635,280724,408402,672726,Rejected,0
0,Graduate,No,813741,4501426,48,761,1044161,874767,299545,1102336,Rejected,0
0,Not Graduate,No,1172720,4614709,24,518,728037,159255,223082,654585,Rejected,0
0,Not Graduate,Yes,1115452,3509286,48,480,434322,1270060,946773,333976,Rejected,0
4,Not Graduate,Yes,1866109,4902057,36,305,2007827,630811,272344,598519,Rejected,0
3,Graduate,No,318495,3750901,60,313,1427697,449573,259410,124184,Rejected,0
2,Graduate,Yes,791097,1627312,48,326,1197243,119397,249411,563806,Rejected,0
4,Graduate,No,1084581,869305,36,574,2650759,1093279,272479,676011,Rejected,0
0,Not Graduate,No,887083,1127435,18,619,2105212,261707,94228,444580,Rejected,0
1,Graduate,No,536920,2911440,24,554,1227940,569778,127887,901929,Rejected,0
2,Graduate,No,440426,909246,60,722,14785661,437476,2399154,486144,Rejected,0
5,Not Graduate,No,1402304,1264406,60,517,3218633,130110,73768,443338,Rejected,0
3,Not Graduate,No,593529,3177634,12,775,9384559,410972,377962,1442445,Rejected,0
5,Graduate,Yes,342818,1730438,18,692,1098833,178728,401388,204584,Rejected,0
1,Graduate,No,1441601,3436737,12,863,1808937,287261,709527,1059930,Approved,3309383
5,Graduate,No,1158447,4986851,18,736,592599,722322,409750,1002788,Rejected,0
0,Graduate,No,844432,530403,24,376,1170705,908413,1496702,722828,Rejected,0
1,Graduate,Yes,544241,3241707,48,636,968018,492305,367779,301360,Rejected,0
3,Not Graduate,No,845562,4123251,12,695,14183709,235864,943370,508442,Rejected,0
0,Graduate,No,1756306,787288,60,308,892354,288388,726152,227798,Rejected,0
5,Graduate,Yes,370299,3937026,60,326,1258524,284164,1112621,269882,Rejected,0
5,Graduate,No,380774,2586023,24,313,504197,81297,306401,438550,Rejected,0
3,Graduate,No,637226,3179522,36,403,2238392,532125,420730,215494,Rejected,0
1,Graduate,No,886908,352581,36,829,763606,121322,219200,339724,Approved,301149
0,Graduate,Yes,685011,2234501,18,444,2987313,533455,343633,184946,Rejected,0
3,Graduate,No,1281702,1898023,48,412,392280,144617,360150,631761,Rejected,0
3,Graduate,Yes,1638036,852920,36,568,1369229,179342,51315,1256226,Rejected,0
4,Not Graduate,No,1049131,3837850,12,539,375730,882652,265632,1861816,Rejected,0
3,Not Graduate,No,1224922,2577402,60,896,1038295,510552,639172,194028,Approved,2030433
0,Graduate,Yes,1045290,4402368,24,362,1209317,100735,95213,219420,Rejected,0
0,Graduate,No,904719,879929,18,805,957137,310949,129722,386250,Approved,770597
4,Not Graduate,No,441835,3680834,60,437,1030767,624696,801178,711305,Rejected,0
0,Not Graduate,No,511322,3064396,12,486,3107571,295365,939588,375053,Rejected,0
5,Not Graduate,No,428114,3290105,12,591,7662251,373504,176996,850434,Rejected,0
0,Graduate,No,829412,1618827,18,886,1934687,615275,347815,628757,Approved,1221004
4,Graduate,No,1022645,3484947,24,441,786968,519364,280743,125686,Rejected,0
5,Graduate,No,405573,1311800,24,506,1573847,215119,815835,450369,Rejected,0
2,Not Graduate,Yes,936662,3835096,36,696,1150001,509569,190650,181983,Rejected,0
0,Graduate,No,556143,2261152,24,702,2922706,391649,217442,291637,Rejected,0
5,Graduate,No,499864,2449773,36,520,1861460,2164855,937704,324623,Rejected,0
1,Graduate,No,638073,2945493,6,378,459378,458054,127862,727625,Rejected,0
3,Graduate,No,485963,512945,24,773,3417525,560783,196472,424182,Approved,418156
5,Graduate,No,1256465,1900574,60,841,3097501,623548,335877,312453,Approved,1511457
4,Graduate,No,820564,1096244,48,661,4603131,380182,1095523,1877591,Rejected,0
0,Graduate,No,1409179,4821657,48,824,1018300,271150,108781,231568,Approved,4579700
4,Not Graduate,Yes,705193,2166428,24,452,1879856,739083,163986,529394,Rejected,0
0,Not Graduate,No,720012,128898,36,819,616857,744239,496434,690322,Approved,91810
4,Graduate,Yes,2521868,227534,48,785,1443443,2935985,566054,486584,Approved,198630
3,Not Graduate,Yes,368600,4573019,60,842,2020215,939794,359101,230627,Approved,3770397
1,Not Graduate,Yes,1824132,868191,48,860,930925,953363,271665,222533,Approved,609359
2,Graduate,No,2235864,103351,36,507,1939093,920285,334952,667661,Rejected,0
0,Graduate,No,1371410,1139604,12,372,1701423,278059,83313,898697,Rejected,0
5,Graduate,No,750422,1161888,12,750,1070459,171628,327010,416783,Approved,1079434
1,Graduate,Yes,1972764,491447,6,702,4278355,213056,1057420,171902,Approved,409962
1,Graduate,No,754025,4982121,24,689,1258138,897295,97676,435409,Rejected,0
3,Graduate,Yes,610460,389731,6,679,1657154,1674033,154060,1248234,Rejected,0
4,Graduate,No,726942,3667668,24,324,499218,933098,214098,213750,Rejected,0
3,Graduate,No,657726,4200899,36,702,2214127,433856,225867,346095,Rejected,0
3,Graduate,Yes,534725,3258042,36,590,1048955,2079289,1435032,450168,Rejected,0
3,Graduate,No,1657224,748542,36,318,3075210,342922,135865,925912,Rejected,0
5,Not Graduate,No,588159,3657855,18,814,561078,188421,114644,298357,Rejected,0
2,Graduate,No,885444,1715595,36,316,2071945,619958,577780,606616,Rejected,0
4,Graduate,Yes,406799,2100651,60,440,291978,1499204,173115,1144471,Rejected,0
4,Graduate,No,915381,1331731,24,477,2380632,244051,585992,153200,Rejected,0
5,Not Graduate,No,476580,3942628,60,770,1315692,117394,253732,172638,Rejected,0
5,Not Graduate,No,470186,2941324,24,348,2023807,516284,443168,404772,Rejected,0
4,Graduate,No,847496,858853,36,531,956326,963266,79130,858488,Rejected,0
1,Graduate,Yes,1609582,2096536,36,520,736012,40235,441903,545604,Rejected,0
4,Graduate,No,1146676,3990073,36,549,1082841,1147535,361011,913892,Rejected,0
4,Graduate,No,1190836,4694300,60,824,1732342,156465,241461,131285,Approved,4156058
1,Not Graduate,No,837935,4703681,24,495,2311492,925851,105210,550584,Rejected,0
4,Graduate,Yes,748292,761052,48,513,1883907,91598,360717,58916,Rejected,0
1,Not Graduate,Yes,1390644,4302666,60,545,742966,142734,555141,1094153,Rejected,0
3,Graduate,Yes,660269,2874661,48,536,5951984,845999,191005,993351,Rejected,0
4,Graduate,No,1424154,3724339,6,873,1925288,1405309,194225,343414,Approved,3676160
1,Not Graduate,No,1776083,1990192,6,460,940533,496130,589095,85808,Rejected,0
2,Graduate,No,566588,3291749,60,368,2061905,3830118,1283660,373388,Rejected,0
4,Not Graduate,No,614279,1365254,48,553,1817488,209642,666779,944200,Rejected,0
2,Graduate,Yes,666648,2653352,60,350,1315169,207378,364609,577385,Rejected,0
5,Not Graduate,No,401644,1206390,24,779,1204270,386729,243969,1576642,Rejected,0
0,Graduate,Yes,695216,2036594,48,836,3139673,371397,293069,351159,Approved,1906487
4,Graduate,Yes,1841236,2099079,48,799,5481347,636235,97233,1789708,Approved,1696747
4,Not Graduate,Yes,506401,4341703,60,783,325778,265916,263105,104890,Rejected,0
5,Graduate,No,1865441,3178496,36,553,3774873,809966,777190,253893,Rejected,0
0,Graduate,No,709103,3272547,12,719,1522589,793676,310279,174422,Rejected,0
5,Not Graduate,No,2878758,1490448,36,538,1791374,1970381,176286,723070,Rejected,0
2,Graduate,Yes,618562,2231011,36,813,4133799,329551,162957,184949,Approved,2153922
2,Not Graduate,Yes,831478,2416816,24,417,204816,665829,292008,873738,Rejected,0
2,Graduate,No,545550,3945480,18,384,2763664,836791,105040,698132,Rejected,0
3,Graduate,Yes,616562,1009114,60,886,3924888,496937,138589,489877,Approved,714062
3,Graduate,No,1878809,365108,12,516,894941,417670,1103980,398772,Rejected,0
2,Graduate,No,1168399,2575009,24,486,527293,86523,124350,206480,Rejected,0
0,Not Graduate,No,1584849,4084285,36,701,5131570,536729,151786,657043,Rejected,0
5,Graduate,No,436514,3694638,60,505,401789,829466,384299,301797,Rejected,0
1,Graduate,No,1290197,4072441,36,749,2053309,476022,206084,735689,Rejected,0
0,Graduate,No,527475,2027819,24,558,3231015,257154,323475,1226128,Rejected,0
3,Graduate,No,431328,1219794,12,771,2019630,119974,624672,346064,Rejected,0
2,Graduate,No,1026301,3333606,24,348,2290888,734880,80541,1082668,Rejected,0
3,Not Graduate,No,1020544,284590,24,737,1229614,514280,569576,490675,Approved,260550
5,Not Graduate,No,926797,4487944,48,497,2122311,1629562,182866,652314,Rejected,0
0,Not Graduate,No,1335488,3597169,24,554,881715,145856,235243,170259,Rejected,0
1,Graduate,Yes,1455138,2569082,12,859,971666,335240,1536958,265614,Approved,2003222
3,Graduate,No,2019784,1079371,60,589,1540527,162633,91063,263600,Rejected,0
4,Graduate,No,467643,1326636,6,344,472642,1195272,495655,1102021,Rejected,0
3,Not Graduate,No,2055971,4980507,6,575,2312306,1433378,782589,335977,Rejected,0
2,Graduate,No,2534283,171282,36,444,233380,2562668,167801,666843,Rejected,0
3,Graduate,Yes,735807,144993,12,585,1969100,778850,170070,407270,Rejected,0
5,Graduate,Yes,359504,1802556,18,430,2113022,977978,219294,334565,Rejected,0
2,Not Graduate,No,420511,1225980,60,686,826608,724353,166958,153268,Rejected,0
5,Not Graduate,No,698110,3416014,48,441,594515,813827,317438,112871,Rejected,0
4,Not Graduate,No,2724861,306105,48,579,1104439,521299,640659,338831,Rejected,0
1,Graduate,No,908494,3949052,36,873,2423525,846078,220310,352928,Approved,2853725
1,Not Graduate,Yes,640945,3935013,6,683,1943984,3082827,660537,232173,Rejected,0
4,Graduate,No,617342,1224528,48,725,651691,602137,986972,475416,Rejected,0
1,Graduate,No,434805,2935608,36,764,1623730,510308,432760,1697962,Rejected,0
2,Graduate,No,1455947,3391253,12,852,1825644,591683,468925,1221290,Approved,2665012
1,Graduate,No,855561,4257330,24,832,1768519,440487,181077,424473,Rejected,0
3,Graduate,Yes,2856353,3689491,36,815,715711,616505,32274,434916,Approved,3107943
1,Graduate,No,1271446,4816806,6,504,1685803,427973,493554,653752,Rejected,0
3,Graduate,No,1420636,668244,24,675,2985520,1322122,590392,496019,Rejected,0
5,Graduate,No,787794,3089563,24,791,2243835,1214465,368655,654548,Approved,3037632
4,Not Graduate,No,493898,3886620,36,636,2042297,3151560,650074,505976,Rejected,0
5,Not Graduate,No,556644,1235592,6,376,5142180,490095,188248,445544,Rejected,0
0,Graduate,No,423820,1170275,36,605,1701157,639029,466156,264280,Rejected,0
2,Graduate,No,1484914,553982,18,429,797745,616794,1048488,532759,Rejected,0
1,Not Graduate,No,728284,4930122,36,714,799642,592447,528266,84857,Rejected,0
5,Graduate,No,1519703,4344679,18,816,1711697,1306494,939291,497585,Approved,3539202
4,Graduate,No,969856,692818,24,721,510333,125634,944415,97266,Rejected,0
1,Graduate,No,766124,1301055,36,631,1187949,739675,106230,497866,Rejected,0
3,Not Graduate,No,473008,2345285,36,660,2124625,2727149,552850,208374,Rejected,0
3,Graduate,No,1062407,4478240,6,623,3610419,1592583,175321,1011285,Rejected,0
2,Graduate,Yes,798030,4145701,36,569,471166,1445037,117029,440088,Rejected,0
2,Graduate,No,1478223,4403610,48,436,1615708,1022862,235327,413917,Rejected,0
0,Graduate,No,607237,4158619,18,705,1425166,301326,1332507,549264,Rejected,0
2,Graduate,No,1263011,3176265,36,510,1542793,264341,188963,225806,Rejected,0
2,Graduate,No,2219110,1525878,24,394,1668023,266103,67309,906762,Rejected,0
4,Graduate,No,1045552,3059580,48,780,1464794,189981,87871,671860,Approved,2263727
5,Graduate,No,1386177,2521372,24,631,4261503,1117920,450521,281202,Rejected,0
4,Graduate,No,1232666,4759050,60,612,3813177,1741874,157399,197087,Rejected,0
0,Graduate,No,2556374,2297484,36,612,7485232,723334,52830,307963,Rejected,0
5,Not Graduate,No,1104064,3804474,36,346,1488153,990961,90871,370962,Rejected,0
2,Graduate,No,1322623,950250,24,621,1102354,641659,345732,187196,Rejected,0
2,Graduate,Yes,882221,3448081,36,626,725890,810826,581927,290517,Rejected,0
5,Graduate,Yes,587855,2323670,12,607,1016013,82691,205393,264377,Rejected,0
5,Graduate,No,463079,2235130,24,304,2563551,653331,520825,347198,Rejected,0
0,Graduate,No,1806602,3798256,24,750,2877319,348243,652932,349144,Rejected,0
2,Not Graduate,No,516873,2471592,36,669,2489548,483220,154104,562918,Rejected,0
4,Graduate,Yes,1356442,388691,48,755,911298,605775,270628,408845,Approved,283890
3,Not Graduate,No,1131392,2005713,60,602,914991,272148,180075,530018,Rejected,0
1,Graduate,No,1490962,4819922,18,498,6506575,200405,474295,476115,Rejected,0
3,Graduate,No,678106,4736973,60,800,803700,265218,178285,348984,Rejected,0
5,Not Graduate,No,582596,3110326,48,510,4339932,145988,106974,645529,Rejected,0
1,Graduate,No,1108208,3226784,60,572,2031749,187295,313714,58596,Rejected,0
4,Graduate,No,766325,1387979,48,309,865902,210482,770913,311162,Rejected,0
4,Graduate,No,457295,3923782,24,397,616992,147642,463020,268273,Rejected,0
5,Not Graduate,No,2613861,3037153,60,368,894738,783732,705984,434861,Rejected,0
1,Not Graduate,No,582378,282278,36,554,2051741,232569,655207,256577,Rejected,0
1,Graduate,Yes,521076,4752209,48,457,758240,102607,310943,587393,Rejected,0
3,Not Graduate,No,787781,4276889,18,499,4812770,355506,180534,664608,Rejected,0
3,Graduate,Yes,1792680,499811,18,760,1283473,194099,143239,151815,Approved,472868
2,Graduate,No,273333,2146428,24,710,2536537,1728187,77880,467740,Rejected,0
4,Not Graduate,No,1712708,3738367,36,779,2387504,559803,824601,163177,Approved,3222659
4,Graduate,No,545163,3712086,24,790,5062653,143266,226505,559603,Rejected,0
1,Graduate,Yes,1040944,919946,60,449,1080028,810783,70438,288555,Rejected,0
4,Not Graduate,Yes,620541,296124,6,669,1624219,537451,856590,227810,Rejected,0
1,Graduate,Yes,2691756,4924704,12,822,524358,408214,325027,120802,Approved,4858512
2,Not Graduate,No,963850,4479979,24,483,1620648,1906519,682926,375004,Rejected,0
0,Graduate,Yes,609686,3718053,18,525,3527092,218201,240200,177836,Rejected,0
2,Graduate,Yes,762646,3333244,24,619,1768389,1205298,152857,141596,Rejected,0
5,Graduate,No,945482,3463782,48,779,8499159,353016,438197,455611,Approved,2755316
2,Not Graduate,Yes,992391,2341754,60,388,2214989,492259,470183,788345,Rejected,0
4,Graduate,No,1145635,3453460,18,580,1000156,264345,236481,527208,Rejected,0
0,Graduate,No,899305,1587434,24,445,2111268,279065,916243,146903,Rejected,0
3,Not Graduate,No,421979,510074,48,728,500533,345148,670103,363477,Rejected,0
2,Not Graduate,No,746389,1624018,24,445,823847,99381,484846,644103,Rejected,0
4,Not Graduate,Yes,1256464,1539975,48,514,602124,671329,116782,363577,Rejected,0
5,Graduate,No,622634,1586651,36,508,1518235,551294,103602,502370,Rejected,0
3,Graduate,No,1303000,2407609,60,342,1433434,139988,831264,294530,Rejected,0
0,Graduate,No,915838,742026,6,701,3703570,876177,46697,305570,Rejected,0
2,Not Graduate,No,798422,2097996,60,452,1392588,1725224,277675,252077,Rejected,0
0,Not Graduate,No,1735714,2372667,60,594,707212,284225,339825,613926,Rejected,0
2,Not Graduate,No,345994,1021684,6,718,4830516,256609,197853,641637,Rejected,0
0,Graduate,No,620775,2322083,36,772,164801,1288210,291127,271197,Rejected,0
3,Graduate,Yes,1772649,3404238,24,851,1543904,704418,428819,678490,Approved,3387008
1,Graduate,No,2462474,2118490,24,375,1765918,445445,182116,147316,Rejected,0
1,Graduate,No,3164311,112223,60,677,1488471,999231,634591,354844,Rejected,0
0,Graduate,No,925274,3545162,18,497,2182638,631187,492201,155073,Rejected,0
5,Graduate,Yes,1157755,2934818,24,762,1629842,1683842,257448,181121,Approved,2918129
5,Graduate,No,1410896,2157093,6,533,2181931,492930,148609,153777,Rejected,0
4,Not Graduate,No,1814719,211943,36,308,954852,718460,277750,252763,Rejected,0
0,Not Graduate,No,1069124,536118,60,814,502166,1271510,1804163,617260,Approved,534334
2,Not Graduate,No,1497836,489069,36,756,1448749,62424,157585,378650,Approved,413340
5,Not Graduate,No,1158951,4275093,36,498,694594,1311227,1102071,265796,Rejected,0
3,Not Graduate,No,1199449,1613188,12,802,868551,325469,67483,354253,Rejected,0
0,Graduate,No,543099,2182994,48,546,3584346,764761,144332,94827,Rejected,0
0,Graduate,Yes,750941,3510554,24,548,4825737,2057231,189151,596891,Rejected,0
1,Graduate,No,675107,3310900,36,480,3534227,385520,672168,82940,Rejected,0
5,Graduate,No,468016,415537,36,596,3075604,339481,314453,243812,Rejected,0
1,Graduate,No,362858,4656493,60,897,1568984,477267,913555,378513,Rejected,0
5,Not Graduate,No,712942,1399029,48,331,3212496,145498,226113,546396,Rejected,0
4,Not Graduate,Yes,778415,3860334,36,656,1958501,3241733,286575,472839,Rejected,0
5,Not Graduate,No,953525,4177303,24,404,6462931,482253,226876,386379,Rejected,0
4,Not Graduate,No,1221763,2740115,6,374,753436,2025071,1679453,1109547,Rejected,0
1,Not Graduate,No,998109,894405,36,333,2484127,376675,115767,1639036,Rejected,0
4,Graduate,No,781405,2770609,36,464,581145,514663,194769,401980,Rejected,0
1,Not Graduate,No,544069,1298321,48,739,2494845,1115695,130649,372935,Approved,1116706
1,Not Graduate,Yes,1457944,4262702,36,742,413183,195924,488382,357686,Rejected,0
1,Not Graduate,No,850983,3797051,24,780,603691,458262,113741,260826,Rejected,0
0,Graduate,Yes,708968,4135799,18,387,573210,1080728,1411781,520383,Rejected,0
0,Graduate,No,812280,4158837,12,365,1812241,417185,321295,974130,Rejected,0
1,Not Graduate,No,601475,975398,48,890,1956895,331622,425943,69989,Approved,943691
0,Graduate,No,672179,248551,60,853,9424610,1290199,444709,355207,Approved,226728
2,Graduate,No,660530,3169855,36,720,1400735,1645100,294928,1133971,Rejected,0
0,Graduate,Yes,768437,3108160,36,804,2677463,1883188,332685,526726,Rejected,0
0,Graduate,No,1290855,4342007,36,783,1692349,281706,322404,534387,Rejected,0
5,Graduate,No,1125864,3225379,18,646,2514663,305573,466445,130429,Rejected,0
0,Not Graduate,No,2107168,4036207,18,585,1670650,334878,149123,653899,Rejected,0
0,Not Graduate,No,1752583,1808630,18,887,3421838,920899,129091,810664,Approved,1732560
0,Not Graduate,No,2639716,711108,60,706,681104,180789,602812,460089,Approved,587186
0,Graduate,No,1224064,286030,6,830,239275,189677,299511,252795,Approved,269536
3,Graduate,No,1213304,2234895,36,424,2051390,272441,54505,545356,Rejected,0
4,Graduate,No,688363,109465,24,433,387382,225229,200311,193440,Rejected,0
4,Graduate,No,1417575,2639342,36,678,4011916,1060308,1101315,176325,Rejected,0
3,Graduate,No,627366,2063732,18,873,994392,1001280,261769,701316,Approved,1990184
0,Not Graduate,No,400873,1363267,60,672,688519,332015,191032,861379,Rejected,0
4,Not Graduate,Yes,2083642,2996524,24,566,11368600,424037,84201,237847,Rejected,0
0,Graduate,No,452752,3429547,60,314,1479387,57733,185143,176926,Rejected,0
3,Graduate,No,1145691,294511,36,393,1281313,338930,111563,216366,Rejected,0
2,Graduate,No,554581,2433510,24,438,2628588,1439381,432078,459353,Rejected,0
5,Graduate,No,1672479,4704432,48,420,2765062,323617,312837,177066,Rejected,0
1,Graduate,No,1802658,1557792,36,722,3524752,197547,220267,982547,Approved,1107083
3,Graduate,Yes,1204046,3927240,12,711,551968,1610660,156945,288887,Rejected,0
2,Graduate,Yes,1786289,1750636,48,528,2242397,193892,1098012,516910,Rejected,0
3,Graduate,No,903639,1431147,36,893,1203911,1860795,164723,237751,Approved,1082093
5,Not Graduate,No,3075402,4297675,36,536,751784,5821619,165244,602014,Rejected,0
4,Graduate,No,1356666,1846545,48,567,1555115,455610,244022,637519,Rejected,0
2,Graduate,No,548447,4344379,36,616,385595,1439167,274824,123594,Rejected,0
2,Graduate,No,935123,3307726,24,644,2997155,121027,451928,248564,Rejected,0
4,Graduate,Yes,827591,4080641,24,414,1206180,116584,661600,358464,Rejected,0
2,Graduate,Yes,784198,4092446,24,480,1048478,254014,620807,276952,Rejected,0
1,Not Graduate,No,361755,4577958,36,713,1352840,1005927,2366560,736251,Rejected,0
2,Not Graduate,Yes,1113396,2818549,24,808,1322902,500742,71154,263336,Rejected,0
0,Graduate,No,419990,4766302,12,554,3528866,426736,365040,659750,Rejected,0
1,Graduate,No,224398,392603,48,369,659469,166900,192742,561566,Rejected,0
2,Graduate,Yes,744853,2509957,18,811,1126156,448703,1655864,370889,Approved,2261105
4,Graduate,Yes,593866,2043120,18,649,1275129,289321,348293,679196,Rejected,0
4,Graduate,Yes,560343,573847,48,562,674756,228260,53440,136308,Rejected,0
1,Not Graduate,No,163317,4379267,48,652,1690375,212374,433922,383094,Rejected,0
2,Graduate,No,563649,4020348,48,794,871587,588606,376377,232642,Rejected,0
0,Graduate,No,818024,3768545,24,300,523224,271057,571273,371156,Rejected,0
4,Graduate,No,634991,3203817,36,516,2225843,497238,162192,287977,Rejected,0
1,Graduate,No,1113690,3049556,60,865,4787084,111157,396405,417153,Approved,2434478
4,Not Graduate,No,1935959,1964534,24,480,1555475,766838,238381,402665,Rejected,0
5,Graduate,Yes,1195592,3448524,12,885,1388190,613521,169546,440801,Approved,2597571
4,Graduate,No,1582738,4880113,18,469,1366303,410733,401456,453200,Rejected,0
1,Graduate,No,1656421,1331123,60,580,1018674,573580,341603,597537,Rejected,0
5,Not Graduate,No,513896,1759557,24,342,3607584,1106161,732401,165729,Rejected,0
4,Graduate,No,1145857,635423,36,736,1609627,145929,306962,571360,Approved,485283
3,Graduate,Yes,1555778,4547407,36,443,292727,529165,501247,138743,Rejected,0
5,Graduate,No,708122,2697385,60,810,3686511,164884,107497,56566,Approved,2394391
5,Graduate,Yes,582629,3003664,24,378,3067434,538655,981539,1591112,Rejected,0
0,Not Graduate,No,1204860,1405741,36,370,2355295,401249,154959,207323,Rejected,0
5,Graduate,No,398417,279545,60,582,189932,489524,646306,292317,Rejected,0
4,Graduate,No,494720,4043820,18,350,1496687,1028400,375190,108511,Rejected,0
1,Graduate,Yes,623706,4315642,36,497,2931564,1002590,336857,291007,Rejected,0
1,Graduate,No,1153063,1771287,12,714,1993894,1259299,572536,462303,Rejected,0
4,Graduate,No,1015155,3834839,24,603,1749498,356983,48657,474096,Rejected,0
1,Not Graduate,No,1587949,2902919,12,636,2936151,908962,184249,171867,Rejected,0
2,Graduate,No,542054,3248189,24,354,1665202,769123,565660,293216,Rejected,0
4,Graduate,No,526307,946544,18,708,3699447,364702,1536960,517802,Rejected,0
3,Graduate,No,1200564,3111477,48,354,1693475,552377,293853,472694,Rejected,0
5,Not Graduate,No,580058,889642,36,643,1595366,446862,37781,437573,Rejected,0
0,Graduate,No,645786,1172294,24,775,2929335,1636412,229097,681137,Approved,936931
1,Graduate,Yes,324140,1848401,36,736,1112406,995547,285047,370618,Rejected,0
5,Graduate,No,1056123,1150982,60,512,658714,375825,770333,1060015,Rejected,0
3,Graduate,No,2100865,4554724,24,393,1504283,354243,312584,325793,Rejected,0
1,Not Graduate,Yes,510957,242944,12,799,2335547,1128428,101349,650426,Approved,215950
1,Graduate,No,1578660,4529656,12,429,3002625,1561781,680450,666839,Rejected,0
2,Graduate,Yes,871073,855273,60,597,3015120,653807,486313,126984,Rejected,0
3,Graduate,No,340841,4364041,48,442,1424725,875149,165596,544625,Rejected,0
1,Graduate,Yes,550207,1748758,36,317,1319084,1513636,553175,255537,Rejected,0
3,Graduate,No,531837,4613635,12,550,962114,430971,188512,197407,Rejected,0
2,Graduate,No,756199,2749552,36,630,1809177,536764,232829,297188,Rejected,0
3,Graduate,Yes,1133570,2499294,36,756,438069,756216,191243,447934,Rejected,0
0,Not Graduate,No,2488169,740962,24,736,1525824,347220,230519,133759,Approved,619942
3,Not Graduate,No,409634,2224306,12,799,12714278,2119205,648414,407599,Rejected,0
5,Graduate,No,689362,2832104,24,789,485570,344573,65750,343491,Rejected,0
0,Not Graduate,Yes,549828,4918743,36,541,1687236,526737,766851,827318,Rejected,0
1,Not Graduate,No,448095,1390268,60,505,1991408,2549182,348507,256720,Rejected,0
4,Graduate,No,948509,505790,18,661,2193095,102729,215338,919969,Rejected,0
3,Graduate,No,900733,1344409,60,588,726500,600746,305342,524384,Rejected,0
4,Graduate,No,331890,1290899,36,477,2208150,285182,138539,390731,Rejected,0
3,Graduate,No,909030,4744927,36,319,1004596,500072,74950,975576,Rejected,0
4,Graduate,No,463788,836252,60,585,514159,179399,141900,1536462,Rejected,0
3,Graduate,Yes,905874,4962489,36,582,3063117,364804,59896,345185,Rejected,0
0,Not Graduate,No,1809160,654290,12,865,2469279,510642,95015,238270,Approved,468733
4,Graduate,No,1161052,4076049,24,788,726544,612274,75523,540100,Approved,4006527
2,Not Graduate,No,992304,2131651,48,461,997620,1070527,848974,147723,Rejected,0
0,Graduate,Yes,672884,366520,36,366,970888,69362,100706,160894,Rejected,0
2,Graduate,No,933716,3107877,24,773,437262,449268,289664,998521,Rejected,0
2,Not Graduate,No,1226825,3670296,36,592,2657238,431005,775113,596910,Rejected,0
0,Graduate,No,1161754,4209345,24,325,2733011,473415,617919,219367,Rejected,0
5,Graduate,No,852203,974286,18,753,1168835,513907,233438,3590324,Approved,963522
1,Graduate,No,1014298,3125167,48,507,1468690,246906,234345,152014,Rejected,0
1,Not Graduate,No,436281,2889185,24,402,1634748,134244,349642,617248,Rejected,0
2,Graduate,Yes,600949,2268273,24,695,1801751,601333,1806554,229044,Rejected,0
4,Graduate,No,1328164,4479197,24,771,545975,214754,426185,1391606,Rejected,0
4,Graduate,No,1430119,2173533,60,766,2163654,704113,529413,275838,Rejected,0
4,Graduate,No,947545,1962958,18,464,621161,225425,2059503,327745,Rejected,0
1,Graduate,Yes,2030071,2673956,18,655,2500515,900925,379910,112768,Rejected,0
5,Graduate,Yes,1190115,4651325,24,579,674897,477384,795891,1718688,Rejected,0
4,Graduate,No,791694,4350026,12,822,565742,506398,450271,259537,Approved,4334027
2,Graduate,Yes,460140,3571024,12,414,1468786,405538,444730,559809,Rejected,0
3,Graduate,Yes,1985643,496102,6,793,1444244,353868,132283,401325,Approved,366569
0,Not Graduate,Yes,1374808,1574958,12,508,1621376,410170,114893,271903,Rejected,0
4,Graduate,No,2419863,174100,36,671,767907,1365138,194088,84106,Approved,151415
5,Graduate,No,2963602,565094,18,601,1746438,135692,634875,340922,Rejected,0
2,Graduate,No,443447,4175219,24,509,1874251,288211,609768,330724,Rejected,0
3,Not Graduate,No,444083,4095222,48,439,3595741,1227543,931681,499997,Rejected,0
2,Graduate,No,186352,602346,6,518,1723298,1003667,297182,1795955,Rejected,0
0,Graduate,No,1491435,2344491,18,665,956878,1566515,473837,628044,Rejected,0
3,Graduate,Yes,1291372,1468195,60,669,546166,475445,475553,730236,Rejected,0
4,Graduate,No,949726,456198,36,674,476051,163051,273804,323062,Rejected,0
5,Graduate,Yes,458528,1969257,36,694,1911138,194989,228258,159521,Approved,1772079
5,Graduate,No,856990,605299,36,330,2719272,387883,84905,328974,Rejected,0
2,Graduate,Yes,996235,3706662,60,537,769357,954512,263520,239206,Rejected,0
5,Graduate,Yes,1384222,4838111,12,489,1816502,402676,274618,386223,Rejected,0
3,Graduate,No,1045800,2170431,12,538,1316269,377164,786830,283028,Rejected,0
3,Not Graduate,Yes,1296580,1290709,48,529,2570668,700646,855619,123603,Rejected,0
3,Graduate,Yes,840606,2547866,6,406,2872041,511922,339556,971023,Rejected,0
5,Not Graduate,Yes,1723668,4836297,36,879,274119,343817,1733085,362460,Approved,4040792
4,Not Graduate,No,1273910,882055,6,300,3252963,213433,352578,317488,Rejected,0
0,Not Graduate,Yes,468521,3437682,24,657,1812329,1118248,721812,184587,Rejected,0
0,Not Graduate,Yes,1932299,556388,36,577,1006972,1218346,275536,286771,Rejected,0
2,Graduate,Yes,1765977,1572406,36,722,1028260,203481,113824,218579,Approved,1161689
3,Graduate,No,1162590,2252777,36,799,1536144,355097,209002,173412,Approved,1791424
4,Graduate,Yes,1050256,1980266,18,689,1028039,881421,1050189,448258,Rejected,0
2,Graduate,Yes,2240896,975089,24,760,742830,190109,239657,288095,Approved,785889
3,Graduate,No,366527,3907489,48,464,882159,681986,201796,675522,Rejected,0
5,Graduate,No,1781246,3398213,6,897,687526,378831,298965,310820,Approved,3184433
2,Graduate,Yes,692620,2233533,36,352,4118098,177748,215446,433467,Rejected,0
2,Not Graduate,Yes,1643761,2151518,36,702,1564230,2265043,827557,424905,Rejected,0
3,Not Graduate,Yes,961603,466278,24,388,8126233,374050,1489832,523655,Rejected,0
2,Graduate,No,454313,3336511,24,440,1981338,780761,301517,221994,Rejected,0
5,Graduate,Yes,684925,1226089,48,795,2332980,192792,474931,750580,Approved,860190
5,Graduate,No,1578682,1575301,24,707,676557,1870754,685313,175118,Rejected,0
3,Not Graduate,No,801737,4315691,12,680,1273550,2617269,328997,412060,Rejected,0
2,Graduate,No,639430,3246741,60,797,1584048,139457,142246,172090,Rejected,0
3,Graduate,Yes,637083,3511253,12,467,930092,434733,211824,367585,Rejected,0
1,Graduate,No,1281300,1397134,48,685,1058512,1545826,425814,746245,Approved,1234236
2,Graduate,No,2357234,2554979,6,421,2055617,335775,419273,590105,Rejected,0
1,Not Graduate,No,277247,167265,24,589,2086076,708048,65393,839204,Rejected,0
0,Not Graduate,Yes,4199712,1302929,36,543,550326,119859,206987,323503,Rejected,0
0,Graduate,No,1006722,4020299,6,671,1855716,255840,160345,755751,Rejected,0
3,Graduate,No,1238329,2425494,48,339,2271014,648003,635067,246388,Rejected,0
0,Graduate,No,708005,3210715,24,315,963442,302949,165716,290195,Rejected,0
3,Graduate,No,898262,3965361,36,319,892731,368026,202716,438118,Rejected,0
2,Not Graduate,No,1000522,4690855,48,459,2088752,137878,196784,725212,Rejected,0
2,Not Graduate,No,505421,499561,36,646,217762,871804,587816,272687,Rejected,0
4,Graduate,No,577824,2947067,36,394,1502347,160127,683550,650708,Rejected,0
3,Graduate,No,1726596,4974363,24,895,5110443,1852326,456377,470265,Approved,3701853
4,Graduate,No,383218,1079480,6,548,213995,279869,768339,506377,Rejected,0
4,Graduate,Yes,1147070,4312837,60,482,2780474,987529,857384,219911,Rejected,0
0,Graduate,Yes,734074,2942897,36,836,2256426,908216,64394,305567,Approved,2171404
1,Not Graduate,No,530599,1658032,36,405,510119,216435,496164,374623,Rejected,0
3,Not Graduate,No,2662331,3938024,24,412,2216284,306499,219084,506596,Rejected,0
5,Graduate,Yes,532412,4365826,24,528,3178883,338927,103084,227301,Rejected,0
0,Not Graduate,No,483397,799090,6,342,620644,359029,228608,161917,Rejected,0
0,Not Graduate,No,812048,3440401,18,709,882538,165934,558366,89885,Rejected,0
5,Graduate,No,589743,4688529,24,766,1529660,787133,1033538,674204,Rejected,0
5,Graduate,Yes,903164,3365137,18,512,3122762,278432,95626,774585,Rejected,0
1,Graduate,No,980306,2781203,6,821,999626,453756,507469,97972,Approved,2167047
2,Not Graduate,No,1023985,784578,36,304,1453388,1176158,1594901,421759,Rejected,0
3,Graduate,Yes,840717,2306185,36,619,911007,812922,1422147,307191,Rejected,0
1,Graduate,No,611678,4538884,24,738,1527883,294859,15934,937659,Rejected,0
1,Graduate,No,1282115,4015983,48,526,3288639,1211241,1911857,345254,Rejected,0
2,Graduate,No,846376,2306675,36,868,1623993,880348,679031,586001,Approved,2149544
3,Graduate,No,685265,1613628,6,558,1147253,274415,42204,297020,Rejected,0
1,Not Graduate,Yes,2031219,4035816,48,851,1463598,323005,156487,247274,Approved,3262996
2,Graduate,Yes,841910,4841358,36,696,822831,1170325,873827,684391,Rejected,0
1,Graduate,Yes,1640879,1567666,36,438,711536,969211,407494,850919,Rejected,0
4,Not Graduate,Yes,1767208,4073159,60,799,3698875,139411,184181,164552,Approved,2923633
0,Graduate,No,1827337,1609218,12,318,5123036,212694,317436,889958,Rejected,0
1,Graduate,Yes,1316236,4154117,36,413,391344,902962,477142,202170,Rejected,0
1,Graduate,No,899686,4826977,24,768,2321149,184268,183351,78181,Rejected,0
5,Graduate,Yes,868851,3350018,6,842,2856695,991090,269275,403041,Approved,2574944
5,Graduate,Yes,786922,2533634,24,533,604533,2591591,643011,570483,Rejected,0
3,Not Graduate,Yes,273309,1639112,24,695,1053006,686705,165354,138442,Rejected,0
0,Graduate,No,1336405,393464,6,719,973050,228165,94665,99836,Approved,384411
4,Graduate,No,1029523,357106,36,743,6241217,580934,174525,282905,Approved,346404
2,Graduate,No,1417193,4194963,24,844,5179988,1204752,140922,257616,Approved,3428799
5,Not Graduate,Yes,843908,3341236,24,352,751700,543855,179405,1043354,Rejected,0
2,Graduate,No,1297311,1213427,6,415,502092,754360,69092,403400,Rejected,0
5,Not Graduate,No,421899,2804953,24,851,2678342,253435,366523,668907,Rejected,0
4,Graduate,No,473096,4405894,36,627,2255622,270288,627186,463241,Rejected,0
1,Graduate,Yes,230552,3274255,36,617,3813168,1080043,150478,1199368,Rejected,0
4,Graduate,Yes,835895,4590556,48,542,677842,272968,172364,214278,Rejected,0
1,Graduate,Yes,588458,675880,60,517,2580855,55497,255828,376116,Rejected,0
2,Graduate,No,547594,456553,6,447,866447,385378,138265,133368,Rejected,0
1,Not Graduate,No,1081878,3365972,24,539,2393694,653064,692285,705877,Rejected,0
4,Graduate,No,712205,2953903,60,344,1458817,1229474,140952,872429,Rejected,0
1,Graduate,No,409196,3472213,36,476,6239678,2025390,191860,736866,Rejected,0
3,Graduate,No,3648300,4909469,60,897,2098054,537325,156805,366569,Approved,4739098
3,Graduate,No,881865,633678,48,397,1185269,875183,706369,141014,Rejected,0
4,Graduate,Yes,496039,4661507,48,740,1663486,553987,246501,376525,Rejected,0
5,Graduate,No,622650,398025,12,320,1391074,675577,1632594,248903,Rejected,0
0,Graduate,Yes,818249,2673692,24,741,631055,426570,405241,763049,Rejected,0
5,Graduate,Yes,817303,4176355,36,458,6354316,694424,803076,296713,Rejected,0
0,Graduate,Yes,1841959,3434417,36,722,4975396,268855,227728,292313,Rejected,0
3,Graduate,No,861529,1190876,48,598,1314212,2691034,134633,1832164,Rejected,0
2,Graduate,No,2496785,3060884,60,766,2535461,65501,291662,699936,Rejected,0
3,Graduate,No,709501,4520236,18,700,6986901,812294,168443,849476,Rejected,0
4,Not Graduate,Yes,1137894,1095941,24,635,3792924,656042,54874,279497,Rejected,0
5,Graduate,No,1578900,4693612,60,740,1191153,685534,710007,185159,Rejected,0
2,Not Graduate,Yes,1736677,3299688,48,880,1404241,182950,308467,844059,Approved,2555447
5,Graduate,No,1851820,524967,48,657,413670,120083,165426,1136759,Rejected,0
1,Graduate,No,774942,1732392,36,404,2681950,836743,413068,162539,Rejected,0
1,Graduate,No,897287,4324272,60,369,3809885,1563151,312210,278445,Rejected,0
2,Graduate,No,230146,1756062,24,629,3829540,602931,994365,210921,Rejected,0
3,Not Graduate,No,808022,4738955,12,559,2537667,991370,433407,560291,Rejected,0
4,Not Graduate,No,1640218,2157942,12,665,1953700,338724,262539,855688,Rejected,0
4,Graduate,Yes,1473882,1779285,24,701,709713,662782,540879,309095,Rejected,0
1,Graduate,No,858191,4275667,48,412,1906458,1417173,290968,308469,Rejected,0
1,Graduate,Yes,2291407,3948987,36,746,933998,383022,350738,101671,Rejected,0
5,Graduate,No,728649,1267894,36,895,2224094,1369866,850670,205100,Approved,1222138
2,Not Graduate,No,606993,3926742,24,495,845832,124614,111107,1148928,Rejected,0
1,Graduate,No,695691,1328879,48,858,2213505,296948,144027,564719,Approved,1160617
5,Graduate,No,485432,4488475,18,857,4046319,795234,210047,764993,Rejected,0
2,Not Graduate,Yes,1267386,135965,36,551,1990387,2519957,237866,309777,Rejected,0
5,Not Graduate,No,1054751,3344732,18,778,1919009,506103,801785,330406,Rejected,0
5,Graduate,Yes,1258761,859533,36,860,2974974,207634,90133,405247,Approved,761380
5,Graduate,No,716581,3416256,24,811,5658824,2471734,292571,501916,Rejected,0
3,Not Graduate,No,871708,4895529,36,533,1384033,449164,187846,1048058,Rejected,0
4,Graduate,No,271582,3371320,36,700,2217170,879778,1273078,249769,Rejected,0
5,Graduate,Yes,1106900,2225963,60,656,4659413,376285,635907,363145,Rejected,0
1,Graduate,Yes,950281,4134166,60,548,2477950,564276,367481,229565,Rejected,0
0,Not Graduate,No,491324,1056307,24,684,334099,310073,683549,100862,Rejected,0
1,Not Graduate,Yes,849657,2761336,12,861,877000,3407060,97735,761707,Approved,2598544
3,Graduate,Yes,781002,4831841,12,315,2634640,1376301,1681029,1359240,Rejected,0
3,Graduate,No,2375032,1843968,18,841,1111083,2247363,146673,683541,Approved,1777990
0,Graduate,No,502088,232877,18,521,4418194,255805,873222,469969,Rejected,0
3,Graduate,Yes,1079960,2263659,60,797,6043046,105989,479472,1463918,Approved,1944863
1,Not Graduate,No,493969,2472415,60,364,963465,389786,375575,551520,Rejected,0
3,Graduate,No,662198,4078500,18,835,691486,4245476,842795,701617,Rejected,0
3,Graduate,No,1048007,4042551,48,569,1144054,380321,699858,441485,Rejected,0
3,Not Graduate,Yes,801228,1766416,48,850,1095573,1222469,328671,491299,Approved,1596031
2,Graduate,Yes,897039,3886844,24,557,4747088,209242,209647,364453,Rejected,0
2,Not Graduate,Yes,1080730,801160,60,748,690019,247139,333071,716423,Approved,760919
4,Graduate,No,685992,1027164,60,658,2617678,467213,274897,186339,Rejected,0
4,Not Graduate,No,1463631,3059706,60,420,4247555,3004445,405319,536436,Rejected,0
4,Graduate,Yes,760808,3568170,48,449,2772863,1273859,714286,220155,Rejected,0
2,Graduate,Yes,852983,4055618,24,623,2080913,87304,446780,571558,Rejected,0
2,Graduate,No,1097858,3149214,18,592,1328176,881239,351048,2137417,Rejected,0
1,Graduate,No,1019681,725866,60,670,6002629,188328,172072,652859,Rejected,0
3,Graduate,No,1282697,3408854,24,784,1247976,280138,395338,909787,Approved,2716503
0,Graduate,Yes,1071404,2203271,24,764,3054691,771580,70969,752348,Approved,1711705
2,Graduate,Yes,1164866,1403913,24,335,1331643,1641357,152307,78526,Rejected,0
1,Not Graduate,No,752529,1761559,36,597,376886,1574171,502245,364774,Rejected,0
3,Graduate,Yes,499981,4072599,12,389,1225358,662778,636632,547288,Rejected,0
5,Graduate,Yes,410425,969805,48,608,1334094,670741,294777,92688,Rejected,0
5,Not Graduate,No,359065,2840264,36,622,1347052,1570090,355891,327916,Rejected,0
2,Graduate,No,2372963,506442,24,898,914144,131026,410964,378416,Approved,359329
0,Not Graduate,Yes,266499,3652883,24,533,2398378,2363408,535394,168908,Rejected,0
1,Graduate,No,1735312,834353,36,571,2607214,267474,252796,202894,Rejected,0
0,Graduate,No,573018,4703911,48,607,1192558,623987,130095,1020056,Rejected,0
4,Graduate,Yes,1728376,4421837,60,378,1185072,327928,416914,32619,Rejected,0
5,Not Graduate,No,268003,4291937,48,336,682119,187167,1585004,483713,Rejected,0
3,Graduate,Yes,790838,1808004,24,726,1815275,740229,136961,903218,Approved,1613797
1,Graduate,No,2002413,3933454,48,480,4216075,611346,269322,392474,Rejected,0
0,Not Graduate,No,1332297,759403,36,517,4218282,457156,216042,1072237,Rejected,0
5,Graduate,No,747623,1519279,36,896,957053,439151,2333212,296575,Approved,1375279
1,Not Graduate,Yes,309129,749243,36,449,6678270,1829253,132577,212282,Rejected,0
0,Not Graduate,No,434861,365007,24,843,1143206,3224363,261751,397367,Approved,269303
1,Not Graduate,No,1932222,1898428,36,677,700130,1450372,220038,306242,Rejected,0
1,Not Graduate,Yes,743123,2915758,36,459,540144,632959,103295,268054,Rejected,0
3,Not Graduate,No,865140,4325728,24,873,669158,124329,98635,352531,Rejected,0
5,Graduate,No,1051885,269113,48,673,1926640,852089,486340,229768,Rejected,0
1,Not Graduate,No,439586,2094267,24,487,1236602,884737,547924,222504,Rejected,0
4,Not Graduate,No,1125975,3599530,36,571,933755,963181,186458,182377,Rejected,0
0,Graduate,No,714517,1087570,48,523,794469,189573,993694,535413,Rejected,0
0,Graduate,No,1057784,3710426,6,808,664233,1029844,44283,198776,Approved,2974969
0,Not Graduate,No,654890,2893782,18,579,769560,1885515,102933,167675,Rejected,0
5,Graduate,No,378865,2858265,36,322,3212374,216888,148825,188645,Rejected,0
3,Graduate,No,711475,712108,12,713,5800636,894770,297726,461928,Approved,618109
4,Graduate,No,1280265,923944,18,754,6075931,250785,204488,639080,Approved,731732
0,Graduate,No,1117811,4399167,48,537,2511249,457592,252874,676672,Rejected,0
0,Not Graduate,No,915442,4391035,6,854,1036923,223234,453085,464739,Rejected,0
5,Graduate,No,1474932,2317369,36,555,909014,371112,1035140,581925,Rejected,0
0,Not Graduate,Yes,804659,3020014,6,458,2644733,373565,593388,384950,Rejected,0
0,Not Graduate,No,928292,2755637,12,721,1246945,709842,314666,550255,Rejected,0
3,Graduate,Yes,691265,2622971,24,376,2042966,1065727,280244,544363,Rejected,0
3,Not Graduate,Yes,1523148,3589883,60,892,6380801,1405796,765081,240019,Approved,3493094
1,Graduate,No,1056520,2881200,36,710,1764887,287274,1488288,188389,Rejected,0
2,Not Graduate,No,662531,713763,24,490,8280089,678915,516116,1030679,Rejected,0
4,Not Graduate,No,396798,506146,24,349,644235,196599,197788,436685,Rejected,0
2,Graduate,Yes,1652630,4266230,36,651,2098099,455103,373952,835238,Rejected,0
2,Not Graduate,Yes,597742,3728142,36,652,1897937,518499,491297,185207,Rejected,0
0,Graduate,Yes,936388,1073869,24,777,717060,228252,187150,301140,Approved,982684
2,Graduate,No,3282382,397800,18,470,2736574,804200,626203,152601,Rejected,0
4,Not Graduate,Yes,1398597,1175501,36,427,4728333,437999,375485,628851,Rejected,0
3,Graduate,No,2183156,2934102,36,548,7826125,570106,807338,260167,Rejected,0
5,Graduate,Yes,669430,2960749,48,791,2042006,1415786,130785,271366,Rejected,0
0,Graduate,No,1622027,929359,36,845,360734,347611,68274,1572665,Approved,746377
0,Graduate,No,913298,963343,36,513,2145146,1029961,214850,637696,Rejected,0
3,Not Graduate,No,1100703,1117739,36,328,2616754,1704547,306114,632275,Rejected,0
1,Graduate,No,2734921,2271459,36,366,1257437,1618040,64911,172429,Rejected,0
3,Graduate,Yes,772120,1242946,36,627,1762626,426108,178858,108982,Rejected,0
5,Graduate,No,909582,2336012,18,314,1043829,218732,893195,789113,Rejected,0
2,Not Graduate,No,547645,170097,60,735,1356887,273463,472045,83362,Rejected,0
3,Graduate,Yes,1467114,4686946,24,319,3217422,129791,337402,281564,Rejected,0
4,Graduate,No,661196,4470011,36,554,4251334,895806,122286,226629,Rejected,0
0,Graduate,No,1579535,1759230,36,779,578355,944335,868287,209320,Approved,1519743
5,Graduate,No,363196,4040753,60,581,1022217,552469,210406,293771,Rejected,0
1,Not Graduate,No,1217002,2723176,12,705,455720,155228,325228,191036,Rejected,0
4,Graduate,No,631668,253303,60,500,5954864,366543,424144,170760,Rejected,0
3,Graduate,No,1345041,1494973,12,776,2882188,1616193,347007,478197,Approved,1401901
0,Not Graduate,Yes,893313,379231,12,556,334443,839513,1066134,843777,Rejected,0
4,Graduate,Yes,670456,3569118,60,752,1429127,972820,489130,118638,Rejected,0
1,Graduate,Yes,727626,3936097,24,872,1212726,8320341,399964,458679,Approved,3340488
3,Graduate,No,563790,3124032,36,528,850876,660813,278751,584323,Rejected,0
5,Graduate,No,1426784,133336,36,439,3263085,79818,433071,546767,Rejected,0
5,Not Graduate,Yes,505549,1256512,60,860,3207543,196109,250958,342615,Approved,1090353
5,Not Graduate,No,777048,2398095,48,709,1835935,648285,352396,263358,Rejected,0
2,Not Graduate,Yes,1088196,808778,24,827,927025,508028,224376,680260,Approved,591360
3,Not Graduate,No,2185974,625756,48,527,932887,431997,196225,505816,Rejected,0
1,Graduate,Yes,895409,1591342,18,509,1550241,438492,137708,106214,Rejected,0
5,Graduate,No,787619,2998998,36,374,1064615,256682,238238,342654,Rejected,0
2,Graduate,No,1046173,533666,48,764,1493465,687011,225317,415842,Approved,487466
4,Not Graduate,No,287720,4991869,48,807,2279659,1635681,1420483,186021,Rejected,0
2,Not Graduate,Yes,465513,2349195,36,792,474886,2180034,697200,337327,Rejected,0
4,Graduate,No,732119,942905,48,474,849444,2128120,267698,564275,Rejected,0
1,Not Graduate,No,608053,198291,36,593,1462570,221858,209342,224153,Rejected,0
4,Not Graduate,Yes,373134,4787751,60,596,4852402,491499,506022,470858,Rejected,0
0,Not Graduate,No,1442558,3013459,12,372,2827705,382927,1563559,200095,Rejected,0
0,Not Graduate,Yes,1038218,4340845,24,300,1495973,826984,590434,168307,Rejected,0
2,Graduate,Yes,972180,3905644,48,500,2028297,466061,69529,615465,Rejected,0
2,Graduate,No,614433,4930690,24,606,1390047,412743,624825,909835,Rejected,0
4,Graduate,Yes,940170,4459746,24,894,3364848,1721585,726366,174663,Approved,4381944
2,Graduate,No,1194332,3854325,48,825,2076700,543609,1945230,779445,Approved,3157087
0,Not Graduate,No,777981,4270747,36,730,3914021,555664,242909,396370,Rejected,0
1,Graduate,Yes,1149301,4299272,18,878,542787,710423,337500,84949,Approved,4054556
2,Graduate,Yes,580890,1348617,18,765,819404,888356,439873,146497,Approved,1288973
3,Graduate,No,949572,3013529,24,616,1842998,892718,156711,612317,Rejected,0
3,Graduate,No,1687104,4931108,24,848,2171892,1870432,145096,128342,Approved,4257592
1,Graduate,No,1772251,4349692,12,852,9076775,167643,421254,259427,Approved,3579272
3,Graduate,No,1867897,615780,48,421,386608,658788,80819,377857,Rejected,0
3,Not Graduate,No,1053062,646410,24,469,1463248,458328,97936,547344,Rejected,0
4,Graduate,No,915786,1080086,48,882,1414850,387169,600107,455202,Approved,975492
3,Graduate,Yes,703143,3734106,60,303,1792917,952149,458035,1199254,Rejected,0
4,Graduate,No,333045,2029532,24,611,5503645,1505183,867888,225970,Rejected,0
1,Graduate,No,429534,3180746,60,530,2894093,302358,444758,428584,Rejected,0
4,Not Graduate,No,820542,784814,18,747,450433,2097507,302670,549110,Rejected,0
0,Not Graduate,Yes,847962,393247,36,875,4738804,148073,897391,658634,Approved,328836
0,Graduate,No,1956901,3877668,60,491,4640687,825782,209420,834935,Rejected,0
5,Not Graduate,Yes,1854804,1528793,48,432,1827175,234516,225980,295189,Rejected,0
2,Not Graduate,No,616974,311551,18,497,445812,289774,283991,631124,Rejected,0
3,Graduate,Yes,1411593,1158923,24,730,1338769,526197,439957,209216,Rejected,0
3,Graduate,Yes,692291,1683287,24,516,2131895,356241,283483,378826,Rejected,0
4,Graduate,No,1310067,2085360,60,686,3167296,43852,84902,568123,Rejected,0
1,Not Graduate,No,1402069,4494054,18,509,397575,840803,239171,791744,Rejected,0
1,Graduate,No,1782097,1071931,36,744,842515,970105,292060,596227,Approved,1031375
0,Graduate,Yes,686387,3060060,24,337,3417733,436027,330756,426174,Rejected,0
5,Not Graduate,No,1572248,1446665,24,505,4626446,407856,204750,378352,Rejected,0
1,Not Graduate,Yes,321291,2542556,24,486,2071682,364181,461073,587349,Rejected,0
3,Graduate,No,1835943,1550547,24,659,3549651,116730,76312,1851803,Rejected,0
2,Not Graduate,No,887702,1787288,36,689,2110502,106688,427168,727546,Rejected,0
0,Graduate,No,898157,3039073,24,737,3088788,989990,1377070,522461,Rejected,0
2,Not Graduate,Yes,293479,2989961,24,842,1672479,1235961,179109,153421,Rejected,0
0,Graduate,Yes,726783,760881,36,778,2149911,830405,315056,221479,Approved,759834
1,Graduate,No,1896771,867701,24,325,599974,690195,243182,318815,Rejected,0
0,Not Graduate,Yes,711737,1281396,48,707,2578140,972548,246691,756331,Rejected,0
4,Graduate,Yes,1332483,4506758,36,309,586373,919014,125159,207624,Rejected,0
3,Graduate,No,917268,1654025,36,548,2575973,256525,1630443,627147,Rejected,0
5,Graduate,No,1614633,2931608,18,656,1079208,604076,416422,434960,Rejected,0
2,Graduate,No,999965,2300433,6,491,1979722,388754,169628,512816,Rejected,0
1,Graduate,No,539099,1835234,48,720,734084,393144,153982,343881,Rejected,0
3,Graduate,No,928381,286634,60,778,1028148,1317883,316100,263440,Approved,239246
5,Not Graduate,No,2171262,2261786,18,665,1976729,1906588,47525,202316,Rejected,0
3,Not Graduate,No,1183344,4996137,24,615,2641148,68048,734126,613746,Rejected,0
0,Graduate,No,844166,4710401,24,884,3406919,402540,193835,379084,Approved,3401933
1,Graduate,Yes,3112103,1571921,36,692,633123,385017,417488,188179,Approved,1540572
5,Not Graduate,No,1702688,2712342,18,437,486565,1341923,434432,467669,Rejected,0
3,Graduate,No,1410357,1507990,60,694,721795,145735,681494,4393026,Rejected,0
5,Graduate,No,1071627,4615286,12,589,674529,39388,456010,347385,Rejected,0
3,Graduate,Yes,1344860,2818866,60,314,4857806,1004658,564241,1273262,Rejected,0
0,Graduate,Yes,1369084,4608474,12,850,4098501,1133541,713361,65481,Approved,4043534
5,Graduate,No,270926,4284758,24,778,710350,109750,226574,331006,Rejected,0
4,Not Graduate,No,1118350,1705003,24,671,5409718,449829,1867697,780407,Rejected,0
4,Not Graduate,No,823820,2338366,24,704,3919010,1835849,404934,404379,Rejected,0
5,Graduate,No,683699,2890475,60,646,441871,199991,292949,255091,Rejected,0
1,Graduate,No,808277,1319312,36,506,692665,544845,146767,392669,Rejected,0
5,Graduate,Yes,382481,4174794,12,860,432151,769989,251588,797149,Rejected,0
1,Graduate,Yes,333572,2872790,60,632,1405691,148580,422150,1793411,Rejected,0
5,Not Graduate,Yes,1786424,1116031,18,503,1519717,309619,325307,843297,Rejected,0
1,Graduate,No,1160471,2466418,12,711,1517585,118795,1418157,280944,Approved,2417733
3,Not Graduate,No,238707,4125928,6,394,328053,434743,215357,339833,Rejected,0
4,Graduate,No,655490,2173067,36,492,514292,255255,534427,341606,Rejected,0
0,Graduate,No,1460740,3580063,60,377,1823178,596537,115246,217977,Rejected,0
0,Graduate,No,771539,4921027,6,351,2392005,857662,1918904,358855,Rejected,0
5,Graduate,No,1784953,1741683,48,793,329759,1627731,108765,330234,Approved,1547724
0,Not Graduate,No,1603202,4980157,24,562,573852,3630214,1749218,172617,Rejected,0
3,Not Graduate,No,426752,2130558,18,815,3229331,596544,267286,719211,Rejected,0
5,Graduate,No,831779,2853525,48,683,598817,382039,44899,537061,Rejected,0
3,Graduate,Yes,703414,3887685,48,440,1483554,363632,946731,255393,Rejected,0
2,Not Graduate,No,419186,433219,36,427,557556,220186,321745,443600,Rejected,0
2,Not Graduate,Yes,404456,3537224,18,574,2798480,731824,204049,203625,Rejected,0
3,Graduate,Yes,577716,2877896,6,356,330459,328312,517605,271752,Rejected,0
3,Graduate,No,632630,3311223,48,651,1193775,776621,527701,647318,Rejected,0
3,Graduate,No,1051708,4767114,36,576,3036468,226226,426741,556238,Rejected,0
0,Graduate,Yes,1598326,2477236,24,383,2370229,336448,787265,279285,Rejected,0
3,Graduate,Yes,1193803,4635894,18,615,1059059,722060,371835,497447,Rejected,0
4,Graduate,No,1359809,2881981,48,810,888211,449636,521155,379707,Approved,2136562
4,Graduate,Yes,777244,1155954,12,846,1259598,97742,192536,199015,Approved,821651
0,Graduate,Yes,1253939,3297405,36,551,570325,493585,575082,355810,Rejected,0
4,Graduate,No,829471,1031585,36,343,1391607,252927,193251,541253,Rejected,0
4,Not Graduate,No,705979,4506133,18,818,1409603,1364882,115344,495604,Rejected,0
1,Graduate,No,2554982,846053,36,631,1096368,1141448,251756,122319,Rejected,0
5,Graduate,No,249793,2543479,36,756,3176328,71817,237310,449319,Rejected,0
3,Graduate,No,321204,4116944,36,327,672067,988197,660086,407183,Rejected,0
2,Graduate,Yes,1110849,145104,60,477,417769,696114,87231,105918,Rejected,0
4,Not Graduate,No,777944,2501270,36,471,1011542,141623,760040,227201,Rejected,0
3,Graduate,No,408321,2581426,12,730,1646190,1054881,176665,564311,Rejected,0
3,Graduate,No,503890,1756428,24,709,1384611,168461,36915,1054505,Rejected,0
1,Not Graduate,Yes,541299,3397031,36,745,1339228,1323691,107501,126862,Rejected,0
5,Not Graduate,Yes,1470238,1691555,24,538,644482,288688,230991,793915,Rejected,0
5,Not Graduate,Yes,1753240,1934551,48,487,717889,137589,437630,107254,Rejected,0
0,Graduate,Yes,2217541,1449525,18,413,1039984,3032807,267864,1063932,Rejected,0
4,Graduate,Yes,375568,3159025,12,452,980264,134321,107305,338457,Rejected,0
0,Not Graduate,No,424315,4424837,18,398,3417910,252015,154784,242538,Rejected,0
2,Graduate,Yes,408626,970261,60,794,1828328,297727,108837,512674,Rejected,0
5,Not Graduate,No,1828527,2107431,36,707,1006061,339438,373802,203918,Rejected,0
1,Not Graduate,No,1132144,1206676,36,707,3410043,905577,277766,573989,Rejected,0
2,Graduate,No,940587,1295687,24,832,2096300,525228,505470,366752,Approved,1250532
1,Graduate,No,1021156,4860810,60,744,541890,1174110,66627,27784,Rejected,0
4,Graduate,No,872329,3580984,60,492,131890,685904,190547,226777,Rejected,0
2,Graduate,Yes,485785,4727782,24,488,554765,120610,1682878,457251,Rejected,0
3,Not Graduate,No,1193493,3213727,48,376,2343548,797903,517320,843866,Rejected,0
5,Not Graduate,Yes,812421,3366056,60,734,2927295,609930,233245,504472,Approved,3106950
3,Graduate,Yes,465084,3605291,24,825,431837,294028,129610,834489,Rejected,0
4,Not Graduate,Yes,1234291,3299703,24,729,2458246,2913979,769213,213939,Rejected,0
0,Graduate,No,712095,4127585,36,582,2389347,838575,1103843,665685,Rejected,0
1,Not Graduate,Yes,1019952,1697928,24,500,4270566,1113291,113003,673545,Rejected,0
5,Graduate,No,840214,596045,48,563,3059528,1146759,122465,127713,Rejected,0
5,Not Graduate,No,1469464,2494000,36,462,4134544,349870,380225,863614,Rejected,0
3,Not Graduate,No,1015853,109744,18,399,2163527,856612,411671,503018,Rejected,0
2,Graduate,Yes,553554,331925,24,559,2109934,654081,452209,328465,Rejected,0
1,Graduate,No,1074377,347774,36,442,1164744,311418,1437480,324532,Rejected,0
5,Not Graduate,No,1093866,479260,12,744,2775018,177020,131370,193418,Approved,404573
4,Graduate,No,1192286,3563287,24,844,552203,510405,310338,622056,Rejected,0
1,Not Graduate,No,1591012,3028567,6,416,1351827,823446,553797,494179,Rejected,0
3,Not Graduate,No,641369,4679033,48,303,2248757,506951,548748,601552,Rejected,0
3,Not Graduate,No,1299532,1520425,12,825,4312968,428223,172974,422740,Approved,1126392
2,Graduate,No,348537,1722416,12,476,1048134,511763,178879,461977,Rejected,0
5,Graduate,No,842525,2501575,48,453,3096898,391770,203048,325165,Rejected,0
0,Not Graduate,Yes,773814,3927852,12,814,1293797,1865957,1276301,849987,Approved,3832618
1,Graduate,Yes,1995619,4660388,36,804,3144828,629114,130593,611505,Approved,4294247
0,Graduate,Yes,825848,3673004,24,648,822383,330668,227721,451448,Rejected,0
4,Graduate,Yes,1257384,2584972,48,393,2585564,107532,579935,364041,Rejected,0
3,Not Graduate,Yes,341524,4892502,18,724,1396490,422834,118901,116036,Rejected,0
5,Graduate,No,741687,988530,12,744,616707,306221,373567,99705,Approved,841357
3,Graduate,No,565040,2406886,18,566,1337085,296706,59691,309097,Rejected,0
0,Graduate,No,3511947,1309748,60,637,4042036,1114128,353362,972187,Rejected,0
2,Not Graduate,No,623692,913757,48,622,698417,535062,313657,244218,Rejected,0
0,Graduate,No,937014,2043480,24,697,492740,119645,344761,251034,Rejected,0
4,Not Graduate,Yes,964887,3849634,18,609,2022880,846081,143336,202516,Rejected,0
4,Not Graduate,No,375471,1667771,18,885,426184,130305,364071,162097,Approved,1362124
5,Not Graduate,Yes,673896,4112213,18,321,4845165,901383,290206,210960,Rejected,0
2,Not Graduate,No,1124413,3093583,18,331,4754471,333884,905090,486145,Rejected,0
1,Graduate,No,943449,3565771,60,390,3267991,538334,515918,283490,Rejected,0
0,Graduate,No,253958,1291722,6,389,1487417,489526,87545,274627,Rejected,0
2,Graduate,Yes,658885,4329591,60,599,5227647,440848,147833,258030,Rejected,0
2,Not Graduate,No,1577895,1098548,6,347,4114637,597470,177661,472181,Rejected,0
4,Graduate,Yes,1243789,1918795,48,414,1005944,536040,349712,525670,Rejected,0
4,Not Graduate,Yes,1758670,3938059,24,612,4413165,2450085,259831,108111,Rejected,0
0,Not Graduate,Yes,523370,3482544,12,840,757077,604840,258919,234930,Rejected,0
1,Graduate,Yes,1820572,1567335,48,782,1293938,616906,3290700,375738,Approved,1320556
3,Not Graduate,No,878285,1392858,24,430,390771,273558,193993,543865,Rejected,0
2,Graduate,No,2160548,2222042,60,332,1673484,691158,978498,437401,Rejected,0
0,Graduate,Yes,901637,2287557,48,744,1202718,209465,264681,711563,Rejected,0
5,Graduate,No,291863,391455,60,768,1068563,1329046,47089,148884,Rejected,0
4,Graduate,No,1435811,1288211,48,858,1324751,141587,352979,534907,Approved,1092027
3,Graduate,No,705186,857311,18,560,971228,244081,776758,1681382,Rejected,0
1,Not Graduate,No,731772,857215,24,335,1547624,125192,513994,413588,Rejected,0
5,Graduate,No,404718,1832244,36,865,3928045,714302,372975,425556,Approved,1521552
0,Graduate,No,2196465,276170,24,472,676431,348736,306112,575332,Rejected,0
2,Not Graduate,No,675727,3417960,36,530,2864405,895737,197023,273070,Rejected,0
4,Not Graduate,No,2140221,3389979,18,548,1762788,218188,642639,206163,Rejected,0
5,Graduate,No,709962,1180082,36,891,1985876,785533,207413,416580,Approved,992311
1,Not Graduate,No,540306,4388839,24,517,1465847,818497,174077,125670,Rejected,0
3,Graduate,Yes,1859636,3009219,12,634,875829,598626,425311,527760,Rejected,0
1,Graduate,No,864422,1640655,60,603,2094077,513295,232460,593854,Rejected,0
0,Graduate,No,869076,1050639,48,894,2213543,561846,891154,130162,Approved,882267
2,Not Graduate,Yes,444745,2203253,24,872,822928,230562,446291,448347,Approved,1765026
5,Graduate,No,699735,4804765,12,679,549679,200463,154858,343756,Rejected,0
4,Graduate,No,1139309,117380,48,363,1599108,793854,113382,1125496,Rejected,0
2,Not Graduate,Yes,440472,198450,18,508,2641920,365483,184238,1000598,Rejected,0
1,Graduate,Yes,669075,2122988,36,700,3187646,735089,2188662,720970,Rejected,0
0,Graduate,No,714190,4603595,48,782,3698612,1868607,245144,933500,Rejected,0
1,Not Graduate,No,933496,1478478,24,751,1981805,339008,571531,309763,Approved,1327926
0,Graduate,No,2030734,3762150,24,592,1231282,300225,98887,479827,Rejected,0
1,Graduate,Yes,763124,2913580,12,703,1497578,379543,119482,335207,Rejected,0
4,Graduate,No,615614,1076882,24,485,590422,516840,255600,199030,Rejected,0
0,Not Graduate,No,4076111,4551735,36,682,898958,842713,1273744,423829,Rejected,0
0,Graduate,Yes,709204,900053,18,587,1441279,488080,100149,377358,Rejected,0
3,Graduate,No,810404,2580148,60,710,1228122,2925946,175653,347179,Rejected,0
1,Graduate,Yes,739208,3347142,48,824,1607166,715034,645627,383752,Rejected,0
2,Graduate,No,772917,3410110,18,792,534907,970983,1161518,417391,Rejected,0
0,Not Graduate,No,939324,4286291,36,740,632461,484577,435100,744701,Rejected,0
1,Graduate,Yes,1493433,3556866,24,761,2683603,1181647,532866,265690,Approved,2675990
2,Graduate,No,1123931,3320675,24,404,802885,419946,139966,163322,Rejected,0
4,Graduate,No,1627495,846916,36,411,903326,289171,97446,642949,Rejected,0
2,Graduate,No,1598164,1602515,12,803,1610818,1079390,113277,728560,Approved,1430274
3,Graduate,No,1009387,1798196,18,625,746078,476236,142798,513902,Rejected,0
3,Not Graduate,Yes,1106953,1918141,12,559,3439109,615899,363415,180244,Rejected,0
1,Not Graduate,Yes,1656066,654413,18,699,584407,1151947,106388,364827,Rejected,0
1,Graduate,No,488446,565819,36,349,1501715,562699,371156,488332,Rejected,0
2,Graduate,Yes,3556069,2259658,60,399,855582,440428,229493,189355,Rejected,0
0,Graduate,Yes,678899,3642297,36,388,1686416,317196,185981,234240,Rejected,0
4,Graduate,No,742011,4447700,60,640,1032896,1232792,636551,360994,Rejected,0
3,Graduate,Yes,462131,4706908,36,339,1473626,373957,132768,915550,Rejected,0
1,Graduate,No,469755,2456578,24,326,3748763,478747,1016511,468286,Rejected,0
2,Not Graduate,No,1537808,4500816,60,706,895727,638090,607893,267921,Rejected,0
1,Not Graduate,No,3136934,2335150,12,741,890152,635858,129308,347338,Rejected,0
3,Graduate,Yes,658795,2419483,12,454,1183575,1183525,833541,250904,Rejected,0
4,Not Graduate,No,1089440,1125685,60,715,4531168,471190,116954,299783,Rejected,0
0,Graduate,No,1015855,3177088,36,357,1402362,1610879,900455,663184,Rejected,0
2,Graduate,No,1560138,1620064,60,546,3785269,404708,398129,104320,Rejected,0
0,Not Graduate,No,3049362,2476556,12,519,1313613,685231,78377,1004179,Rejected,0
2,Graduate,No,2077520,4689338,48,508,3660841,427691,99754,1851761,Rejected,0
1,Graduate,No,789289,2777284,18,821,2036044,2962465,212630,448209,Approved,2079020
2,Not Graduate,Yes,1203774,1584677,24,347,2273658,371135,627290,223567,Rejected,0
2,Graduate,No,1271340,3385085,60,677,511013,400791,259484,903005,Rejected,0
1,Not Graduate,Yes,890110,3683794,24,464,457195,551222,254043,485911,Rejected,0
2,Graduate,No,492567,3072656,36,592,3347173,398557,310420,276799,Rejected,0
4,Not Graduate,No,580023,306494,60,420,3316114,653226,55035,202581,Rejected,0
4,Graduate,Yes,1692359,1207976,60,740,9221674,1421308,604483,301081,Approved,890619
0,Graduate,No,1791152,728738,6,336,492136,566693,936821,457726,Rejected,0
2,Graduate,No,802902,4783239,18,345,2159366,584781,586833,748685,Rejected,0
5,Not Graduate,Yes,1038960,1626242,60,497,696003,411509,209311,488042,Rejected,0
3,Graduate,No,1738695,2424156,36,830,860720,325478,141386,549686,Approved,2215625
1,Not Graduate,No,352499,4516963,36,314,1029199,542755,119598,316665,Rejected,0
3,Graduate,No,704086,4957119,12,406,1998169,503240,114504,727719,Rejected,0
0,Graduate,No,2730456,1174529,6,595,911600,1355439,2056295,346111,Rejected,0
0,Graduate,No,1061050,4310968,60,312,1538345,221272,280559,1448174,Rejected,0
3,Graduate,No,483633,3661049,36,621,2799640,1721519,647271,253287,Rejected,0
3,Not Graduate,Yes,959968,3108616,48,517,3495390,441340,617683,527401,Rejected,0
4,Graduate,Yes,1578427,920870,18,688,2521634,567285,338662,1852030,Rejected,0
2,Not Graduate,No,221806,3486598,18,335,2105107,202248,135894,829508,Rejected,0
5,Graduate,No,991632,3102926,36,406,1348833,806138,466227,674017,Rejected,0
2,Graduate,No,733309,2286842,60,400,978990,221009,119538,492378,Rejected,0
4,Graduate,No,364780,2975458,24,743,2247287,686763,500567,415071,Rejected,0
0,Not Graduate,No,941482,1132598,24,744,682006,632040,124268,354163,Approved,1088661
0,Not Graduate,No,834916,3147545,36,369,1640189,379111,207068,269940,Rejected,0
4,Graduate,No,888154,850700,6,543,669454,86412,206773,136518,Rejected,0
5,Graduate,No,743115,1502755,24,723,1454274,3137367,985246,626342,Rejected,0
5,Graduate,No,513197,2525165,36,304,680575,204087,37894,136298,Rejected,0
1,Graduate,No,404339,894304,6,360,1110758,630456,2175362,631081,Rejected,0
0,Graduate,Yes,615549,4577046,36,686,903481,268882,151224,322141,Rejected,0
5,Graduate,No,1443727,4443781,12,639,825345,1218543,270136,204923,Rejected,0
3,Not Graduate,Yes,1023091,2424242,48,724,1404874,362145,426279,1070032,Rejected,0
1,Not Graduate,No,866402,2890275,48,580,243561,263863,396333,145053,Rejected,0
4,Not Graduate,No,508021,1528872,48,842,388138,829225,614536,250929,Approved,1422688
5,Not Graduate,No,732704,1139011,36,375,2740799,169600,504012,267898,Rejected,0
1,Graduate,No,1349962,4809094,36,392,1675437,351891,1694645,444152,Rejected,0
4,Not Graduate,No,1187999,2125312,24,681,871918,899030,558715,260496,Rejected,0
4,Graduate,No,692242,4772538,24,815,3113952,1799788,271517,1112834,Approved,3798350
3,Graduate,No,214032,428748,12,313,928748,220646,187489,153171,Rejected,0
3,Graduate,No,620936,622732,48,725,971120,297312,183416,6983162,Rejected,0
1,Graduate,No,690153,2429343,6,884,833540,674469,900581,190628,Approved,2069170
5,Not Graduate,Yes,546474,3931343,24,638,6267824,91542,1333689,3167105,Rejected,0
5,Not Graduate,Yes,717052,2177065,36,799,1789241,1585395,704345,859709,Approved,2028421
5,Graduate,Yes,1410215,4215308,36,457,1737154,213799,20369,370281,Rejected,0
4,Graduate,No,881726,750358,24,783,2128177,344747,44421,468767,Approved,538795
0,Not Graduate,Yes,1551112,4295251,24,575,373788,624109,298078,306842,Rejected,0
2,Graduate,No,392600,2277424,36,479,960750,522257,260367,509997,Rejected,0
2,Not Graduate,No,760982,1496684,60,419,2110037,220420,305120,238783,Rejected,0
5,Not Graduate,No,309802,3233709,36,812,1495385,2159967,869365,657049,Rejected,0
3,Graduate,Yes,711786,3914916,24,731,7842276,56022,833296,454348,Rejected,0
3,Graduate,No,506378,4649604,48,773,1004080,192655,348089,200098,Rejected,0
0,Graduate,No,1820896,529118,12,722,3043026,291008,82145,539405,Approved,393596
4,Graduate,No,1127476,3545608,24,453,2745514,223042,105526,516595,Rejected,0
2,Graduate,Yes,1572703,1641106,12,415,1669595,1409836,317697,242129,Rejected,0
0,Graduate,No,710702,2561933,24,689,1913182,122121,427554,296507,Rejected,0
5,Graduate,Yes,513654,2363056,36,451,1206610,1878919,106599,572610,Rejected,0
1,Graduate,Yes,504736,3873251,36,689,341499,394727,525960,858324,Rejected,0
0,Graduate,No,1041468,2052359,48,841,1949071,157245,67644,362088,Approved,1771747
0,Not Graduate,Yes,2435686,1471683,36,750,2068423,83834,31190,767335,Approved,1356932
2,Graduate,Yes,1129133,2488281,18,583,2327278,416442,142583,905428,Rejected,0
0,Not Graduate,No,732360,3377030,36,846,1572690,275320,963802,996003,Approved,2831797
5,Graduate,No,811246,4247092,48,631,3105783,611325,1094141,535582,Rejected,0
3,Graduate,Yes,884639,124804,36,582,783466,340911,77330,212776,Rejected,0
1,Graduate,Yes,2743660,2885854,24,876,4512069,1126691,82522,746483,Approved,2698885
0,Not Graduate,Yes,1773800,455500,36,501,715001,442965,572823,349843,Rejected,0
2,Graduate,No,1038333,3137914,36,424,1383457,348726,206272,570218,Rejected,0
0,Graduate,Yes,955990,3158902,24,383,2499574,1143529,958338,257536,Rejected,0
5,Graduate,No,1061076,4289532,60,676,1019437,607014,564954,262787,Rejected,0
1,Not Graduate,No,1181153,1043493,18,606,2630618,965885,653745,244812,Rejected,0
2,Graduate,Yes,717043,3993340,6,765,1159949,1327390,149185,158219,Rejected,0
0,Graduate,No,565749,3474775,48,388,1638965,389505,437476,265268,Rejected,0
0,Not Graduate,Yes,1587818,3359220,48,491,1309465,516522,1665213,194104,Rejected,0
1,Graduate,Yes,910947,3220091,36,372,973218,1024379,338557,594577,Rejected,0
0,Graduate,Yes,1516553,2793355,36,485,8115465,62274,288741,189815,Rejected,0
4,Not Graduate,No,2225601,411967,60,877,799039,458567,207150,250351,Approved,294311
5,Graduate,No,1198388,4084302,24,838,270058,413010,76872,400892,Rejected,0
5,Graduate,No,1096191,2023234,24,598,820975,687150,117881,1422488,Rejected,0
1,Graduate,No,5231893,611961,36,359,1655225,253070,140574,246409,Rejected,0
4,Graduate,No,1008537,3103711,24,897,1130687,1268688,74153,152004,Approved,2896057
3,Not Graduate,No,494029,4741502,36,394,3220050,267070,80788,159679,Rejected,0
0,Graduate,Yes,771025,3596060,60,360,3133351,338473,37443,218988,Rejected,0
0,Graduate,No,2112910,1305371,18,546,1181366,284252,154261,252568,Rejected,0
3,Graduate,No,441688,4098813,12,865,424771,1422267,532585,2007586,Approved,3589688
2,Not Graduate,No,594988,4248490,24,779,572984,84933,229234,786967,Rejected,0
0,Not Graduate,No,1653963,1719170,36,516,1464206,2283480,230119,320843,Rejected,0
5,Graduate,No,775109,2661980,48,573,463978,1749304,575675,1463318,Rejected,0
4,Not Graduate,Yes,847050,4199909,60,336,1138400,309350,1260675,260514,Rejected,0
3,Graduate,Yes,1624166,871722,36,462,4355512,1196904,2071676,299941,Rejected,0
5,Not Graduate,No,606766,1835847,60,702,1939810,558461,339209,287608,Rejected,0
5,Graduate,No,401282,2336157,18,552,1552266,2037712,236099,820782,Rejected,0
5,Graduate,No,419267,134235,18,888,687211,1121771,211170,380880,Approved,132741
1,Not Graduate,No,1239389,918427,24,567,1719044,3225299,495865,1148937,Rejected,0
5,Not Graduate,No,1037861,3089029,48,808,1235619,132527,262676,542000,Rejected,0
3,Graduate,No,614914,1391237,18,736,1793991,588309,263476,755778,Approved,1321229
4,Graduate,No,475829,1284176,18,605,2587749,115483,278741,112188,Rejected,0
5,Not Graduate,Yes,775555,1550897,24,822,2941907,321726,134689,121761,Approved,1534388
0,Graduate,No,1663168,709468,24,823,1652242,3383997,41323,124599,Approved,605065
2,Graduate,No,568326,3220606,36,493,2202091,744400,169853,296423,Rejected,0
0,Graduate,No,625104,1365953,60,467,1021712,1154552,1035500,136220,Rejected,0
1,Graduate,Yes,467598,3293097,12,725,3507460,773910,994945,953070,Rejected,0
2,Graduate,No,735329,4156779,36,316,771146,733260,666872,347941,Rejected,0
5,Graduate,No,1083919,2445610,12,721,1283851,320734,197179,615358,Rejected,0
5,Not Graduate,No,2880554,4578607,18,561,3792132,273763,153216,283404,Rejected,0
2,Graduate,No,1014524,1061863,24,760,1045210,313508,1193553,712533,Approved,770114
1,Not Graduate,No,873818,4812314,36,378,548744,49096,119477,101079,Rejected,0
3,Not Graduate,No,1446656,1677246,36,645,1102304,466322,310217,386542,Rejected,0
5,Not Graduate,No,1319903,1583869,36,622,4259986,613071,1261242,567913,Rejected,0
5,Graduate,No,655030,4899530,48,308,273190,295382,333331,602427,Rejected,0
1,Graduate,Yes,3192399,2334051,18,615,1619731,447434,233767,320246,Rejected,0
1,Graduate,No,888011,3762668,48,694,932359,781253,804037,120755,Rejected,0
4,Graduate,No,1024952,4032378,36,543,1322785,1060706,318937,811895,Rejected,0
1,Not Graduate,No,1218818,2296331,12,667,1154950,180633,354436,303953,Rejected,0
1,Not Graduate,Yes,1088575,1657723,24,496,3082767,254436,1087121,323014,Rejected,0
0,Graduate,No,2082581,2507568,6,667,1561772,948255,34487,1891094,Rejected,0
2,Graduate,No,650632,1987201,12,446,3200689,824902,406993,427984,Rejected,0
2,Not Graduate,No,1384722,2140445,24,469,3929702,1567672,156399,278168,Rejected,0
3,Graduate,No,985262,1262645,18,342,1534014,1513371,251550,266745,Rejected,0
1,Not Graduate,No,1545175,4582768,60,358,1145501,3894226,330232,628342,Rejected,0
4,Graduate,No,799633,2904600,60,380,1990435,389848,168955,225169,Rejected,0
4,Not Graduate,No,742235,4003288,36,413,2300451,1912923,364318,572297,Rejected,0
2,Not Graduate,No,1346192,3330407,48,731,631597,228742,416273,864719,Rejected,0
1,Graduate,No,1095856,1829663,60,429,1790532,3825915,356637,376026,Rejected,0
3,Graduate,No,573199,1660353,24,513,1240228,735905,329799,798667,Rejected,0
4,Not Graduate,No,1886506,4913548,36,404,1094397,792605,271462,381181,Rejected,0
2,Graduate,No,1346515,218729,36,554,893380,1159849,276038,247212,Rejected,0
1,Graduate,No,864008,1544975,60,446,938169,157993,320944,124744,Rejected,0
3,Graduate,No,695665,3705949,48,497,3846623,200551,134657,484948,Rejected,0
2,Graduate,No,1099562,2774688,12,341,1141646,551659,883050,492121,Rejected,0
2,Not Graduate,Yes,1294218,3121327,48,603,3537018,670799,277643,795035,Rejected,0
2,Graduate,Yes,374523,205645,24,461,1654891,2935928,212919,743177,Rejected,0
1,Graduate,Yes,1106569,1173094,24,691,641420,223138,419998,1700403,Rejected,0
4,Not Graduate,No,1288585,3037142,36,899,1730726,1851538,272134,266332,Approved,2786187
2,Graduate,No,246793,1641773,36,591,615405,398958,862653,513166,Rejected,0
2,Graduate,No,1002547,2405158,18,607,2365110,394261,641791,247185,Rejected,0
3,Not Graduate,No,1318737,4789857,24,799,1283557,434998,324661,767018,Rejected,0
2,Not Graduate,No,1238774,3226923,48,506,2848668,385724,666380,209062,Rejected,0
0,Graduate,No,1399320,1062614,18,384,4395690,756094,366413,758286,Rejected,0
5,Not Graduate,No,751622,3017841,48,733,408181,357418,112481,238863,Rejected,0
0,Graduate,No,507982,4804204,36,690,1061418,150765,639170,684045,Rejected,0
3,Graduate,No,334466,3234485,36,582,605543,398206,59645,930750,Rejected,0
1,Not Graduate,Yes,1641093,3947091,12,532,7569757,737120,15096,134774,Rejected,0
1,Not Graduate,Yes,1324885,4776779,60,317,1078133,151810,542984,155778,Rejected,0
0,Graduate,No,1711394,4516241,60,634,559412,819885,437384,471491,Rejected,0
5,Graduate,No,603996,1765309,18,628,8050378,1363827,413237,437634,Rejected,0
2,Graduate,Yes,1400388,1548247,36,609,870150,1759085,977410,326017,Rejected,0
2,Graduate,No,393830,1476488,48,482,444444,666222,293763,286598,Rejected,0
4,Not Graduate,Yes,557896,3874197,12,391,629182,107841,217515,219824,Rejected,0
0,Not Graduate,Yes,964570,1946038,36,643,1670058,867040,590474,504321,Rejected,0
3,Graduate,No,1296157,4130345,60,672,1552359,1137631,163540,203643,Rejected,0
2,Graduate,No,2266182,4024651,36,404,801286,276595,245032,516841,Rejected,0
3,Graduate,No,788679,3363001,60,372,1042560,470045,371842,267575,Rejected,0
0,Graduate,No,559046,692698,6,590,1560921,754208,397996,297551,Rejected,0
5,Not Graduate,No,543464,3588105,60,328,4048715,2284219,226040,936837,Rejected,0
1,Graduate,No,616513,1113441,60,416,1925960,402275,197725,780241,Rejected,0
4,Graduate,No,3053243,2807857,18,682,983233,1066541,115798,199066,Rejected,0
4,Graduate,No,1364680,1218403,24,479,1263829,654231,153651,217114,Rejected,0
2,Not Graduate,Yes,1659526,403912,36,576,2671787,592364,1408116,689487,Rejected,0
0,Graduate,No,789147,3218249,60,712,5288398,1549220,239378,146608,Rejected,0
1,Graduate,Yes,899184,2311573,18,406,655084,246632,352357,1106838,Rejected,0
4,Graduate,No,1322118,3243757,24,436,3459234,608169,84453,439691,Rejected,0
5,Graduate,No,681438,2503626,48,478,1186350,511688,2650522,266857,Rejected,0
5,Graduate,Yes,766761,1922243,24,550,443656,138896,144248,402950,Rejected,0
1,Graduate,No,620985,176352,36,636,382430,1425537,110495,1037142,Rejected,0
3,Graduate,No,703645,1453342,36,343,4079996,1011584,284797,89988,Rejected,0
0,Graduate,No,924574,4414724,60,584,4461491,514608,140495,820471,Rejected,0
4,Not Graduate,Yes,572753,3797795,12,712,978879,400389,409123,923017,Rejected,0
2,Graduate,Yes,1053300,2372970,60,811,1279356,500094,83004,319524,Approved,2065411
4,Graduate,No,1052491,255460,36,623,394040,912213,788612,380451,Rejected,0
4,Graduate,No,815505,4926352,60,676,2656464,522993,666915,440089,Rejected,0
5,Not Graduate,No,570944,3719815,12,789,1468409,283506,271213,668433,Rejected,0
2,Not Graduate,No,953486,208400,36,737,468255,322174,73449,240003,Approved,197304
2,Not Graduate,No,681773,1130342,48,621,1748959,494874,150410,395957,Rejected,0
3,Graduate,No,923362,933318,48,640,529082,226310,316375,372988,Rejected,0
0,Graduate,No,1646430,4523608,6,897,2278660,663768,107216,643329,Approved,3549337
0,Graduate,Yes,451817,4776398,36,754,665884,254817,123117,2602582,Rejected,0
3,Graduate,No,2974444,2127097,12,444,1931442,222165,731931,239308,Rejected,0
4,Graduate,No,864807,971559,18,572,919147,7545981,342223,422695,Rejected,0
3,Graduate,No,1128795,3247255,48,746,254410,2600559,333157,234839,Rejected,0
4,Graduate,Yes,594893,1435619,60,613,3166371,565077,469714,284087,Rejected,0
1,Graduate,Yes,1686838,692749,36,559,3299153,1030678,261003,188349,Rejected,0
2,Graduate,No,839915,1369088,12,665,1014228,1190840,285203,137020,Rejected,0
3,Graduate,No,724607,1344033,18,525,1842796,468943,442027,915492,Rejected,0
2,Not Graduate,No,655804,362942,24,707,2083603,635842,596702,513227,Approved,306860
0,Graduate,Yes,776444,3532982,12,739,2134713,400119,458138,426869,Rejected,0
0,Not Graduate,No,1132843,1825684,48,839,5472108,1453788,1038064,216956,Approved,1329577
5,Graduate,No,989738,2796742,18,874,2050459,1470895,306347,379551,Approved,2261008
3,Not Graduate,No,880484,2797488,12,727,1147083,1886048,95458,178041,Rejected,0
1,Not Graduate,Yes,608571,3875339,48,754,2067628,626850,756583,392440,Rejected,0
1,Graduate,No,589544,3835321,12,764,1086546,3156573,243583,505262,Rejected,0
0,Not Graduate,No,698485,2860672,24,498,674556,468581,156084,273613,Rejected,0
5,Graduate,No,1159271,4206437,36,850,3744434,2848361,549649,235497,Approved,2977842
0,Graduate,No,1295481,2889723,12,606,2239126,337243,411142,283398,Rejected,0
4,Not Graduate,No,1395167,228315,36,821,371298,165966,101175,707571,Approved,215167
1,Graduate,No,899274,4305469,36,430,898271,2802438,530499,460633,Rejected,0
2,Graduate,No,1111376,3870700,36,486,2647712,876493,1475795,129882,Rejected,0
1,Graduate,No,820363,2180981,18,672,464217,777328,394989,663738,Rejected,0
4,Graduate,No,345202,1993695,24,647,852796,368042,241296,585077,Rejected,0
0,Graduate,Yes,799219,4485720,36,541,11040798,243772,72596,455972,Rejected,0
2,Graduate,No,732135,2186413,6,432,1170174,264250,1715257,1265719,Rejected,0
1,Graduate,No,508223,1923855,12,437,3378681,562490,193324,406729,Rejected,0
1,Graduate,Yes,658739,3688838,24,736,4621944,440072,90649,540765,Rejected,0
1,Graduate,Yes,969417,1710111,12,312,758883,96074,329640,555604,Rejected,0
5,Graduate,No,482562,2079185,6,371,1831690,2109705,706833,739264,Rejected,0
2,Not Graduate,No,608784,3919165,60,856,7025739,349972,857748,342222,Approved,2944207
2,Graduate,No,2108519,1194083,36,888,2117230,1432614,169423,254697,Approved,1023019
2,Graduate,Yes,372749,156577,36,347,8842805,274460,275899,790459,Rejected,0
5,Not Graduate,No,813743,1749220,24,385,930341,570335,300105,762348,Rejected,0
2,Not Graduate,No,473866,943741,6,497,5773554,1142613,688047,976377,Rejected,0
2,Graduate,No,595258,1872690,48,652,1518876,1016176,496554,535051,Rejected,0
1,Graduate,No,807255,451652,48,414,1173341,398155,377592,126133,Rejected,0
1,Not Graduate,No,522815,2987933,60,890,2424186,770861,652875,448685,Approved,2727019
0,Not Graduate,No,1234050,2609315,6,596,1379707,888170,94257,409546,Rejected,0
3,Graduate,Yes,1892261,1434235,12,622,1407815,440922,429030,945846,Rejected,0
0,Graduate,No,1429840,3177548,48,417,2158384,194017,362179,839131,Rejected,0
1,Graduate,No,1581188,808220,24,484,386611,294043,287516,614268,Rejected,0
1,Graduate,No,421382,150842,12,742,824048,362224,242635,93725,Approved,120549
1,Not Graduate,Yes,787376,2436612,24,680,2579118,511199,336235,224549,Rejected,0
4,Not Graduate,Yes,1163836,891171,12,435,3155393,1935520,184772,309967,Rejected,0
3,Graduate,No,1453238,4294226,48,565,1960865,1081353,3047206,314979,Rejected,0
5,Graduate,Yes,2360760,1582452,60,411,1844795,249873,952329,449563,Rejected,0
2,Not Graduate,No,1620300,2201006,36,544,2028348,2381896,759573,1127331,Rejected,0
5,Graduate,No,1473600,1541709,24,430,3076566,467595,191245,690175,Rejected,0
0,Not Graduate,Yes,3830966,2224656,48,888,514682,885410,132976,210222,Approved,1666557
3,Graduate,Yes,948958,575950,36,478,1023635,225083,250541,223944,Rejected,0
4,Graduate,No,767710,4675874,48,584,1418561,340429,330570,210223,Rejected,0
3,Graduate,No,992217,946952,36,685,1737257,1208162,87589,368587,Rejected,0
5,Graduate,No,544091,2038164,60,324,308275,236883,451133,702995,Rejected,0
1,Not Graduate,No,934109,4250554,24,425,584160,524006,752657,785466,Rejected,0
0,Graduate,Yes,348147,2189809,36,894,1481374,746117,44856,307389,Approved,1978940
4,Graduate,Yes,672606,3532848,48,718,3206951,209581,139557,391649,Rejected,0
0,Graduate,Yes,844683,435079,60,445,1095472,110355,851876,1291282,Rejected,0
4,Graduate,No,1517310,1550862,60,558,909644,1081263,412259,141467,Rejected,0
4,Graduate,No,1658211,3823373,24,815,2229922,5701493,143654,625179,Approved,2784699
5,Not Graduate,No,529750,1390696,36,418,1172821,738517,560506,579653,Rejected,0
2,Graduate,Yes,2819213,2128302,24,479,2904145,869348,181037,324996,Rejected,0
5,Graduate,No,976525,492976,36,444,1270577,235838,245447,394868,Rejected,0
1,Graduate,No,1027023,2572363,18,699,649893,1743817,113947,536796,Rejected,0
2,Graduate,No,369689,1809639,24,616,4353205,362983,304344,325472,Rejected,0
0,Graduate,No,639933,4315958,60,600,3793962,1344487,712831,255991,Rejected,0
4,Graduate,Yes,1603266,2050541,48,527,732608,837827,199917,242845,Rejected,0
4,Graduate,No,988089,4153213,36,497,2018274,855384,519269,1472890,Rejected,0
4,Not Graduate,No,954982,4530491,12,608,1174054,827922,287539,293906,Rejected,0
4,Not Graduate,No,1019777,4211178,24,780,2386346,805794,750649,460545,Rejected,0
1,Not Graduate,Yes,406926,3741267,12,788,777788,636185,202391,693077,Rejected,0
0,Graduate,No,853427,2961360,12,771,2884486,1139656,1125012,344956,Rejected,0
5,Graduate,No,1952716,2447853,60,327,3675462,269742,535464,410148,Rejected,0
2,Not Graduate,No,1636122,498248,36,594,737092,408140,369146,568719,Rejected,0
0,Graduate,Yes,840112,760800,12,536,1578129,1741467,380777,220945,Rejected,0
5,Graduate,No,2126882,1963005,48,862,3733846,579160,202056,136449,Approved,1644911
5,Graduate,No,450289,3315192,12,549,707826,379009,191300,239857,Rejected,0
2,Not Graduate,No,527401,124380,24,448,908323,1205015,374895,1341296,Rejected,0
4,Graduate,No,2508367,4686461,18,450,2463957,1018845,108295,267429,Rejected,0
0,Graduate,Yes,1236797,4964449,18,417,1329693,165631,179890,438307,Rejected,0
0,Graduate,Yes,767783,482419,36,565,460247,929875,135249,158127,Rejected,0
1,Graduate,No,873030,572332,48,458,1179747,561912,487763,1023482,Rejected,0
3,Not Graduate,No,577523,4258178,36,640,5558318,915733,494109,323987,Rejected,0
0,Graduate,No,1047876,1079352,48,438,7047207,504570,881329,290907,Rejected,0
0,Graduate,No,1003208,982561,60,651,930206,741937,225727,364331,Rejected,0
4,Not Graduate,No,909897,1017380,48,670,756153,105452,150985,2322944,Rejected,0
4,Not Graduate,No,475577,3536277,60,702,1063916,233671,86046,544863,Rejected,0
4,Graduate,No,1041077,749907,60,830,5794391,937948,377696,358421,Approved,741608
4,Not Graduate,No,672609,1000894,48,346,2820842,4641668,983441,53170,Rejected,0
4,Graduate,Yes,523275,2048589,24,331,4497533,683203,281565,1031285,Rejected,0
3,Not Graduate,No,1806422,3040067,18,576,3172362,277473,306868,245929,Rejected,0
3,Graduate,No,2968291,4951542,48,610,557631,560992,298420,220216,Rejected,0
5,Graduate,No,2619754,1264360,48,755,736261,233971,372297,234438,Approved,1066267
2,Graduate,No,1286862,1348924,48,436,889883,1446581,700136,1115414,Rejected,0
0,Graduate,No,777686,2754321,36,573,1014082,520857,1533170,388367,Rejected,0
4,Graduate,No,865839,2146881,48,667,901888,1223945,458217,137830,Rejected,0
1,Graduate,No,1124930,3040774,48,694,984119,438856,484643,346738,Rejected,0
5,Graduate,No,714268,1307696,36,626,2425003,1319852,244792,223495,Rejected,0
2,Graduate,Yes,1858900,3130750,6,654,1660822,125782,273730,514473,Rejected,0
5,Graduate,Yes,293755,4634823,36,398,3744540,510512,270608,305201,Rejected,0
0,Not Graduate,No,764900,3445715,6,579,1811842,790969,219765,133347,Rejected,0
3,Graduate,No,1398260,3701965,12,625,903262,398023,334347,377557,Rejected,0
2,Not Graduate,No,565413,438244,36,347,1727735,678708,510263,384409,Rejected,0
2,Graduate,No,788642,4521191,6,882,482865,668991,316653,166338,Approved,3227674
1,Graduate,No,1247502,3546598,60,680,264897,1219403,236356,101435,Rejected,0
5,Graduate,No,2074432,3172928,36,731,2429959,848021,333913,487502,Rejected,0
2,Graduate,Yes,441743,857529,36,621,3219409,698264,132675,328657,Rejected,0
5,Graduate,No,424093,2813388,12,859,1583381,1055904,593847,344068,Rejected,0
2,Not Graduate,Yes,534899,3417459,48,303,1118497,158304,211156,674214,Rejected,0
0,Graduate,Yes,386352,3155317,36,875,548297,263765,112399,102965,Rejected,0
5,Not Graduate,Yes,401773,707784,36,424,3599010,154029,444196,417246,Rejected,0
1,Graduate,Yes,527122,301367,36,831,2170294,797052,463338,636045,Approved,288147
1,Graduate,Yes,1773688,2449132,36,336,1866090,710771,144437,351993,Rejected,0
5,Graduate,No,758052,3614541,36,488,1494583,1623126,509697,148437,Rejected,0
5,Not Graduate,No,915665,1995165,48,642,1054732,674198,514192,251863,Rejected,0
5,Graduate,Yes,532131,3469168,48,695,650836,292265,1607493,291616,Rejected,0
2,Graduate,No,1275177,4839998,24,309,1813019,560320,245675,132447,Rejected,0
4,Graduate,No,2525173,4458475,60,515,1001573,101545,286450,518752,Rejected,0
1,Graduate,No,552359,3190965,24,806,1091436,353405,179111,400898,Rejected,0
4,Not Graduate,No,2323910,3668229,24,410,5440383,68004,456417,255038,Rejected,0
3,Not Graduate,Yes,1099739,532209,24,869,1446876,661064,298828,797380,Approved,423260
0,Not Graduate,No,908386,517528,24,726,238294,394336,694729,277571,Rejected,0
2,Not Graduate,No,1121545,3534344,24,886,1003879,446828,207457,1127094,Approved,3461524
2,Not Graduate,No,1115641,4025014,48,842,707779,226504,448030,331363,Approved,3596522
1,Graduate,No,2499391,1051278,36,436,1351277,283179,245087,205056,Rejected,0
2,Graduate,No,1198129,3002783,60,865,515376,900844,62657,209436,Approved,2189164
3,Graduate,No,1211972,1502137,12,597,2076510,147518,511638,426333,Rejected,0
0,Graduate,No,713776,631857,36,455,1201313,768502,67893,189071,Rejected,0
0,Graduate,No,1427796,1954371,12,835,1049885,250904,261968,442546,Approved,1613988
4,Graduate,Yes,531726,2294098,36,582,1678128,119792,265468,302204,Rejected,0
2,Not Graduate,Yes,955607,3903505,24,713,1416193,1417997,297873,297391,Rejected,0
3,Not Graduate,Yes,4394903,4336170,36,666,1355855,1547524,312310,388512,Rejected,0
3,Graduate,Yes,227032,4725997,48,479,1267853,316101,309708,808146,Rejected,0
3,Not Graduate,No,1023134,611887,18,890,1477320,313477,408460,273518,Approved,562208
2,Graduate,No,1045016,4629243,18,801,1940309,403980,273516,455026,Rejected,0
2,Graduate,Yes,793891,2637175,24,618,1766399,251151,2771448,545921,Rejected,0
4,Graduate,No,804249,936349,18,644,3492524,291733,224247,171498,Rejected,0
5,Graduate,Yes,946405,3272044,36,341,995458,733010,106119,576744,Rejected,0
1,Graduate,No,783517,396026,36,738,1793304,2914396,90493,707849,Approved,353213
4,Graduate,No,1016869,2362038,48,846,9393723,369853,524949,786635,Approved,2264405
5,Graduate,No,688289,4159812,60,882,1454628,1193024,77548,184074,Rejected,0
0,Graduate,No,2737255,4859147,24,636,1497550,674901,107286,193303,Rejected,0
4,Not Graduate,No,783513,1512269,60,899,581541,120688,94925,385068,Approved,1095482
2,Graduate,No,1231122,955276,48,779,878585,489722,442461,370033,Approved,772650
5,Graduate,No,622924,2955848,12,603,1384987,440127,929720,405445,Rejected,0
3,Graduate,No,1503609,870926,48,781,2237939,1736220,134482,311636,Approved,737237
5,Graduate,No,1347225,4895275,36,394,2440828,1797206,429455,455568,Rejected,0
0,Graduate,No,1133412,1706114,48,706,1915868,688757,31893,66928,Rejected,0
0,Graduate,No,511507,1013468,48,672,2741592,1403506,159294,634046,Approved,929620
5,Graduate,Yes,595007,1266714,60,596,708899,441511,500639,1120785,Rejected,0
3,Graduate,Yes,2275124,1936794,48,686,2164420,1294734,230056,271600,Rejected,0
3,Not Graduate,Yes,591395,3734004,48,812,1515098,544515,698341,460869,Approved,3609372
1,Graduate,No,1280353,4351235,24,643,1647299,1271092,44951,1297161,Rejected,0
1,Graduate,No,535299,3708245,60,527,1143080,1385903,160622,409480,Rejected,0
4,Graduate,Yes,1567137,3284905,36,553,733955,919280,440811,495349,Rejected,0
1,Graduate,No,617004,1423689,48,641,602963,266203,436133,1451940,Rejected,0
3,Graduate,No,529875,4694010,60,649,1907835,349725,465530,1663975,Rejected,0
1,Graduate,No,608262,4998599,12,488,2178973,947688,357869,190362,Rejected,0
1,Graduate,Yes,663682,3195425,24,620,1361092,1068541,113440,299891,Rejected,0
0,Not Graduate,Yes,1124355,3937073,48,472,1483427,572058,154707,747681,Rejected,0
5,Graduate,No,935009,1587493,60,867,873984,383431,2148896,566482,Approved,1151803
5,Graduate,No,492778,2291535,48,621,2187505,588330,102854,655694,Rejected,0
0,Graduate,No,886272,4045032,36,803,1569778,394612,90066,63839,Rejected,0
2,Graduate,No,479848,2178523,24,528,1140258,396483,534692,101875,Rejected,0
3,Not Graduate,No,1282224,3820393,36,536,2872055,2645556,121925,1394673,Rejected,0
2,Not Graduate,No,1418268,4313364,24,473,2433255,333767,1376314,687579,Rejected,0
4,Not Graduate,No,888224,4674733,60,643,474053,769875,3065794,512353,Rejected,0
1,Graduate,No,1045033,1528959,36,670,1556326,569406,244443,167647,Rejected,0
0,Graduate,Yes,2359165,2433218,24,640,731095,176275,390261,299158,Rejected,0
2,Graduate,No,825272,1990487,36,803,1665468,171185,63613,595988,Approved,1832621
3,Graduate,Yes,535421,2563913,60,606,141081,466687,721006,151913,Rejected,0
1,Graduate,No,1237628,3739338,36,793,1739022,95089,44743,244151,Approved,3096977
4,Graduate,Yes,482719,1686733,18,334,2558581,2369544,96080,520216,Rejected,0
0,Graduate,No,801578,1241645,36,516,1380398,367688,331818,604429,Rejected,0
0,Graduate,No,647391,1416916,36,728,626207,343057,477847,277364,Rejected,0
3,Graduate,Yes,611793,3853814,24,530,6506117,1414049,84985,795565,Rejected,0
3,Graduate,Yes,784343,4982987,48,739,3569536,443633,189167,777675,Rejected,0
1,Not Graduate,No,1476360,605303,24,655,1007195,869566,73072,114039,Rejected,0
1,Graduate,Yes,1653274,4888553,36,590,1233305,307327,229135,1258959,Rejected,0
0,Graduate,No,1497883,257456,24,635,339491,519687,151888,905019,Rejected,0
3,Not Graduate,No,1082891,2695268,36,841,2139379,1138896,174765,462230,Approved,1893095
2,Graduate,Yes,781059,755583,36,707,537158,240343,521817,363346,Rejected,0
0,Graduate,No,246064,4779920,36,891,2472523,783039,381121,695065,Rejected,0
2,Not Graduate,No,1101698,3833369,12,357,3237889,64108,483374,581184,Rejected,0
5,Graduate,Yes,256919,1845162,24,788,1423000,1465992,268798,330755,Rejected,0
1,Graduate,Yes,312481,3463377,48,835,675113,311579,551794,1231335,Rejected,0
5,Not Graduate,No,823429,4264973,60,857,3827561,464889,291183,91668,Approved,4066162
1,Not Graduate,No,1040974,1165659,6,624,1502443,460056,197572,251147,Rejected,0
1,Not Graduate,No,702256,3210854,12,592,1608632,218324,487245,547252,Rejected,0
1,Not Graduate,No,2094221,1568341,60,650,745884,204532,209322,385674,Rejected,0
1,Graduate,No,1160436,3613624,12,849,1733696,778797,226720,652739,Approved,2714243
0,Not Graduate,No,784636,2880857,60,820,1288245,810534,743829,150689,Approved,2839282
3,Graduate,No,1929209,3619195,48,861,553828,235598,686604,334740,Approved,2830028
2,Not Graduate,No,2128573,3219984,12,882,4097837,791961,233041,894909,Approved,2451981
4,Not Graduate,Yes,1193090,3215561,12,674,5611449,803372,629994,140593,Rejected,0
2,Not Graduate,No,587575,514548,60,455,3219148,362535,101224,338031,Rejected,0
2,Not Graduate,No,664973,4276408,24,390,2877984,166524,234193,275859,Rejected,0
2,Graduate,No,406136,940393,36,839,5636669,484296,158341,515851,Approved,935560
0,Graduate,No,879247,2020865,18,391,683753,681930,299554,526700,Rejected,0
4,Graduate,No,505158,2603986,36,342,677624,475598,560137,428133,Rejected,0
0,Graduate,No,750998,4261026,48,583,1099295,302170,481116,326545,Rejected,0
4,Not Graduate,No,1038700,3183253,36,746,1875464,743621,428576,418113,Rejected,0
5,Not Graduate,No,302280,998734,6,742,1204419,1465767,337191,356455,Approved,959793
4,Graduate,No,449141,1503193,36,452,698005,259785,261993,391013,Rejected,0
2,Graduate,No,681045,1079801,36,601,1506377,388115,832798,1109141,Rejected,0
1,Graduate,Yes,874371,2995774,18,837,1397494,5147566,80579,172411,Rejected,0
5,Graduate,No,685916,3614982,48,780,2819214,640242,170209,508072,Rejected,0
1,Graduate,No,775579,3574368,36,850,1550954,170344,425546,206848,Approved,3456951
2,Not Graduate,No,610325,3775637,6,762,359531,333173,1099358,1571772,Rejected,0
4,Graduate,No,405542,3539061,60,354,2002840,262756,223592,425736,Rejected,0
5,Not Graduate,No,670673,4521276,24,422,4912604,690864,240325,164672,Rejected,0
5,Graduate,No,800432,4542281,18,401,1532899,649483,100218,340061,Rejected,0
0,Not Graduate,No,758756,1445946,12,379,3144592,291079,189330,144059,Rejected,0
5,Graduate,Yes,957076,1591561,24,815,1026980,2422299,547728,256776,Rejected,0
0,Not Graduate,No,1133184,374740,24,724,2292807,537523,1148466,615535,Approved,288425
3,Graduate,No,1309426,1409794,24,849,858150,339420,233806,1037253,Approved,1341048
5,Not Graduate,No,635201,2586611,48,492,1246813,177089,152118,852305,Rejected,0
3,Not Graduate,No,378307,3327846,36,888,1254196,233704,318324,371687,Approved,2692207
5,Graduate,No,1811250,4389169,12,859,2144664,173380,76043,596157,Approved,3573590
2,Graduate,No,1112528,3010395,48,363,808437,425228,857505,704451,Rejected,0
1,Graduate,No,532366,4860183,48,821,499974,235660,105389,1931927,Rejected,0
1,Not Graduate,No,1048518,2810499,36,366,2134109,973594,391704,262088,Rejected,0
2,Graduate,No,1619369,4303349,60,571,2074788,304247,386808,1150599,Rejected,0
4,Graduate,Yes,2329577,4059737,24,408,1632039,1021246,511507,186240,Rejected,0
2,Graduate,Yes,1033008,2500787,12,648,3019621,759268,372798,913625,Rejected,0
4,Graduate,Yes,1611972,4374908,6,310,1288510,865485,300693,259046,Rejected,0
2,Not Graduate,No,462716,4330573,24,809,1852391,1071532,431856,247857,Rejected,0
1,Not Graduate,Yes,882402,1630836,36,586,1153760,2721485,609884,327736,Rejected,0
1,Not Graduate,No,748550,1148457,12,823,1235538,242975,1381286,232356,Approved,805743
3,Not Graduate,No,1086599,695074,36,560,1936007,1026292,117524,538993,Rejected,0
5,Not Graduate,No,2183210,4613732,60,634,8210569,701352,62840,943922,Rejected,0
5,Graduate,No,1032599,2266800,48,743,2617418,1234469,80554,91229,Approved,1831230
1,Not Graduate,No,537358,2877545,36,884,2263522,549378,64232,353981,Approved,2557708
2,Graduate,Yes,449216,1439263,36,524,2679271,1358610,108208,186956,Rejected,0
4,Graduate,No,2225137,2007881,48,613,257852,166792,97141,753721,Rejected,0
3,Not Graduate,No,1193901,2072449,36,494,1905698,212926,210581,1081113,Rejected,0
0,Graduate,No,1151522,2950042,24,324,2969283,308209,620569,353971,Rejected,0
3,Graduate,No,744969,958025,24,824,1598051,469220,510962,244484,Approved,764181
0,Graduate,Yes,1042856,3941641,12,638,1452205,520095,176776,129130,Rejected,0
0,Graduate,No,522992,2014518,36,523,741197,266556,190243,1564963,Rejected,0
3,Not Graduate,Yes,1113601,1276595,36,766,1083728,215372,1657296,1006985,Approved,1183885
0,Graduate,No,471640,171790,12,792,802795,286464,497378,100134,Approved,141520
2,Graduate,Yes,738622,599211,24,891,3174326,116944,347437,632890,Approved,523072
3,Graduate,No,631946,1419076,48,562,4626108,391386,332639,183639,Rejected,0
3,Graduate,Yes,150031,3692289,24,363,6402987,475783,234610,280198,Rejected,0
2,Graduate,Yes,743726,4288664,24,591,792922,727409,1646570,166923,Rejected,0
0,Graduate,Yes,548956,4767098,18,564,908606,576197,255293,98584,Rejected,0
4,Graduate,No,801657,1559412,18,424,854870,2296167,340592,387437,Rejected,0
5,Graduate,Yes,900853,3221193,48,652,698757,997374,73869,1507568,Rejected,0
5,Graduate,No,2379766,1414339,12,548,707266,935728,174665,209189,Rejected,0
4,Graduate,No,1064206,798659,24,829,1019023,681710,187855,746494,Approved,755871
2,Not Graduate,No,1081557,2760388,60,328,2890193,788375,453562,833197,Rejected,0
5,Graduate,Yes,1182023,3252588,36,730,875543,414461,155220,662943,Rejected,0
2,Graduate,No,1453732,3828023,36,661,3304467,544183,312576,1618062,Rejected,0
0,Not Graduate,No,1155454,671497,36,438,4183156,2560433,179178,780636,Rejected,0
5,Graduate,Yes,1050831,3760295,18,511,1857604,471096,117712,1414771,Rejected,0
1,Graduate,Yes,1330860,1587271,24,816,3770898,161180,113714,179203,Approved,1410806
5,Not Graduate,Yes,236926,1463872,24,518,540381,904059,258888,673990,Rejected,0
2,Graduate,No,2839471,254828,18,699,986912,1052092,327467,1151815,Approved,206995
5,Not Graduate,Yes,2157588,1101642,18,608,1728973,570181,254453,233006,Rejected,0
3,Not Graduate,No,1014164,2488758,36,837,1773386,101293,147798,34853,Approved,1909977
2,Not Graduate,No,413741,1026848,12,697,4381493,1492523,266851,164734,Rejected,0
1,Not Graduate,Yes,1751254,1674635,12,801,709164,607911,228030,240838,Approved,1221136
5,Graduate,No,614472,2697465,36,843,1002752,384094,123742,592465,Approved,2538691
0,Not Graduate,Yes,1207138,577857,24,377,1407377,1372595,321953,269067,Rejected,0
2,Graduate,Yes,444432,4387970,36,801,1016638,89449,1397668,400875,Rejected,0
2,Graduate,No,3062291,1614234,6,877,686256,549875,264182,262023,Approved,1393372
3,Graduate,Yes,407148,3820249,48,321,1049226,315745,86649,365580,Rejected,0
1,Graduate,Yes,934804,3273094,48,573,1247723,1777445,1045286,381880,Rejected,0
3,Graduate,No,280113,3781523,36,453,4442083,614653,873349,256929,Rejected,0
2,Graduate,No,879824,1516499,48,890,697880,239763,1013769,710765,Approved,1159439
1,Graduate,No,712292,943325,24,511,2764483,1315678,289425,1051197,Rejected,0
1,Graduate,Yes,1682180,801053,12,412,3894505,61833,154125,178977,Rejected,0
4,Not Graduate,No,712255,1224174,24,357,1021242,769949,140430,465721,Rejected,0
1,Graduate,No,1683513,2769508,24,776,1822820,170854,791415,147053,Approved,2182058
1,Not Graduate,Yes,512412,3159011,60,335,2310392,337490,1174714,117279,Rejected,0
3,Not Graduate,No,770713,3790814,24,483,2041569,407497,137204,826371,Rejected,0
1,Not Graduate,Yes,779259,4822738,24,633,1595317,1083773,35223,1630511,Rejected,0
2,Graduate,No,1182006,4167693,60,326,901537,3253569,295499,317859,Rejected,0
1,Not Graduate,No,1102131,1849131,24,405,2465285,110166,139096,1443423,Rejected,0
2,Not Graduate,No,1338920,2413276,36,897,1132720,730673,164450,254099,Approved,2147312
4,Not Graduate,No,1042265,4779129,24,575,1532581,3250928,245009,339450,Rejected,0
3,Not Graduate,No,1294808,3584255,60,482,1711429,307237,425036,1285470,Rejected,0
5,Graduate,Yes,549259,2141994,18,822,2850393,291447,154464,211157,Approved,1738553
4,Graduate,No,1114581,4183306,48,348,6368863,611040,336786,759864,Rejected,0
0,Not Graduate,Yes,2179625,767210,36,458,862540,1011427,269495,313460,Rejected,0
2,Graduate,Yes,357237,3397157,60,817,1560328,874425,42277,241524,Rejected,0
1,Not Graduate,Yes,1177736,4748969,60,752,492704,368600,476759,280143,Rejected,0
3,Graduate,No,1305869,2683630,48,559,4556462,252763,204471,87677,Rejected,0
1,Graduate,No,2010316,3104263,12,889,1550151,1530452,102463,967028,Approved,2198814
5,Graduate,No,1341737,393702,36,646,1198064,258843,161852,468659,Rejected,0
1,Graduate,No,951052,3063958,60,747,1559920,98087,356489,360635,Rejected,0
3,Not Graduate,Yes,1140173,1521168,36,891,1620181,145361,312024,246264,Approved,1161912
0,Graduate,No,600717,4972987,60,603,866395,306399,518816,497556,Rejected,0
5,Not Graduate,Yes,727062,1667094,48,588,3656267,1777988,434797,742394,Rejected,0
5,Graduate,No,431712,1638206,24,698,2432744,182090,110821,330063,Rejected,0
4,Not Graduate,Yes,2039094,2035555,18,340,2700921,1823000,24352,785231,Rejected,0
2,Graduate,No,1152837,3515570,24,557,900737,1518387,332471,484944,Rejected,0
0,Graduate,No,543774,4759375,36,715,864918,605500,512905,374690,Rejected,0
4,Graduate,No,1044863,1796695,36,527,1377544,57276,252574,757572,Rejected,0
2,Graduate,Yes,1702812,1123489,6,727,2733092,182757,525997,280318,Approved,869063
5,Not Graduate,Yes,1553756,3846135,48,542,2185265,291810,128046,166566,Rejected,0
4,Not Graduate,No,540337,2753619,6,416,837111,2177003,223557,385408,Rejected,0
3,Graduate,No,160579,2328105,24,387,2475113,308220,137180,410001,Rejected,0
5,Graduate,Yes,1118627,4956969,36,627,723521,259204,542661,342352,Rejected,0
4,Graduate,No,552590,2528494,36,416,913247,586789,138371,920016,Rejected,0
2,Graduate,No,1267339,3132093,12,521,1688360,150884,1727887,567823,Rejected,0
0,Graduate,No,1517840,4909269,48,612,623043,489645,195799,369046,Rejected,0
0,Graduate,No,1660531,1123662,48,330,728199,253619,591248,398460,Rejected,0
2,Graduate,No,2349604,4523426,36,552,4804516,4910816,197949,423226,Rejected,0
3,Not Graduate,No,1776483,4804936,60,487,4179387,229208,935200,578074,Rejected,0
0,Graduate,Yes,2355826,2406404,24,488,8354097,2578731,905390,414983,Rejected,0
0,Graduate,No,1921532,1747834,18,846,2103063,189704,227826,359007,Approved,1433609
4,Graduate,No,2015887,895925,12,855,2432789,625135,378902,157200,Approved,881068
4,Graduate,Yes,879996,334566,48,480,1335421,764999,885938,243376,Rejected,0
0,Graduate,No,442865,4922015,18,829,1153307,564030,388566,485590,Rejected,0
3,Graduate,No,3525027,2213673,60,434,2884645,535365,137162,456262,Rejected,0
0,Graduate,No,931707,3372928,36,508,4165965,1039865,318410,141420,Rejected,0
4,Not Graduate,No,1769026,1279213,48,865,2705956,712921,158823,269919,Approved,1063611
5,Not Graduate,No,664971,1685996,24,361,798999,431661,341084,208646,Rejected,0
5,Not Graduate,No,1529280,4112433,48,529,2012108,281840,153612,1039722,Rejected,0
3,Not Graduate,Yes,234549,3316160,24,783,841855,434296,411853,476877,Rejected,0
3,Graduate,No,718130,1177783,36,865,1175966,429763,65583,540615,Approved,1164529
5,Graduate,No,852581,126765,48,870,5117342,422635,115596,381748,Approved,125659
3,Graduate,Yes,1160759,4117285,18,829,610046,533457,152863,258020,Approved,3392983
2,Not Graduate,Yes,1622962,492407,60,879,7629235,150910,261805,292849,Approved,365679
4,Not Graduate,No,493053,277238,48,582,2265093,208756,82973,564743,Rejected,0
3,Graduate,No,1293850,1571356,48,494,1057471,1013957,141577,333418,Rejected,0
5,Graduate,No,1767041,4652871,18,531,1578740,73829,581253,568855,Rejected,0
3,Graduate,No,3270330,3258214,12,372,897396,1383104,643147,442104,Rejected,0
5,Graduate,No,1327483,306748,12,382,995291,310917,34820,491935,Rejected,0
0,Not Graduate,No,699011,4593651,36,885,1584766,2066598,182190,509818,Approved,3945579
0,Graduate,Yes,447163,4698846,18,414,1172073,1417842,886599,276761,Rejected,0
0,Graduate,Yes,2461327,3514278,60,670,745082,378539,416512,321765,Rejected,0
3,Graduate,No,1350098,461087,60,439,1270496,413414,424125,755710,Rejected,0
4,Graduate,No,889188,170017,6,699,559621,1936969,484592,1436431,Approved,145557
1,Graduate,No,369258,4375660,48,582,577876,1475655,132780,760563,Rejected,0
0,Not Graduate,No,539285,4130641,24,363,573455,1143029,359858,56782,Rejected,0
5,Graduate,No,1273623,4173527,24,523,5253836,1322357,447983,235301,Rejected,0
4,Graduate,No,1093351,2484545,18,739,2033347,198386,328587,433446,Rejected,0
3,Graduate,No,308559,3012677,48,781,2345170,595327,214690,185436,Rejected,0
2,Graduate,Yes,1274529,948713,60,474,1512722,259768,287985,179451,Rejected,0
2,Graduate,No,379842,276331,6,478,2192794,194098,113825,298378,Rejected,0
0,Graduate,No,1895238,1183599,24,738,3623171,574737,505635,509378,Approved,1071412
1,Graduate,No,1009389,3143600,24,555,2036698,351722,88566,616304,Rejected,0
5,Graduate,No,697507,2069886,36,342,5133115,434109,149899,309303,Rejected,0
2,Not Graduate,No,1551503,3127448,12,373,1458744,326875,535553,293119,Rejected,0
4,Not Graduate,Yes,1093151,2259536,48,524,2350550,172139,383945,221603,Rejected,0
4,Not Graduate,No,1865165,2830268,60,463,2543332,2115153,198791,570454,Rejected,0
1,Graduate,Yes,940730,4761748,24,371,745598,570812,69979,544238,Rejected,0
1,Not Graduate,No,971407,3194475,60,770,1548863,146752,288464,754757,Rejected,0
4,Not Graduate,No,769320,4774697,36,575,376966,583639,175587,438032,Rejected,0
0,Graduate,Yes,1040053,4843727,36,724,1360781,1822181,451302,159752,Rejected,0
2,Graduate,No,2289910,3126462,48,301,1216681,1129496,193379,313325,Rejected,0
5,Graduate,Yes,682576,4977986,36,541,1163292,321724,67743,728734,Rejected,0
4,Not Graduate,No,1285329,1320210,36,587,1104983,328359,92537,118703,Rejected,0
4,Graduate,No,554547,2650429,24,647,2202176,221649,208687,376940,Rejected,0
0,Graduate,No,288788,465784,48,881,771894,266052,329058,488368,Approved,402312
1,Not Graduate,No,1008780,549823,18,575,6052418,285104,111551,1626272,Rejected,0
1,Graduate,Yes,1103363,748936,18,594,2295788,143535,157444,262614,Rejected,0
1,Not Graduate,No,847141,756448,36,838,821389,342827,588387,367341,Approved,613049
1,Not Graduate,No,395283,2110019,24,539,2437267,669807,770454,1303471,Rejected,0
5,Not Graduate,No,1063968,3629720,18,537,3163265,351676,379616,264976,Rejected,0
0,Not Graduate,No,1041969,4930962,18,396,1978429,601459,235451,848745,Rejected,0
4,Graduate,No,552010,4911622,60,733,705471,1984756,176899,526540,Rejected,0
3,Graduate,No,427509,975526,36,311,8031974,2380161,474434,342666,Rejected,0
3,Not Graduate,No,783351,2236671,24,431,2423156,471949,229263,548725,Rejected,0
1,Not Graduate,No,1288850,2213791,48,551,588476,1056549,655823,360758,Rejected,0
1,Graduate,Yes,1131789,580389,48,560,1754706,433963,685785,1942895,Rejected,0
3,Graduate,Yes,554427,294572,12,323,1271538,330272,425110,94215,Rejected,0
1,Graduate,No,970395,1829918,36,618,1507248,193506,196528,328238,Rejected,0
4,Graduate,No,1466031,4297050,24,884,612735,538199,209863,335042,Approved,3330807
0,Graduate,Yes,472212,1986550,36,362,1562380,1256811,74190,364188,Rejected,0
0,Not Graduate,Yes,931811,1978723,48,596,804146,169246,286869,852149,Rejected,0
4,Not Graduate,No,1880320,4983318,6,653,1154088,391732,279400,292522,Rejected,0
3,Not Graduate,No,446385,1949296,36,494,2005810,375992,93027,564473,Rejected,0
0,Graduate,No,1699236,3464259,24,645,1049161,616745,2237945,470357,Rejected,0
5,Graduate,No,2192829,4908750,36,504,1206410,625130,481349,719386,Rejected,0
0,Graduate,Yes,796464,677543,12,395,2774967,789388,146849,363376,Rejected,0
5,Graduate,No,745265,2602554,48,805,770294,2507504,1719598,501202,Approved,2462238
4,Graduate,No,1588581,1751676,36,900,922332,238576,196791,366888,Approved,1462090
5,Graduate,Yes,812425,681890,18,531,585390,227687,607633,200583,Rejected,0
5,Graduate,No,246701,337937,48,355,809222,617000,323200,1225115,Rejected,0
1,Graduate,No,852402,3274307,6,398,1652531,1718871,202611,234613,Rejected,0
4,Graduate,No,1165747,3299997,36,838,2423137,144256,225289,286152,Approved,2442044
1,Graduate,No,1352136,2853566,36,829,819419,662668,1017330,219574,Approved,2080535
2,Graduate,No,554490,3396423,6,595,2369844,421353,631803,530001,Rejected,0
1,Graduate,No,775885,3622646,18,823,1623163,1033548,270356,286218,Rejected,0
2,Graduate,Yes,1540240,381734,12,433,531800,852838,52510,1155322,Rejected,0
5,Graduate,No,870785,266725,48,540,1709815,521051,388598,581279,Rejected,0
2,Graduate,Yes,388226,1744048,48,367,3673824,756727,103988,329532,Rejected,0
0,Not Graduate,No,1777736,2885731,12,627,362897,285737,474180,211588,Rejected,0
1,Graduate,No,800018,4523908,12,720,6748830,987127,163504,370173,Rejected,0
4,Not Graduate,No,1640186,4901202,60,877,948927,1624821,178711,575642,Approved,3772390
3,Graduate,Yes,417754,4151399,18,753,435455,544433,174410,387356,Rejected,0
3,Not Graduate,No,842061,1527322,24,699,1664097,353488,714241,362570,Rejected,0
2,Not Graduate,No,1191239,2913642,36,704,2797652,441964,66850,195808,Rejected,0
1,Graduate,No,857881,668605,12,678,1215481,978341,561651,1923050,Rejected,0
3,Not Graduate,No,469534,2474654,60,552,1894897,482520,401312,347473,Rejected,0
3,Graduate,Yes,242173,584128,6,600,7354171,180352,282038,152826,Rejected,0
5,Graduate,No,2080140,4964975,48,403,1750157,1123155,204986,188469,Rejected,0
3,Graduate,No,1031548,2310258,24,312,14045904,216848,453635,314377,Rejected,0
5,Graduate,No,1709806,3638758,18,774,3872646,717253,206389,1560572,Approved,2556779
4,Not Graduate,Yes,1499914,609928,24,598,1559112,102330,204808,355023,Rejected,0
0,Not Graduate,No,1249702,4767913,60,823,1866599,548143,316706,307693,Approved,3471731
2,Graduate,No,754201,2667955,36,373,1180442,471801,1294105,722523,Rejected,0
2,Not Graduate,No,1178228,450767,12,535,1808773,93935,82917,760399,Rejected,0
0,Graduate,Yes,1978887,1905955,60,454,2285611,663481,459152,634493,Rejected,0
1,Graduate,No,942043,1139540,12,805,1107774,196066,265654,460070,Approved,809704
4,Not Graduate,Yes,2561454,437839,12,526,532851,537349,248707,184644,Rejected,0
2,Graduate,No,394537,252444,6,681,4040725,352353,81929,236454,Rejected,0
0,Graduate,No,371889,3590454,48,350,3112969,142044,67449,131343,Rejected,0
1,Not Graduate,Yes,1549730,4352797,18,616,518222,205561,400504,341959,Rejected,0
1,Graduate,No,573688,3334210,18,565,1705244,220031,101987,297140,Rejected,0
1,Graduate,No,2768968,3501734,60,666,3240636,1152466,711729,276318,Rejected,0
0,Graduate,No,1877943,282895,36,651,2998948,1017446,126508,486360,Rejected,0
4,Not Graduate,No,2155028,970493,24,364,891355,3229021,479198,252505,Rejected,0
4,Graduate,No,1463864,268123,36,330,3133193,323602,183853,315178,Rejected,0
2,Graduate,No,542140,4873534,18,375,1517081,314868,176511,284585,Rejected,0
3,Not Graduate,No,361317,3715148,36,430,2007666,560736,137966,391181,Rejected,0
5,Graduate,No,2048385,4783407,24,736,752651,369678,434883,516312,Rejected,0
5,Graduate,No,394505,4534521,36,461,61588,304731,551156,156068,Rejected,0
0,Not Graduate,No,2151847,1200529,48,882,837335,523674,229426,549339,Approved,968542
5,Not Graduate,No,1300733,2606243,24,352,2243188,909300,495867,481276,Rejected,0
0,Graduate,Yes,863035,3270348,12,605,1285813,83037,303232,536198,Rejected,0
0,Not Graduate,No,1147707,3733606,24,730,2442710,307427,96514,439100,Rejected,0
2,Not Graduate,Yes,1162473,3373704,48,332,3438644,151750,413863,515202,Rejected,0
4,Graduate,No,805183,2320519,48,608,1170668,438716,232369,299016,Rejected,0
0,Not Graduate,No,1971446,119682,48,340,1087361,722230,32513,545565,Rejected,0
1,Not Graduate,Yes,1934618,4700509,60,774,290929,1292080,215213,891282,Rejected,0
1,Graduate,No,980446,3475021,48,580,469874,345822,71116,282788,Rejected,0
2,Graduate,Yes,647033,4197590,60,819,549096,547269,105317,290063,Rejected,0
5,Not Graduate,No,1845803,1184567,36,695,2277195,119678,242784,621924,Rejected,0
1,Not Graduate,No,295890,621750,18,490,1179472,240618,281420,271418,Rejected,0
1,Graduate,No,1148872,4516462,36,393,1004801,596261,147523,241773,Rejected,0
0,Not Graduate,No,1351758,4048702,18,395,922107,157503,469650,537530,Rejected,0
1,Not Graduate,Yes,570664,4208685,12,319,836298,1430914,272173,295934,Rejected,0
0,Not Graduate,No,1537598,2257799,24,480,2998346,780236,209223,940759,Rejected,0
3,Not Graduate,No,887033,4535939,24,738,1608778,231763,311275,288622,Rejected,0
2,Graduate,Yes,666646,1198507,48,513,3154911,141850,835544,225447,Rejected,0
2,Graduate,No,1528692,3812015,24,387,289507,271295,48232,398662,Rejected,0
4,Graduate,Yes,495352,2522620,6,348,2236731,232801,905401,542542,Rejected,0
3,Graduate,No,1451643,908036,60,563,1043542,177711,177618,500540,Rejected,0
0,Graduate,Yes,302507,3615375,36,426,1214534,151233,154733,583301,Rejected,0
2,Not Graduate,No,1053141,1866716,18,741,4137471,411072,213137,271580,Approved,1463436
1,Not Graduate,Yes,921967,877925,24,502,1119719,931718,141187,885639,Rejected,0
4,Graduate,Yes,668852,3573764,12,375,2169263,273196,123899,125552,Rejected,0
1,Not Graduate,No,1115088,3881859,60,463,699077,729792,616208,231566,Rejected,0
0,Graduate,No,861462,1684293,18,566,1541179,378428,343613,410888,Rejected,0
4,Graduate,Yes,1607567,4837535,60,322,454767,841409,58777,245545,Rejected,0
2,Graduate,No,1224733,3579162,24,366,1436891,256237,532071,322040,Rejected,0
0,Graduate,No,1154447,209735,48,877,2002751,634889,470106,201201,Approved,206761
4,Graduate,No,1056713,1747178,6,508,3439224,553754,84935,345763,Rejected,0
1,Not Graduate,Yes,694161,4874391,36,749,812243,1591735,349674,553144,Rejected,0
5,Graduate,No,762348,970874,24,848,1008780,803952,508351,274947,Approved,726800
4,Graduate,No,1031649,4772353,24,368,925310,621549,76718,216196,Rejected,0
2,Graduate,No,818151,2639003,60,712,1239809,143338,382327,289693,Rejected,0
3,Graduate,No,1658541,3408683,48,800,727992,319944,169009,866249,Approved,3404298
3,Not Graduate,No,947467,3462516,24,313,297468,253223,475632,861234,Rejected,0
3,Not Graduate,No,1106743,2607290,48,486,686212,248572,135664,286228,Rejected,0
0,Graduate,No,416097,2634259,12,380,1445917,506634,727555,570929,Rejected,0
1,Graduate,No,1511974,2879900,60,319,1342307,613577,243905,394899,Rejected,0
1,Graduate,No,653766,3245150,24,476,2269489,634323,177882,982695,Rejected,0
4,Not Graduate,No,507215,3714264,18,409,2821054,1460940,162331,457401,Rejected,0
0,Graduate,No,2225634,2246450,24,838,1070688,754175,630617,347365,Approved,1844225
3,Graduate,No,1320924,2234847,18,442,456649,176079,162243,1225836,Rejected,0
4,Graduate,No,1540400,3913824,60,748,2029683,593934,738899,209517,Rejected,0
5,Graduate,Yes,1155592,3809953,24,330,1489005,821662,359671,500150,Rejected,0
1,Graduate,Yes,855052,3284836,12,671,1235694,1461866,92389,1040769,Rejected,0
0,Graduate,Yes,771713,2359267,48,717,3746357,438581,306698,637642,Rejected,0
4,Graduate,Yes,1381473,2915573,18,391,2103024,442221,312190,234505,Rejected,0
0,Graduate,No,1677870,2897656,12,559,1644834,1250965,89869,225833,Rejected,0
0,Graduate,Yes,866874,2233321,36,858,1696179,581961,302119,149235,Approved,2014079
5,Graduate,Yes,2813806,974764,6,669,2836993,128504,475628,1129477,Rejected,0
5,Graduate,No,807441,2725065,48,785,894313,107090,782671,180990,Rejected,0
4,Not Graduate,Yes,418087,2270162,36,555,775149,2390525,754057,659080,Rejected,0
5,Not Graduate,Yes,349169,349947,18,443,1258429,116506,2285775,147364,Rejected,0
0,Graduate,Yes,355711,4781838,36,582,620030,433754,300149,2395694,Rejected,0
0,Not Graduate,Yes,716801,3366927,24,542,1449764,1059188,480349,155157,Rejected,0
1,Not Graduate,No,792177,657571,36,890,1613133,111574,179196,412085,Approved,523721
0,Not Graduate,No,1310055,1101617,36,557,1424561,199394,1488282,934402,Rejected,0
5,Graduate,No,885950,2899663,48,677,1143852,173275,140680,244524,Rejected,0
0,Graduate,No,1431172,4314730,36,653,5182165,2311300,1432438,593540,Rejected,0
3,Graduate,No,922499,2478148,48,523,3037276,2779535,1284442,328384,Rejected,0
5,Not Graduate,No,906718,4080485,12,525,1394604,267886,153949,524895,Rejected,0
4,Graduate,No,655083,728033,60,807,1608394,818261,723905,852355,Approved,645980
1,Graduate,No,1968089,2686978,18,426,4211098,649668,442307,296369,Rejected,0
2,Graduate,No,387641,4154105,48,549,967586,393836,211367,1140591,Rejected,0
3,Graduate,No,1062219,4250943,36,700,727069,125443,267293,511918,Rejected,0
4,Graduate,No,814429,1276882,12,334,1778265,3554439,375943,1564608,Rejected,0
2,Graduate,Yes,1383483,3386936,24,707,2046016,106804,407616,223431,Rejected,0
1,Graduate,No,889748,294444,60,800,2163753,598782,1068323,255191,Approved,267446
4,Not Graduate,Yes,904289,792174,48,565,2790716,288343,487517,339977,Rejected,0
5,Graduate,No,777235,4510977,48,650,865916,1177867,155928,171162,Rejected,0
2,Graduate,No,1936594,3729787,24,592,521591,1026246,564454,764776,Rejected,0
0,Not Graduate,No,901192,1114052,36,700,967577,217591,67916,379319,Rejected,0
3,Graduate,Yes,2658993,4979452,18,330,2320647,255443,215980,179321,Rejected,0
5,Not Graduate,No,1045375,4964076,36,671,751295,133885,234396,224867,Rejected,0
5,Not Graduate,No,910836,300788,24,574,351723,590039,524975,217563,Rejected,0
2,Graduate,No,830863,225770,48,321,1671409,914936,1351494,763586,Rejected,0
0,Graduate,No,1227495,1300105,48,781,980348,343502,360980,550864,Rejected,0
3,Graduate,No,651175,3990476,24,391,410717,406070,220660,364552,Rejected,0
4,Graduate,No,975113,3028930,36,655,1586140,2530767,165711,309747,Rejected,0
5,Graduate,No,904037,2611771,24,810,1122727,1108109,610066,338442,Approved,2107868
0,Graduate,No,1076296,2134453,18,853,5272223,1572164,254213,1391648,Approved,1963000
1,Graduate,Yes,1091067,2450299,18,677,1603354,74356,195598,339588,Rejected,0
2,Graduate,Yes,1122700,3224026,24,730,2328044,796097,673425,729054,Rejected,0
0,Graduate,Yes,948226,412491,18,651,1480741,619105,810512,317649,Rejected,0
5,Graduate,No,2133062,2973381,36,767,958216,172504,132731,1298822,Approved,2643382
0,Graduate,No,1135476,1182091,48,886,1040556,205880,84073,170380,Approved,860102
3,Not Graduate,No,3773232,3961149,36,575,3374287,415274,276073,703724,Rejected,0
5,Graduate,No,925018,1057479,60,548,2628220,159798,113816,235071,Rejected,0
4,Graduate,No,1525072,447424,60,404,491150,253589,101320,1883286,Rejected,0
4,Graduate,Yes,603694,2230202,12,888,588023,337732,123869,651715,Approved,1769977
1,Graduate,Yes,1944634,2259019,36,848,613030,814113,730210,121366,Approved,2071461
4,Graduate,No,610964,2640918,60,724,3321910,274190,521448,208396,Rejected,0
2,Not Graduate,No,1156470,4314264,18,696,409399,341879,2422704,646176,Rejected,0
0,Graduate,No,778182,3529255,24,423,2705620,1194273,173836,633918,Rejected,0
2,Graduate,Yes,1154011,1877533,60,846,2022295,111607,929032,601636,Approved,1759014
2,Graduate,No,790967,3660422,48,334,1674601,606559,456371,446337,Rejected,0
3,Not Graduate,No,583069,2568565,48,671,1052028,696175,186952,319967,Rejected,0
1,Graduate,No,775121,1196428,60,452,3658041,712594,264835,855929,Rejected,0
2,Graduate,Yes,2101200,205735,18,573,1633241,326509,186199,218450,Rejected,0
2,Not Graduate,No,1163743,119587,36,357,507788,202244,373791,415245,Rejected,0
1,Not Graduate,No,442981,1198452,48,380,604698,1819279,694005,259139,Rejected,0
4,Graduate,No,1643947,4113506,18,526,436877,241432,219312,245064,Rejected,0
1,Not Graduate,No,551180,2371910,6,539,3690330,193472,617025,290082,Rejected,0
4,Not Graduate,No,1354574,2313598,18,829,4365167,508660,883886,239076,Approved,1976991
1,Graduate,No,1220036,2054944,48,659,3387772,266761,1068074,587728,Rejected,0
5,Not Graduate,No,1263152,1354251,36,318,1347317,1221447,110695,142336,Rejected,0
2,Graduate,No,2494014,3601809,60,859,514624,399099,287725,540869,Approved,2535001
0,Graduate,Yes,570574,162550,24,666,680421,1363773,548288,256590,Rejected,0
0,Graduate,Yes,1259326,3098212,36,798,714487,732209,119111,408600,Rejected,0
4,Not Graduate,No,1799328,4690895,6,855,1449466,359469,98558,355908,Approved,4554569
5,Graduate,Yes,631790,4413385,60,608,4246296,1288872,293340,282029,Rejected,0
1,Graduate,Yes,597187,1909618,36,407,4233815,287550,211191,935098,Rejected,0
3,Graduate,No,768501,4288377,48,569,1039992,380881,259120,308539,Rejected,0
3,Graduate,No,1075992,1264374,24,712,280283,783988,200966,654529,Rejected,0
0,Not Graduate,Yes,414318,1281977,12,319,625141,606218,1881246,660459,Rejected,0
2,Not Graduate,No,1218853,1783061,12,868,3657997,282019,202630,330516,Approved,1708239
4,Graduate,No,414794,186429,48,511,1784586,135465,493522,165826,Rejected,0
5,Not Graduate,No,1833032,1401475,18,696,1148814,492139,466188,215716,Rejected,0
5,Not Graduate,No,1193883,4286907,48,889,1090287,269497,71399,979090,Approved,3742321
0,Graduate,No,2577620,3835648,24,820,854129,512760,1043133,564675,Approved,2993366
1,Graduate,Yes,1300138,1712692,36,745,608131,349597,510664,440832,Approved,1301592
2,Graduate,No,761109,1630986,24,479,7095868,271694,342815,268955,Rejected,0
0,Graduate,Yes,580055,1800837,12,615,5442985,398089,737009,1344449,Rejected,0
3,Graduate,No,1026371,682936,36,601,809827,469748,288060,217846,Rejected,0
0,Graduate,Yes,885150,876134,24,818,402549,902678,634872,441095,Approved,780739
0,Not Graduate,Yes,1728089,4964392,24,323,1702723,716457,60885,568345,Rejected,0
0,Graduate,Yes,540046,3495736,36,313,1342944,2965698,601051,160368,Rejected,0
1,Not Graduate,No,2735011,3419984,24,371,2402649,563873,350679,235222,Rejected,0
4,Not Graduate,Yes,1814422,1472533,36,875,2847440,282200,355370,290378,Approved,1247695
1,Graduate,Yes,804690,4294202,36,624,623720,434092,146619,731284,Rejected,0
5,Graduate,Yes,2419210,966041,12,720,3918185,810526,249081,294411,Rejected,0
1,Not Graduate,No,585037,4846548,24,356,1150957,1173235,242956,146369,Rejected,0
0,Not Graduate,No,1007744,2566615,12,308,2366466,1563774,113924,136847,Rejected,0
2,Graduate,No,446007,1720960,6,690,1232896,210641,406807,233823,Rejected,0
4,Graduate,No,2484950,3777038,12,724,2996164,1485016,1142511,140948,Rejected,0
0,Graduate,No,363701,2144307,36,556,255060,480819,89630,685066,Rejected,0
0,Not Graduate,No,407545,1421033,12,349,2609648,227398,455088,704123,Rejected,0
5,Not Graduate,Yes,634795,3449767,60,594,803744,420480,209854,401980,Rejected,0
3,Graduate,No,1862496,3637991,48,684,1584967,1399332,190235,332714,Rejected,0
2,Graduate,No,1521664,3055998,6,428,3815197,737519,319684,672218,Rejected,0
4,Graduate,Yes,962489,2363678,36,480,821275,178461,323829,653009,Rejected,0
5,Not Graduate,No,1576250,1711129,6,748,730121,179603,350991,200495,Rejected,0
2,Not Graduate,Yes,844646,2078486,12,427,1134828,175415,114726,220855,Rejected,0
3,Not Graduate,No,1135389,4384439,60,359,1082380,268487,757647,655924,Rejected,0
0,Graduate,No,2232426,1861652,36,677,682388,534024,321420,483404,Rejected,0
1,Graduate,No,785841,4839234,6,313,1624449,191973,496972,612304,Rejected,0
3,Graduate,No,590453,813346,60,560,1688926,347419,842346,213945,Rejected,0
1,Graduate,No,1165726,897334,60,642,2122737,1646387,58606,236347,Rejected,0
5,Graduate,No,1352278,1729905,36,338,811223,1977809,512691,553458,Rejected,0
5,Not Graduate,Yes,956366,114590,48,692,738941,1867789,260924,248165,Approved,85359
1,Graduate,No,1562831,4408333,48,794,1372340,108738,713246,138035,Rejected,0
2,Graduate,No,805693,1767933,48,885,1248173,2074078,151813,250810,Approved,1466876
1,Not Graduate,No,965402,600618,36,459,1266283,540530,664362,346495,Rejected,0
3,Not Graduate,No,1105896,3130891,48,496,882535,534260,122367,1316075,Rejected,0
0,Graduate,Yes,1054101,4795671,36,671,1921287,1198919,422278,222417,Rejected,0
2,Not Graduate,Yes,2185706,4969342,24,660,739786,909185,381993,383095,Rejected,0
3,Graduate,Yes,1102847,626733,6,666,1368662,102128,262874,1671562,Rejected,0
3,Graduate,Yes,761468,3985186,24,489,1192067,297083,124775,186062,Rejected,0
3,Graduate,No,1203254,1873955,12,333,1462828,366299,219289,635116,Rejected,0
1,Not Graduate,No,1567540,4197524,12,314,3648870,161399,657352,243175,Rejected,0
4,Graduate,No,1377774,3070900,36,899,559669,1167000,1062511,529880,Approved,2695053
4,Graduate,No,1336406,3685501,60,544,249567,1698835,1579429,2050244,Rejected,0
4,Graduate,No,394835,4205423,12,569,960618,495531,469448,696139,Rejected,0
2,Graduate,No,228495,4487288,24,676,632538,644459,371480,444863,Rejected,0
5,Not Graduate,No,1814908,803555,48,423,156626,495228,439381,205548,Rejected,0
2,Graduate,No,1145695,3646766,24,529,5557943,543967,1545378,353778,Rejected,0
4,Graduate,No,889382,791401,48,562,2282446,1292893,466992,269270,Rejected,0
1,Graduate,No,1318522,4725224,36,357,2473992,111490,323082,144905,Rejected,0
1,Graduate,No,2597787,3179053,36,662,1210900,755814,237407,90127,Rejected,0
3,Graduate,Yes,1958310,1044011,18,416,2056649,505063,261899,223662,Rejected,0
3,Graduate,No,1527849,1534458,24,301,1092518,272641,416640,391264,Rejected,0
4,Graduate,No,552634,4488873,36,673,2762693,325955,158390,875668,Rejected,0
1,Graduate,No,593573,3258060,6,480,1728518,2373505,176145,238587,Rejected,0
5,Not Graduate,No,242226,1223404,18,731,1459467,161779,284159,457417,Rejected,0
1,Not Graduate,No,1275160,4120858,24,622,1544440,433258,204313,121587,Rejected,0
3,Graduate,No,1655966,3619742,36,317,4502137,1997540,498098,228419,Rejected,0
5,Graduate,No,1731932,476665,36,717,1700570,169864,531987,72120,Approved,443349
3,Graduate,No,1304900,1488050,48,324,692989,339294,374998,1910942,Rejected,0
4,Graduate,No,826879,4238022,48,488,1930170,518309,454952,459463,Rejected,0
5,Graduate,Yes,659870,1819075,6,712,2164622,710074,331536,449418,Rejected,0
5,Not Graduate,No,571603,284168,60,542,1345725,467006,11946,581795,Rejected,0
2,Not Graduate,No,822634,3059052,48,531,1442515,233586,142493,2354573,Rejected,0
2,Graduate,Yes,525626,4504249,24,432,674221,731356,547316,294940,Rejected,0
1,Not Graduate,No,2364140,2826524,36,566,1613284,459021,147052,201325,Rejected,0
3,Graduate,Yes,439699,4880529,24,476,603267,852523,620724,1622286,Rejected,0
5,Graduate,Yes,807558,659188,60,868,1242821,1096357,651102,168991,Approved,656354
2,Graduate,No,310280,3370531,24,713,907985,141359,239395,992427,Rejected,0
2,Graduate,Yes,1059444,3283698,24,846,3135049,1203234,181602,379855,Approved,2545910
0,Not Graduate,No,898821,4922851,60,502,4796673,402693,302456,541752,Rejected,0
2,Graduate,No,739637,2653629,36,870,635859,1008316,288984,146316,Approved,2430366
1,Graduate,No,538811,4127760,12,468,1494811,760822,511187,2457668,Rejected,0
5,Graduate,Yes,901219,812510,36,485,1188504,2417715,41011,306097,Rejected,0
3,Not Graduate,No,667101,317390,48,479,2125047,502665,160746,244819,Rejected,0
0,Graduate,Yes,834738,3610734,24,654,1612275,354884,126880,587176,Rejected,0
0,Graduate,No,2641181,118673,36,668,1121799,323302,35277,254675,Rejected,0
5,Graduate,No,989394,4386683,36,339,1609266,207074,196998,538392,Rejected,0
5,Not Graduate,No,1206491,201912,36,637,1276953,993759,83858,165468,Approved,196260
4,Graduate,No,697107,3473764,60,872,4939757,196056,215815,442921,Approved,2589273
0,Graduate,No,584616,2314344,36,544,827150,986375,198148,262237,Rejected,0
0,Not Graduate,Yes,888707,3262727,36,720,1819533,413491,441049,231168,Rejected,0
1,Graduate,No,3567264,3154575,48,680,2198313,111706,242534,206962,Rejected,0
4,Graduate,No,768399,2276985,12,888,2084071,1771601,71239,743649,Approved,1744319
4,Graduate,No,1097934,2459212,6,686,1199672,28365,402760,312995,Rejected,0
5,Graduate,Yes,570650,2566508,60,582,4185686,466432,2346520,351688,Rejected,0
0,Graduate,Yes,197748,3417939,48,307,313111,610009,748148,539375,Rejected,0
0,Graduate,No,582884,3580312,24,783,660349,70419,534394,888536,Rejected,0
5,Graduate,Yes,3333523,2303053,6,503,2467345,727543,254079,209597,Rejected,0
5,Graduate,No,1248701,1827263,18,855,775214,282955,197653,466806,Approved,1701846
4,Graduate,No,2219202,308562,6,446,741992,404789,186334,211602,Rejected,0
0,Not Graduate,No,743336,3918170,24,562,1056613,1565823,368090,345677,Rejected,0
0,Graduate,No,246198,1208217,36,798,832129,564489,114233,843049,Approved,1021751
0,Graduate,Yes,489119,2227564,18,391,2418825,371159,361795,77419,Rejected,0
4,Graduate,No,1119635,4963859,36,465,2955798,432558,170663,209652,Rejected,0
5,Not Graduate,No,1025651,3945608,60,775,1602719,2262659,69859,340201,Rejected,0
3,Graduate,Yes,894855,1794733,60,490,3308301,705234,168629,522122,Rejected,0
1,Graduate,No,672336,2427135,48,875,530274,235900,868963,939447,Approved,1714290
4,Graduate,No,1509054,1691352,24,623,1587850,330147,337445,121920,Rejected,0
0,Graduate,Yes,683109,3168295,36,795,4122378,181825,14646,1077394,Approved,2761908
4,Not Graduate,No,1066027,848681,36,628,3120855,340582,169220,575949,Rejected,0
5,Not Graduate,Yes,1002072,4767954,18,327,4404760,1961211,646487,337993,Rejected,0
4,Not Graduate,No,734888,4937005,60,787,963610,434078,232798,143042,Rejected,0
5,Graduate,No,554287,1562937,36,552,2984277,160476,468252,267939,Rejected,0
3,Graduate,No,711491,1229250,36,533,1089134,721186,214387,819832,Rejected,0
2,Graduate,No,2522200,2742300,18,742,2343932,358137,350770,407468,Rejected,0
1,Not Graduate,Yes,1659449,3269450,18,468,4009324,805777,309137,352447,Rejected,0
5,Not Graduate,No,1577519,3253679,60,557,826888,406901,173257,202639,Rejected,0
4,Not Graduate,Yes,583964,306032,18,665,372933,1708016,487622,668951,Rejected,0
1,Graduate,No,408163,3584039,12,656,5996279,230571,1102781,360203,Rejected,0
5,Not Graduate,Yes,1644952,425714,36,737,2163139,185716,416019,338942,Approved,369413
0,Graduate,Yes,1480325,1775656,48,349,1384246,1109393,327717,374204,Rejected,0
3,Not Graduate,Yes,970568,3612084,12,896,1328379,91066,146508,254625,Approved,3246428
1,Graduate,Yes,734065,4446708,18,665,311399,432017,665982,226050,Rejected,0
3,Graduate,Yes,402311,3212324,48,671,1754201,987454,194297,138075,Rejected,0
2,Graduate,Yes,1450212,882670,60,830,1007570,77430,483169,259261,Approved,747951
2,Not Graduate,No,1728085,3432796,36,594,1560211,528242,573195,113449,Rejected,0
4,Graduate,No,619488,281513,48,318,1534470,140197,694481,561974,Rejected,0
4,Graduate,Yes,591679,1231755,24,379,119093,104219,705559,250666,Rejected,0
2,Graduate,No,1781086,706326,48,869,2166123,202059,684198,303947,Approved,539792
5,Graduate,No,632303,4925956,36,893,1728393,427829,103130,389736,Approved,4710004
2,Not Graduate,No,2394376,1904972,48,350,1911556,274407,144541,228133,Rejected,0
0,Graduate,No,847606,2836038,48,711,1307217,1281280,93427,175732,Rejected,0
0,Graduate,No,727625,3973899,24,697,1556061,536269,88229,467193,Rejected,0
1,Not Graduate,No,922608,4850787,12,399,1707570,329968,1096958,1500827,Rejected,0
4,Graduate,Yes,727597,4977919,48,773,1842572,164217,129767,756392,Rejected,0
3,Graduate,No,1672060,904435,6,576,2142889,604923,115150,979825,Rejected,0
2,Graduate,No,1464970,2030243,36,438,1854355,2877486,286086,161186,Rejected,0
2,Graduate,No,1637381,2084988,36,636,6006017,275098,159127,349828,Rejected,0
5,Graduate,No,996133,4001529,12,843,870188,303958,2051652,348230,Approved,3304247
3,Graduate,No,700224,1744859,36,430,1132298,202958,237786,1087201,Rejected,0
0,Graduate,No,895524,1233254,36,671,5339769,1368076,437983,759943,Rejected,0
0,Not Graduate,Yes,712131,3799867,60,740,1335777,1099447,154529,356584,Rejected,0
2,Not Graduate,Yes,2016307,2526092,18,675,3016790,342160,73043,80609,Rejected,0
2,Not Graduate,No,1561880,3763100,6,690,1660458,300492,161479,177736,Rejected,0
5,Graduate,Yes,855817,1961556,12,736,1264411,224154,162960,622988,Rejected,0
3,Graduate,No,540683,2484065,24,440,3142917,390994,161992,319561,Rejected,0
4,Not Graduate,Yes,2100344,144736,36,361,2212852,1189758,76994,370301,Rejected,0
3,Not Graduate,No,970267,179125,24,894,474714,517963,336785,614622,Approved,156067
2,Graduate,No,837819,101708,12,492,1708447,1493845,225316,883357,Rejected,0
3,Graduate,No,2110550,958508,60,870,711179,271096,80895,231895,Approved,921717
3,Graduate,No,679884,1803383,12,461,3891636,70021,328361,605238,Rejected,0
4,Graduate,No,755202,346301,24,459,5588202,4578576,573455,1235808,Rejected,0
1,Graduate,No,792726,887679,60,314,6116220,600044,830355,1086858,Rejected,0
3,Graduate,No,436279,4250372,36,565,1961286,969088,38342,275860,Rejected,0
1,Not Graduate,No,1070680,4287408,24,867,1061082,256011,161179,491704,Approved,3469779
4,Graduate,Yes,591762,1519880,60,837,1909390,157032,93562,676539,Approved,1183739
4,Graduate,No,657535,4737724,36,483,741316,570290,172313,405682,Rejected,0
3,Graduate,No,610913,677821,6,544,8711023,91989,976576,335973,Rejected,0
5,Not Graduate,No,651649,253860,6,702,3673823,398460,161684,119121,Approved,188494
3,Not Graduate,No,567359,1835444,60,873,1884872,1192221,200336,218309,Approved,1609210
0,Graduate,No,1031081,1397188,24,663,3168480,732020,148275,245853,Rejected,0
3,Graduate,No,826185,478717,48,420,1037353,620965,1194909,165422,Rejected,0
4,Graduate,No,924081,4252518,6,514,653441,2201263,42478,431865,Rejected,0
0,Not Graduate,No,3284528,4896400,12,735,285226,687904,186956,733667,Rejected,0
0,Graduate,No,826199,1424918,60,314,1596411,99072,143742,298272,Rejected,0
1,Not Graduate,Yes,1255283,1643539,60,660,1283190,440495,69462,85530,Rejected,0
5,Graduate,No,1336363,3620086,12,762,2214291,2568631,765606,368192,Rejected,0
3,Graduate,Yes,869418,4672027,18,508,1514779,384363,64790,484567,Rejected,0
5,Graduate,Yes,1046267,1505572,48,623,2140157,2438381,203009,462165,Rejected,0
5,Graduate,Yes,910304,3445371,36,731,2755993,1193572,280580,241450,Rejected,0
3,Graduate,No,1006065,213360,24,657,501741,353330,158460,172082,Approved,166693
4,Graduate,Yes,651847,2873924,18,314,2878127,199574,68694,743928,Rejected,0
1,Not Graduate,Yes,685795,4937074,60,651,1105757,667486,260021,511667,Rejected,0
0,Graduate,Yes,908416,2429935,18,438,2211452,1472229,156997,248291,Rejected,0
2,Not Graduate,No,304249,3243533,24,744,3228880,130682,596533,139859,Rejected,0
3,Graduate,No,2049262,3468163,24,457,3245553,553874,465205,467449,Rejected,0
1,Graduate,No,2953856,3198199,12,887,1652567,88184,1566216,213403,Approved,3145836
1,Not Graduate,No,988400,3462749,36,370,1714844,374636,329397,522878,Rejected,0
0,Not Graduate,Yes,1297770,4444890,24,835,2928233,122497,495044,446728,Approved,3681398
4,Graduate,No,1631045,151553,36,320,486549,806342,221116,1711799,Rejected,0
5,Not Graduate,Yes,434339,4434557,24,710,734754,278372,1285306,378771,Rejected,0
4,Graduate,No,1499591,4548141,12,512,1216554,1338010,302630,1622942,Rejected,0
2,Graduate,No,711840,4529676,60,417,552042,315826,274956,423606,Rejected,0
3,Graduate,No,3172557,1903021,36,431,1223453,292297,474980,250790,Rejected,0
5,Graduate,Yes,811474,2956694,24,323,1174337,126687,173394,191068,Rejected,0
3,Graduate,Yes,1483108,1831038,6,379,1601267,697150,196195,216490,Rejected,0
1,Graduate,No,815880,4217536,36,535,1437352,759677,474690,540136,Rejected,0
2,Not Graduate,No,3012651,2092294,48,394,3345033,1111417,559018,437850,Rejected,0
4,Not Graduate,No,678987,1633734,36,881,2305318,872645,498343,110434,Approved,1510514
2,Not Graduate,No,1708197,3457886,48,796,1422181,703232,280235,816951,Approved,2855228
5,Not Graduate,No,1270375,341893,18,583,1168263,829714,377528,1124731,Rejected,0
5,Graduate,Yes,1124131,1942487,60,357,1447440,904077,678675,109652,Rejected,0
0,Graduate,No,1020807,1110806,18,892,1466780,1081513,118380,812310,Approved,815557
4,Graduate,Yes,623618,1931772,24,735,9919796,136479,300355,1299363,Rejected,0
2,Graduate,No,217036,2298837,36,410,502741,337668,25257,113775,Rejected,0
3,Graduate,No,1625077,410977,6,332,748832,125840,562833,288410,Rejected,0
1,Graduate,No,687824,4336854,24,672,670837,663097,154248,220695,Rejected,0
2,Graduate,No,1712441,2141544,18,324,1835687,1998343,157769,790916,Rejected,0
1,Graduate,Yes,1092068,1858168,48,669,1781971,1071161,270472,299221,Rejected,0
0,Graduate,No,1741559,832444,48,565,975955,298453,507766,290985,Rejected,0
4,Graduate,No,1398892,4979381,36,829,2937484,768323,2291225,537189,Approved,4567424
0,Graduate,No,232017,4292388,24,529,1979230,672638,80134,1191774,Rejected,0
2,Not Graduate,No,1262170,2461218,24,569,3031448,609579,145722,383106,Rejected,0
1,Graduate,No,744992,1739104,48,627,3698975,165135,364368,287709,Rejected,0
0,Not Graduate,Yes,1708124,2390691,36,890,303365,1529159,161752,327805,Approved,1737199
2,Not Graduate,No,1245832,4808251,36,722,2508482,183687,610532,634074,Rejected,0
5,Graduate,No,1253917,1184822,12,702,570022,366089,260123,157511,Approved,1182515
5,Graduate,Yes,774844,3454187,18,486,1808548,1129893,636699,395424,Rejected,0
2,Graduate,No,544823,4527447,24,590,1420193,364018,242880,207483,Rejected,0
3,Graduate,No,709320,3805143,36,416,1466392,534865,476722,172322,Rejected,0
5,Graduate,Yes,334439,4363767,48,535,607744,553506,132983,102533,Rejected,0
1,Not Graduate,Yes,650477,4743981,60,794,3248944,528813,1557116,278933,Rejected,0
5,Not Graduate,No,402263,393976,24,359,569836,551369,70744,851138,Rejected,0
0,Graduate,No,408151,1270780,36,399,2633636,599706,164380,99793,Rejected,0
1,Graduate,Yes,959544,807635,48,652,512501,532778,89699,584857,Rejected,0
2,Graduate,Yes,1207276,2879726,24,779,1480046,233561,592314,253986,Approved,2848710
0,Not Graduate,Yes,884399,2096430,36,886,5805226,133897,474590,190012,Approved,1838899
4,Graduate,Yes,684070,299556,36,652,8817056,1167964,106519,508862,Rejected,0
5,Graduate,No,534494,2832122,18,694,445493,1214175,700174,1001107,Rejected,0
2,Not Graduate,Yes,755922,593717,24,473,884318,666114,165674,1141456,Rejected,0
5,Graduate,Yes,572591,2095835,24,546,1013560,661402,416965,487872,Rejected,0
4,Graduate,Yes,869430,1896276,36,488,8139716,229683,509073,380797,Rejected,0
4,Graduate,No,389768,4478621,24,365,1425069,62917,243628,526132,Rejected,0
4,Graduate,No,1323612,3444259,18,522,3358395,404731,650121,2265018,Rejected,0
3,Graduate,No,658871,3158569,12,430,1878072,99669,265414,325899,Rejected,0
0,Graduate,No,1106919,4175299,48,655,610215,584846,400097,885295,Rejected,0
5,Graduate,No,1466108,984590,60,752,371805,1515062,237645,264226,Approved,847881
3,Not Graduate,No,1077850,1356380,60,888,947097,296157,61301,223637,Approved,990991
5,Graduate,No,1396766,3786409,48,828,8525997,310976,270096,1379801,Approved,3259335
5,Not Graduate,No,288803,3770479,12,491,1819706,212651,142760,400745,Rejected,0
1,Graduate,Yes,686306,204670,12,864,3307675,519165,979665,468090,Approved,189259
2,Not Graduate,No,1650918,1199026,36,866,517774,486075,94088,586591,Approved,1108626
1,Graduate,No,1190908,1212788,36,602,1175330,210260,849840,214136,Rejected,0
0,Not Graduate,No,2487540,129672,48,423,2690153,1086043,257708,294322,Rejected,0
5,Graduate,Yes,2298022,3340424,18,767,661722,4972224,423712,255196,Approved,2946887
5,Graduate,No,1061216,366623,60,367,1429736,1374696,92838,504713,Rejected,0
5,Graduate,No,783528,4222728,24,517,775413,455135,230744,517034,Rejected,0
5,Graduate,Yes,531261,2969237,36,619,2787906,450540,170521,262725,Rejected,0
3,Not Graduate,Yes,692771,3832477,60,819,2022537,323139,1792808,1653916,Approved,3367006
3,Not Graduate,Yes,718998,2536023,36,886,2504287,317526,166974,392407,Approved,2363906
5,Not Graduate,No,649438,4854263,48,791,2882827,1128948,799633,429839,Rejected,0
3,Graduate,No,543108,1425083,48,591,1264541,1171522,809197,1024448,Rejected,0
3,Not Graduate,No,1122442,2834067,48,351,3183206,185028,790104,216809,Rejected,0
1,Not Graduate,No,2288259,132084,48,780,963752,682646,181089,277787,Approved,101422
4,Graduate,No,1503703,4181194,24,814,2398288,1285708,1391231,488489,Approved,3724804
4,Graduate,No,753752,2883251,24,584,342067,371279,1659276,142381,Rejected,0
4,Not Graduate,Yes,1572010,961925,48,632,857013,417717,409866,338745,Rejected,0
2,Graduate,Yes,1089041,4106273,36,810,8519158,903425,201985,1680889,Rejected,0
